EVIDENCE_CLASS=CONTRACT_WITH_TEST_SENDER; official api/v2 factory NOT EXECUTED; vet NOT RUN (Go 1.23 overlay limitation)
{"Time":"2026-09-28T10:41:06.769644543Z","Action":"start","Package":"git.example.com/infra/openbao-sdk-go"}
{"Time":"2026-09-28T10:41:06.769875155Z","Action":"start","Package":"git.example.com/infra/openbao-sdk-go/auth"}
{"Time":"2026-09-28T10:41:06.769916277Z","Action":"start","Package":"git.example.com/infra/openbao-sdk-go/kv"}
{"Time":"2026-09-28T10:41:06.777833215Z","Action":"run","Package":"git.example.com/infra/openbao-sdk-go","Test":"TestNewNoNetwork"}
{"Time":"2026-09-28T10:41:06.777934367Z","Action":"output","Package":"git.example.com/infra/openbao-sdk-go","Test":"TestNewNoNetwork","Output":"=== RUN   TestNewNoNetwork\n"}
{"Time":"2026-09-28T10:41:06.781101672Z","Action":"run","Package":"git.example.com/infra/openbao-sdk-go/auth","Test":"TestStaticTokenSnapshots"}
{"Time":"2026-09-28T10:41:06.781138277Z","Action":"output","Package":"git.example.com/infra/openbao-sdk-go/auth","Test":"TestStaticTokenSnapshots","Output":"=== RUN   TestStaticTokenSnapshots\n"}
{"Time":"2026-09-28T10:41:06.781231988Z","Action":"output","Package":"git.example.com/infra/openbao-sdk-go/auth","Test":"TestStaticTokenSnapshots","Output":"--- PASS: TestStaticTokenSnapshots (0.00s)\n"}
{"Time":"2026-09-28T10:41:06.781238528Z","Action":"pass","Package":"git.example.com/infra/openbao-sdk-go/auth","Test":"TestStaticTokenSnapshots","Elapsed":0}
{"Time":"2026-09-28T10:41:06.781248963Z","Action":"run","Package":"git.example.com/infra/openbao-sdk-go/auth","Test":"TestTokenFileAtomicReplacement"}
{"Time":"2026-09-28T10:41:06.781308383Z","Action":"output","Package":"git.example.com/infra/openbao-sdk-go/auth","Test":"TestTokenFileAtomicReplacement","Output":"=== RUN   TestTokenFileAtomicReplacement\n"}
{"Time":"2026-09-28T10:41:06.782626456Z","Action":"output","Package":"git.example.com/infra/openbao-sdk-go/auth","Test":"TestTokenFileAtomicReplacement","Output":"--- PASS: TestTokenFileAtomicReplacement (0.00s)\n"}
{"Time":"2026-09-28T10:41:06.782682199Z","Action":"pass","Package":"git.example.com/infra/openbao-sdk-go/auth","Test":"TestTokenFileAtomicReplacement","Elapsed":0}
{"Time":"2026-09-28T10:41:06.782686506Z","Action":"run","Package":"git.example.com/infra/openbao-sdk-go/auth","Test":"TestTokenFileValidation"}
{"Time":"2026-09-28T10:41:06.782707808Z","Action":"output","Package":"git.example.com/infra/openbao-sdk-go/auth","Test":"TestTokenFileValidation","Output":"=== RUN   TestTokenFileValidation\n"}
{"Time":"2026-09-28T10:41:06.782942241Z","Action":"output","Package":"git.example.com/infra/openbao-sdk-go","Test":"TestNewNoNetwork","Output":"--- PASS: TestNewNoNetwork (0.01s)\n"}
{"Time":"2026-09-28T10:41:06.782946096Z","Action":"pass","Package":"git.example.com/infra/openbao-sdk-go","Test":"TestNewNoNetwork","Elapsed":0.01}
{"Time":"2026-09-28T10:41:06.782953798Z","Action":"run","Package":"git.example.com/infra/openbao-sdk-go","Test":"TestConfigEnvironmentIgnored"}
{"Time":"2026-09-28T10:41:06.782955711Z","Action":"output","Package":"git.example.com/infra/openbao-sdk-go","Test":"TestConfigEnvironmentIgnored","Output":"=== RUN   TestConfigEnvironmentIgnored\n"}
{"Time":"2026-09-28T10:41:06.784256978Z","Action":"run","Package":"git.example.com/infra/openbao-sdk-go/kv","Test":"TestDocumentExactNumber"}
{"Time":"2026-09-28T10:41:06.784283869Z","Action":"output","Package":"git.example.com/infra/openbao-sdk-go/kv","Test":"TestDocumentExactNumber","Output":"=== RUN   TestDocumentExactNumber\n"}
{"Time":"2026-09-28T10:41:06.784593074Z","Action":"output","Package":"git.example.com/infra/openbao-sdk-go/auth","Test":"TestTokenFileValidation","Output":"--- PASS: TestTokenFileValidation (0.00s)\n"}
{"Time":"2026-09-28T10:41:06.784667886Z","Action":"pass","Package":"git.example.com/infra/openbao-sdk-go/auth","Test":"TestTokenFileValidation","Elapsed":0}
{"Time":"2026-09-28T10:41:06.784671011Z","Action":"run","Package":"git.example.com/infra/openbao-sdk-go/auth","Test":"TestSecretIDGenerationAndUse"}
{"Time":"2026-09-28T10:41:06.784672794Z","Action":"output","Package":"git.example.com/infra/openbao-sdk-go/auth","Test":"TestSecretIDGenerationAndUse","Output":"=== RUN   TestSecretIDGenerationAndUse\n"}
{"Time":"2026-09-28T10:41:06.785502281Z","Action":"output","Package":"git.example.com/infra/openbao-sdk-go/auth","Test":"TestSecretIDGenerationAndUse","Output":"--- PASS: TestSecretIDGenerationAndUse (0.00s)\n"}
{"Time":"2026-09-28T10:41:06.785510484Z","Action":"pass","Package":"git.example.com/infra/openbao-sdk-go/auth","Test":"TestSecretIDGenerationAndUse","Elapsed":0}
{"Time":"2026-09-28T10:41:06.785514199Z","Action":"output","Package":"git.example.com/infra/openbao-sdk-go/auth","Output":"PASS\n"}
{"Time":"2026-09-28T10:41:06.785693489Z","Action":"output","Package":"git.example.com/infra/openbao-sdk-go/kv","Test":"TestDocumentExactNumber","Output":"--- PASS: TestDocumentExactNumber (0.00s)\n"}
{"Time":"2026-09-28T10:41:06.785741311Z","Action":"pass","Package":"git.example.com/infra/openbao-sdk-go/kv","Test":"TestDocumentExactNumber","Elapsed":0}
{"Time":"2026-09-28T10:41:06.785764976Z","Action":"run","Package":"git.example.com/infra/openbao-sdk-go/kv","Test":"TestDocumentIndependentCopy"}
{"Time":"2026-09-28T10:41:06.785766839Z","Action":"output","Package":"git.example.com/infra/openbao-sdk-go/kv","Test":"TestDocumentIndependentCopy","Output":"=== RUN   TestDocumentIndependentCopy\n"}
{"Time":"2026-09-28T10:41:06.78646178Z","Action":"output","Package":"git.example.com/infra/openbao-sdk-go/kv","Test":"TestDocumentIndependentCopy","Output":"--- PASS: TestDocumentIndependentCopy (0.00s)\n"}
{"Time":"2026-09-28T10:41:06.786484313Z","Action":"pass","Package":"git.example.com/infra/openbao-sdk-go/kv","Test":"TestDocumentIndependentCopy","Elapsed":0}
{"Time":"2026-09-28T10:41:06.786490102Z","Action":"run","Package":"git.example.com/infra/openbao-sdk-go/kv","Test":"TestDocumentConstructAndDecode"}
{"Time":"2026-09-28T10:41:06.786493367Z","Action":"output","Package":"git.example.com/infra/openbao-sdk-go/kv","Test":"TestDocumentConstructAndDecode","Output":"=== RUN   TestDocumentConstructAndDecode\n"}
{"Time":"2026-09-28T10:41:06.786498555Z","Action":"output","Package":"git.example.com/infra/openbao-sdk-go/kv","Test":"TestDocumentConstructAndDecode","Output":"--- PASS: TestDocumentConstructAndDecode (0.00s)\n"}
{"Time":"2026-09-28T10:41:06.78650201Z","Action":"pass","Package":"git.example.com/infra/openbao-sdk-go/kv","Test":"TestDocumentConstructAndDecode","Elapsed":0}
{"Time":"2026-09-28T10:41:06.786524995Z","Action":"run","Package":"git.example.com/infra/openbao-sdk-go/kv","Test":"FuzzDocument"}
{"Time":"2026-09-28T10:41:06.786528189Z","Action":"output","Package":"git.example.com/infra/openbao-sdk-go/kv","Test":"FuzzDocument","Output":"=== RUN   FuzzDocument\n"}
{"Time":"2026-09-28T10:41:06.786532496Z","Action":"run","Package":"git.example.com/infra/openbao-sdk-go/kv","Test":"FuzzDocument/seed#0"}
{"Time":"2026-09-28T10:41:06.786535641Z","Action":"output","Package":"git.example.com/infra/openbao-sdk-go/kv","Test":"FuzzDocument/seed#0","Output":"=== RUN   FuzzDocument/seed#0\n"}
{"Time":"2026-09-28T10:41:06.786540238Z","Action":"output","Package":"git.example.com/infra/openbao-sdk-go/kv","Test":"FuzzDocument/seed#0","Output":"--- PASS: FuzzDocument/seed#0 (0.00s)\n"}
{"Time":"2026-09-28T10:41:06.786543372Z","Action":"pass","Package":"git.example.com/infra/openbao-sdk-go/kv","Test":"FuzzDocument/seed#0","Elapsed":0}
{"Time":"2026-09-28T10:41:06.786546367Z","Action":"run","Package":"git.example.com/infra/openbao-sdk-go/kv","Test":"FuzzDocument/seed#1"}
{"Time":"2026-09-28T10:41:06.78654881Z","Action":"output","Package":"git.example.com/infra/openbao-sdk-go/kv","Test":"FuzzDocument/seed#1","Output":"=== RUN   FuzzDocument/seed#1\n"}
{"Time":"2026-09-28T10:41:06.786553708Z","Action":"output","Package":"git.example.com/infra/openbao-sdk-go/kv","Test":"FuzzDocument/seed#1","Output":"--- PASS: FuzzDocument/seed#1 (0.00s)\n"}
{"Time":"2026-09-28T10:41:06.786556412Z","Action":"pass","Package":"git.example.com/infra/openbao-sdk-go/kv","Test":"FuzzDocument/seed#1","Elapsed":0}
{"Time":"2026-09-28T10:41:06.786565135Z","Action":"run","Package":"git.example.com/infra/openbao-sdk-go/kv","Test":"FuzzDocument/seed#2"}
{"Time":"2026-09-28T10:41:06.78656827Z","Action":"output","Package":"git.example.com/infra/openbao-sdk-go/kv","Test":"FuzzDocument/seed#2","Output":"=== RUN   FuzzDocument/seed#2\n"}
{"Time":"2026-09-28T10:41:06.786572346Z","Action":"output","Package":"git.example.com/infra/openbao-sdk-go/kv","Test":"FuzzDocument/seed#2","Output":"--- PASS: FuzzDocument/seed#2 (0.00s)\n"}
{"Time":"2026-09-28T10:41:06.786575941Z","Action":"pass","Package":"git.example.com/infra/openbao-sdk-go/kv","Test":"FuzzDocument/seed#2","Elapsed":0}
{"Time":"2026-09-28T10:41:06.786579356Z","Action":"run","Package":"git.example.com/infra/openbao-sdk-go/kv","Test":"FuzzDocument/seed#3"}
{"Time":"2026-09-28T10:41:06.78658206Z","Action":"output","Package":"git.example.com/infra/openbao-sdk-go/kv","Test":"FuzzDocument/seed#3","Output":"=== RUN   FuzzDocument/seed#3\n"}
{"Time":"2026-09-28T10:41:06.786587238Z","Action":"output","Package":"git.example.com/infra/openbao-sdk-go/kv","Test":"FuzzDocument/seed#3","Output":"--- PASS: FuzzDocument/seed#3 (0.00s)\n"}
{"Time":"2026-09-28T10:41:06.786590133Z","Action":"pass","Package":"git.example.com/infra/openbao-sdk-go/kv","Test":"FuzzDocument/seed#3","Elapsed":0}
{"Time":"2026-09-28T10:41:06.786627028Z","Action":"output","Package":"git.example.com/infra/openbao-sdk-go/kv","Test":"FuzzDocument","Output":"--- PASS: FuzzDocument (0.00s)\n"}
{"Time":"2026-09-28T10:41:06.786630654Z","Action":"pass","Package":"git.example.com/infra/openbao-sdk-go/kv","Test":"FuzzDocument","Elapsed":0}
{"Time":"2026-09-28T10:41:06.786635331Z","Action":"output","Package":"git.example.com/infra/openbao-sdk-go/kv","Output":"PASS\n"}
{"Time":"2026-09-28T10:41:06.799321448Z","Action":"output","Package":"git.example.com/infra/openbao-sdk-go","Test":"TestConfigEnvironmentIgnored","Output":"--- PASS: TestConfigEnvironmentIgnored (0.02s)\n"}
{"Time":"2026-09-28T10:41:06.799393686Z","Action":"pass","Package":"git.example.com/infra/openbao-sdk-go","Test":"TestConfigEnvironmentIgnored","Elapsed":0.02}
{"Time":"2026-09-28T10:41:06.799445304Z","Action":"run","Package":"git.example.com/infra/openbao-sdk-go","Test":"TestStartSingleFlight"}
{"Time":"2026-09-28T10:41:06.799448519Z","Action":"output","Package":"git.example.com/infra/openbao-sdk-go","Test":"TestStartSingleFlight","Output":"=== RUN   TestStartSingleFlight\n"}
{"Time":"2026-09-28T10:41:06.801555443Z","Action":"output","Package":"git.example.com/infra/openbao-sdk-go","Test":"TestStartSingleFlight","Output":"--- PASS: TestStartSingleFlight (0.00s)\n"}
{"Time":"2026-09-28T10:41:06.801570616Z","Action":"pass","Package":"git.example.com/infra/openbao-sdk-go","Test":"TestStartSingleFlight","Elapsed":0}
{"Time":"2026-09-28T10:41:06.801576675Z","Action":"run","Package":"git.example.com/infra/openbao-sdk-go","Test":"TestCloseDrainAndCancel"}
{"Time":"2026-09-28T10:41:06.801579779Z","Action":"output","Package":"git.example.com/infra/openbao-sdk-go","Test":"TestCloseDrainAndCancel","Output":"=== RUN   TestCloseDrainAndCancel\n"}
{"Time":"2026-09-28T10:41:06.867471291Z","Action":"output","Package":"git.example.com/infra/openbao-sdk-go","Test":"TestCloseDrainAndCancel","Output":"--- PASS: TestCloseDrainAndCancel (0.07s)\n"}
{"Time":"2026-09-28T10:41:06.867513875Z","Action":"pass","Package":"git.example.com/infra/openbao-sdk-go","Test":"TestCloseDrainAndCancel","Elapsed":0.07}
{"Time":"2026-09-28T10:41:06.867524251Z","Action":"run","Package":"git.example.com/infra/openbao-sdk-go","Test":"TestTLSHostAndCARejected"}
{"Time":"2026-09-28T10:41:06.867528007Z","Action":"output","Package":"git.example.com/infra/openbao-sdk-go","Test":"TestTLSHostAndCARejected","Output":"=== RUN   TestTLSHostAndCARejected\n"}
{"Time":"2026-09-28T10:41:06.87928762Z","Action":"output","Package":"git.example.com/infra/openbao-sdk-go","Test":"TestTLSHostAndCARejected","Output":"2026/09/28 10:41:06 http: TLS handshake error from 127.0.0.1:38446: remote error: tls: bad certificate\n"}
{"Time":"2026-09-28T10:41:06.962223204Z","Action":"output","Package":"git.example.com/infra/openbao-sdk-go","Test":"TestTLSHostAndCARejected","Output":"2026/09/28 10:41:06 http: TLS handshake error from 127.0.0.1:38454: remote error: tls: bad certificate\n"}
{"Time":"2026-09-28T10:41:06.962452388Z","Action":"output","Package":"git.example.com/infra/openbao-sdk-go","Test":"TestTLSHostAndCARejected","Output":"--- PASS: TestTLSHostAndCARejected (0.09s)\n"}
{"Time":"2026-09-28T10:41:06.962463846Z","Action":"pass","Package":"git.example.com/infra/openbao-sdk-go","Test":"TestTLSHostAndCARejected","Elapsed":0.09}
{"Time":"2026-09-28T10:41:06.962512849Z","Action":"run","Package":"git.example.com/infra/openbao-sdk-go","Test":"TestConfigDefaults"}
{"Time":"2026-09-28T10:41:06.962517717Z","Action":"output","Package":"git.example.com/infra/openbao-sdk-go","Test":"TestConfigDefaults","Output":"=== RUN   TestConfigDefaults\n"}
{"Time":"2026-09-28T10:41:06.962600011Z","Action":"output","Package":"git.example.com/infra/openbao-sdk-go","Test":"TestConfigDefaults","Output":"--- PASS: TestConfigDefaults (0.00s)\n"}
{"Time":"2026-09-28T10:41:06.962621523Z","Action":"pass","Package":"git.example.com/infra/openbao-sdk-go","Test":"TestConfigDefaults","Elapsed":0}
{"Time":"2026-09-28T10:41:06.962625889Z","Action":"run","Package":"git.example.com/infra/openbao-sdk-go","Test":"TestNamespaceExplicit"}
{"Time":"2026-09-28T10:41:06.962628894Z","Action":"output","Package":"git.example.com/infra/openbao-sdk-go","Test":"TestNamespaceExplicit","Output":"=== RUN   TestNamespaceExplicit\n"}
{"Time":"2026-09-28T10:41:06.962650506Z","Action":"output","Package":"git.example.com/infra/openbao-sdk-go","Test":"TestNamespaceExplicit","Output":"--- PASS: TestNamespaceExplicit (0.00s)\n"}
{"Time":"2026-09-28T10:41:06.962743326Z","Action":"pass","Package":"git.example.com/infra/openbao-sdk-go","Test":"TestNamespaceExplicit","Elapsed":0}
{"Time":"2026-09-28T10:41:06.962747112Z","Action":"run","Package":"git.example.com/infra/openbao-sdk-go","Test":"TestTLSAndPathValidation"}
{"Time":"2026-09-28T10:41:06.962749756Z","Action":"output","Package":"git.example.com/infra/openbao-sdk-go","Test":"TestTLSAndPathValidation","Output":"=== RUN   TestTLSAndPathValidation\n"}
{"Time":"2026-09-28T10:41:06.962838349Z","Action":"output","Package":"git.example.com/infra/openbao-sdk-go","Test":"TestTLSAndPathValidation","Output":"--- PASS: TestTLSAndPathValidation (0.00s)\n"}
{"Time":"2026-09-28T10:41:06.962842926Z","Action":"pass","Package":"git.example.com/infra/openbao-sdk-go","Test":"TestTLSAndPathValidation","Elapsed":0}
{"Time":"2026-09-28T10:41:06.962861884Z","Action":"run","Package":"git.example.com/infra/openbao-sdk-go","Test":"TestClusterHealthSemantics"}
{"Time":"2026-09-28T10:41:06.962864458Z","Action":"output","Package":"git.example.com/infra/openbao-sdk-go","Test":"TestClusterHealthSemantics","Output":"=== RUN   TestClusterHealthSemantics\n"}
{"Time":"2026-09-28T10:41:06.962868885Z","Action":"run","Package":"git.example.com/infra/openbao-sdk-go","Test":"TestClusterHealthSemantics/200"}
{"Time":"2026-09-28T10:41:06.96287229Z","Action":"output","Package":"git.example.com/infra/openbao-sdk-go","Test":"TestClusterHealthSemantics/200","Output":"=== RUN   TestClusterHealthSemantics/200\n"}
{"Time":"2026-09-28T10:41:06.977596928Z","Action":"output","Package":"git.example.com/infra/openbao-sdk-go","Test":"TestClusterHealthSemantics/200","Output":"--- PASS: TestClusterHealthSemantics/200 (0.01s)\n"}
{"Time":"2026-09-28T10:41:06.977624279Z","Action":"pass","Package":"git.example.com/infra/openbao-sdk-go","Test":"TestClusterHealthSemantics/200","Elapsed":0.01}
{"Time":"2026-09-28T10:41:06.977630118Z","Action":"run","Package":"git.example.com/infra/openbao-sdk-go","Test":"TestClusterHealthSemantics/429"}
{"Time":"2026-09-28T10:41:06.977633453Z","Action":"output","Package":"git.example.com/infra/openbao-sdk-go","Test":"TestClusterHealthSemantics/429","Output":"=== RUN   TestClusterHealthSemantics/429\n"}
{"Time":"2026-09-28T10:41:06.996419531Z","Action":"output","Package":"git.example.com/infra/openbao-sdk-go","Test":"TestClusterHealthSemantics/429","Output":"--- PASS: TestClusterHealthSemantics/429 (0.02s)\n"}
{"Time":"2026-09-28T10:41:06.996457708Z","Action":"pass","Package":"git.example.com/infra/openbao-sdk-go","Test":"TestClusterHealthSemantics/429","Elapsed":0.02}
{"Time":"2026-09-28T10:41:06.996467002Z","Action":"run","Package":"git.example.com/infra/openbao-sdk-go","Test":"TestClusterHealthSemantics/501"}
{"Time":"2026-09-28T10:41:06.996470498Z","Action":"output","Package":"git.example.com/infra/openbao-sdk-go","Test":"TestClusterHealthSemantics/501","Output":"=== RUN   TestClusterHealthSemantics/501\n"}
{"Time":"2026-09-28T10:41:07.010377291Z","Action":"output","Package":"git.example.com/infra/openbao-sdk-go","Test":"TestClusterHealthSemantics/501","Output":"--- PASS: TestClusterHealthSemantics/501 (0.01s)\n"}
{"Time":"2026-09-28T10:41:07.010408367Z","Action":"pass","Package":"git.example.com/infra/openbao-sdk-go","Test":"TestClusterHealthSemantics/501","Elapsed":0.01}
{"Time":"2026-09-28T10:41:07.010413034Z","Action":"run","Package":"git.example.com/infra/openbao-sdk-go","Test":"TestClusterHealthSemantics/503"}
{"Time":"2026-09-28T10:41:07.010422028Z","Action":"output","Package":"git.example.com/infra/openbao-sdk-go","Test":"TestClusterHealthSemantics/503","Output":"=== RUN   TestClusterHealthSemantics/503\n"}
{"Time":"2026-09-28T10:41:07.026979493Z","Action":"output","Package":"git.example.com/infra/openbao-sdk-go","Test":"TestClusterHealthSemantics/503","Output":"--- PASS: TestClusterHealthSemantics/503 (0.02s)\n"}
{"Time":"2026-09-28T10:41:07.027002618Z","Action":"pass","Package":"git.example.com/infra/openbao-sdk-go","Test":"TestClusterHealthSemantics/503","Elapsed":0.02}
{"Time":"2026-09-28T10:41:07.02701097Z","Action":"output","Package":"git.example.com/infra/openbao-sdk-go","Test":"TestClusterHealthSemantics","Output":"--- PASS: TestClusterHealthSemantics (0.06s)\n"}
{"Time":"2026-09-28T10:41:07.027042127Z","Action":"pass","Package":"git.example.com/infra/openbao-sdk-go","Test":"TestClusterHealthSemantics","Elapsed":0.06}
{"Time":"2026-09-28T10:41:07.027066123Z","Action":"run","Package":"git.example.com/infra/openbao-sdk-go","Test":"TestReadyScopedProbe"}
{"Time":"2026-09-28T10:41:07.027069278Z","Action":"output","Package":"git.example.com/infra/openbao-sdk-go","Test":"TestReadyScopedProbe","Output":"=== RUN   TestReadyScopedProbe\n"}
{"Time":"2026-09-28T10:41:07.04114516Z","Action":"output","Package":"git.example.com/infra/openbao-sdk-go","Test":"TestReadyScopedProbe","Output":"--- PASS: TestReadyScopedProbe (0.01s)\n"}
{"Time":"2026-09-28T10:41:07.041174004Z","Action":"pass","Package":"git.example.com/infra/openbao-sdk-go","Test":"TestReadyScopedProbe","Elapsed":0.01}
{"Time":"2026-09-28T10:41:07.041179162Z","Action":"run","Package":"git.example.com/infra/openbao-sdk-go","Test":"TestObserverRedaction"}
{"Time":"2026-09-28T10:41:07.041181565Z","Action":"output","Package":"git.example.com/infra/openbao-sdk-go","Test":"TestObserverRedaction","Output":"=== RUN   TestObserverRedaction\n"}
{"Time":"2026-09-28T10:41:07.058760337Z","Action":"output","Package":"git.example.com/infra/openbao-sdk-go","Test":"TestObserverRedaction","Output":"--- PASS: TestObserverRedaction (0.02s)\n"}
{"Time":"2026-09-28T10:41:07.05878872Z","Action":"pass","Package":"git.example.com/infra/openbao-sdk-go","Test":"TestObserverRedaction","Elapsed":0.02}
{"Time":"2026-09-28T10:41:07.058793387Z","Action":"run","Package":"git.example.com/infra/openbao-sdk-go","Test":"TestLimitsRejectIntegerOverflow"}
{"Time":"2026-09-28T10:41:07.05879545Z","Action":"output","Package":"git.example.com/infra/openbao-sdk-go","Test":"TestLimitsRejectIntegerOverflow","Output":"=== RUN   TestLimitsRejectIntegerOverflow\n"}
{"Time":"2026-09-28T10:41:07.058798464Z","Action":"output","Package":"git.example.com/infra/openbao-sdk-go","Test":"TestLimitsRejectIntegerOverflow","Output":"--- PASS: TestLimitsRejectIntegerOverflow (0.00s)\n"}
{"Time":"2026-09-28T10:41:07.058801469Z","Action":"pass","Package":"git.example.com/infra/openbao-sdk-go","Test":"TestLimitsRejectIntegerOverflow","Elapsed":0}
{"Time":"2026-09-28T10:41:07.058810292Z","Action":"run","Package":"git.example.com/infra/openbao-sdk-go","Test":"TestPKIZeroTTLRejected"}
{"Time":"2026-09-28T10:41:07.058812255Z","Action":"output","Package":"git.example.com/infra/openbao-sdk-go","Test":"TestPKIZeroTTLRejected","Output":"=== RUN   TestPKIZeroTTLRejected\n"}
{"Time":"2026-09-28T10:41:07.061019746Z","Action":"output","Package":"git.example.com/infra/openbao-sdk-go","Test":"TestPKIZeroTTLRejected","Output":"--- PASS: TestPKIZeroTTLRejected (0.00s)\n"}
{"Time":"2026-09-28T10:41:07.061037292Z","Action":"pass","Package":"git.example.com/infra/openbao-sdk-go","Test":"TestPKIZeroTTLRejected","Elapsed":0}
{"Time":"2026-09-28T10:41:07.061041338Z","Action":"run","Package":"git.example.com/infra/openbao-sdk-go","Test":"TestVoidErrorEnvelope"}
{"Time":"2026-09-28T10:41:07.061045725Z","Action":"output","Package":"git.example.com/infra/openbao-sdk-go","Test":"TestVoidErrorEnvelope","Output":"=== RUN   TestVoidErrorEnvelope\n"}
{"Time":"2026-09-28T10:41:07.072766454Z","Action":"output","Package":"git.example.com/infra/openbao-sdk-go","Test":"TestVoidErrorEnvelope","Output":"--- PASS: TestVoidErrorEnvelope (0.01s)\n"}
{"Time":"2026-09-28T10:41:07.07278974Z","Action":"pass","Package":"git.example.com/infra/openbao-sdk-go","Test":"TestVoidErrorEnvelope","Elapsed":0.01}
{"Time":"2026-09-28T10:41:07.072795849Z","Action":"run","Package":"git.example.com/infra/openbao-sdk-go","Test":"TestStartResultBelongsToAttempt"}
{"Time":"2026-09-28T10:41:07.072797792Z","Action":"output","Package":"git.example.com/infra/openbao-sdk-go","Test":"TestStartResultBelongsToAttempt","Output":"=== RUN   TestStartResultBelongsToAttempt\n"}
{"Time":"2026-09-28T10:41:07.073210312Z","Action":"output","Package":"git.example.com/infra/openbao-sdk-go","Test":"TestStartResultBelongsToAttempt","Output":"--- PASS: TestStartResultBelongsToAttempt (0.00s)\n"}
{"Time":"2026-09-28T10:41:07.073228349Z","Action":"pass","Package":"git.example.com/infra/openbao-sdk-go","Test":"TestStartResultBelongsToAttempt","Elapsed":0}
{"Time":"2026-09-28T10:41:07.073249731Z","Action":"run","Package":"git.example.com/infra/openbao-sdk-go","Test":"TestCrossNamespaceConcurrency"}
{"Time":"2026-09-28T10:41:07.073252365Z","Action":"output","Package":"git.example.com/infra/openbao-sdk-go","Test":"TestCrossNamespaceConcurrency","Output":"=== RUN   TestCrossNamespaceConcurrency\n"}
{"Time":"2026-09-28T10:41:07.530230422Z","Action":"output","Package":"git.example.com/infra/openbao-sdk-go","Test":"TestCrossNamespaceConcurrency","Output":"2026/09/28 10:41:07 http: TLS handshake error from 127.0.0.1:48444: EOF\n"}
{"Time":"2026-09-28T10:41:07.530386276Z","Action":"output","Package":"git.example.com/infra/openbao-sdk-go","Test":"TestCrossNamespaceConcurrency","Output":"2026/09/28 10:41:07 http: TLS handshake error from 127.0.0.1:48468: read tcp 127.0.0.1:45615-\u003e127.0.0.1:48468: read: connection reset by peer\n"}
{"Time":"2026-09-28T10:41:07.530974721Z","Action":"output","Package":"git.example.com/infra/openbao-sdk-go","Test":"TestCrossNamespaceConcurrency","Output":"2026/09/28 10:41:07 http: TLS handshake error from 127.0.0.1:48230: read tcp 127.0.0.1:45615-\u003e127.0.0.1:48230: read: connection reset by peer\n"}
{"Time":"2026-09-28T10:41:07.531738711Z","Action":"output","Package":"git.example.com/infra/openbao-sdk-go","Test":"TestCrossNamespaceConcurrency","Output":"2026/09/28 10:41:07 http: TLS handshake error from 127.0.0.1:48376: EOF\n"}
{"Time":"2026-09-28T10:41:07.53294808Z","Action":"output","Package":"git.example.com/infra/openbao-sdk-go","Test":"TestCrossNamespaceConcurrency","Output":"2026/09/28 10:41:07 http: TLS handshake error from 127.0.0.1:48268: write tcp 127.0.0.1:45615-\u003e127.0.0.1:48268: use of closed network connection\n"}
{"Time":"2026-09-28T10:41:07.534734817Z","Action":"output","Package":"git.example.com/infra/openbao-sdk-go","Test":"TestCrossNamespaceConcurrency","Output":"2026/09/28 10:41:07 http: TLS handshake error from 127.0.0.1:48322: write tcp 127.0.0.1:45615-\u003e127.0.0.1:48322: use of closed network connection\n"}
{"Time":"2026-09-28T10:41:07.536279471Z","Action":"output","Package":"git.example.com/infra/openbao-sdk-go","Test":"TestCrossNamespaceConcurrency","Output":"2026/09/28 10:41:07 http: TLS handshake error from 127.0.0.1:48384: write tcp 127.0.0.1:45615-\u003e127.0.0.1:48384: use of closed network connection\n"}
{"Time":"2026-09-28T10:41:07.536328875Z","Action":"output","Package":"git.example.com/infra/openbao-sdk-go","Test":"TestCrossNamespaceConcurrency","Output":"--- PASS: TestCrossNamespaceConcurrency (0.46s)\n"}
{"Time":"2026-09-28T10:41:07.536335104Z","Action":"pass","Package":"git.example.com/infra/openbao-sdk-go","Test":"TestCrossNamespaceConcurrency","Elapsed":0.46}
{"Time":"2026-09-28T10:41:07.536372451Z","Action":"run","Package":"git.example.com/infra/openbao-sdk-go","Test":"TestAcceptedThenDisconnected"}
{"Time":"2026-09-28T10:41:07.536377108Z","Action":"output","Package":"git.example.com/infra/openbao-sdk-go","Test":"TestAcceptedThenDisconnected","Output":"=== RUN   TestAcceptedThenDisconnected\n"}
{"Time":"2026-09-28T10:41:07.536412481Z","Action":"run","Package":"git.example.com/infra/openbao-sdk-go","Test":"TestAcceptedThenDisconnected/PKI_ISSUE"}
{"Time":"2026-09-28T10:41:07.536415495Z","Action":"output","Package":"git.example.com/infra/openbao-sdk-go","Test":"TestAcceptedThenDisconnected/PKI_ISSUE","Output":"=== RUN   TestAcceptedThenDisconnected/PKI_ISSUE\n"}
{"Time":"2026-09-28T10:41:07.549543091Z","Action":"output","Package":"git.example.com/infra/openbao-sdk-go","Test":"TestAcceptedThenDisconnected/PKI_ISSUE","Output":"--- PASS: TestAcceptedThenDisconnected/PKI_ISSUE (0.01s)\n"}
{"Time":"2026-09-28T10:41:07.549570192Z","Action":"pass","Package":"git.example.com/infra/openbao-sdk-go","Test":"TestAcceptedThenDisconnected/PKI_ISSUE","Elapsed":0.01}
{"Time":"2026-09-28T10:41:07.549577193Z","Action":"run","Package":"git.example.com/infra/openbao-sdk-go","Test":"TestAcceptedThenDisconnected/KV_CREATE"}
{"Time":"2026-09-28T10:41:07.549580668Z","Action":"output","Package":"git.example.com/infra/openbao-sdk-go","Test":"TestAcceptedThenDisconnected/KV_CREATE","Output":"=== RUN   TestAcceptedThenDisconnected/KV_CREATE\n"}
{"Time":"2026-09-28T10:41:07.567543016Z","Action":"output","Package":"git.example.com/infra/openbao-sdk-go","Test":"TestAcceptedThenDisconnected/KV_CREATE","Output":"--- PASS: TestAcceptedThenDisconnected/KV_CREATE (0.02s)\n"}
{"Time":"2026-09-28T10:41:07.567582626Z","Action":"pass","Package":"git.example.com/infra/openbao-sdk-go","Test":"TestAcceptedThenDisconnected/KV_CREATE","Elapsed":0.02}
{"Time":"2026-09-28T10:41:07.567589045Z","Action":"run","Package":"git.example.com/infra/openbao-sdk-go","Test":"TestAcceptedThenDisconnected/TRANSIT_SIGN"}
{"Time":"2026-09-28T10:41:07.567591589Z","Action":"output","Package":"git.example.com/infra/openbao-sdk-go","Test":"TestAcceptedThenDisconnected/TRANSIT_SIGN","Output":"=== RUN   TestAcceptedThenDisconnected/TRANSIT_SIGN\n"}
{"Time":"2026-09-28T10:41:07.580377877Z","Action":"output","Package":"git.example.com/infra/openbao-sdk-go","Test":"TestAcceptedThenDisconnected/TRANSIT_SIGN","Output":"--- PASS: TestAcceptedThenDisconnected/TRANSIT_SIGN (0.01s)\n"}
{"Time":"2026-09-28T10:41:07.580450005Z","Action":"pass","Package":"git.example.com/infra/openbao-sdk-go","Test":"TestAcceptedThenDisconnected/TRANSIT_SIGN","Elapsed":0.01}
{"Time":"2026-09-28T10:41:07.580460731Z","Action":"output","Package":"git.example.com/infra/openbao-sdk-go","Test":"TestAcceptedThenDisconnected","Output":"--- PASS: TestAcceptedThenDisconnected (0.04s)\n"}
{"Time":"2026-09-28T10:41:07.580464207Z","Action":"pass","Package":"git.example.com/infra/openbao-sdk-go","Test":"TestAcceptedThenDisconnected","Elapsed":0.04}
{"Time":"2026-09-28T10:41:07.580468794Z","Action":"run","Package":"git.example.com/infra/openbao-sdk-go","Test":"TestCloseDuringWrite"}
{"Time":"2026-09-28T10:41:07.580471728Z","Action":"output","Package":"git.example.com/infra/openbao-sdk-go","Test":"TestCloseDuringWrite","Output":"=== RUN   TestCloseDuringWrite\n"}
{"Time":"2026-09-28T10:41:07.619074789Z","Action":"output","Package":"git.example.com/infra/openbao-sdk-go","Test":"TestCloseDuringWrite","Output":"--- PASS: TestCloseDuringWrite (0.04s)\n"}
{"Time":"2026-09-28T10:41:07.619120968Z","Action":"pass","Package":"git.example.com/infra/openbao-sdk-go","Test":"TestCloseDuringWrite","Elapsed":0.04}
{"Time":"2026-09-28T10:41:07.619131914Z","Action":"run","Package":"git.example.com/infra/openbao-sdk-go","Test":"TestLoopbackTestConstructor"}
{"Time":"2026-09-28T10:41:07.619140547Z","Action":"output","Package":"git.example.com/infra/openbao-sdk-go","Test":"TestLoopbackTestConstructor","Output":"=== RUN   TestLoopbackTestConstructor\n"}
{"Time":"2026-09-28T10:41:07.619369191Z","Action":"output","Package":"git.example.com/infra/openbao-sdk-go","Test":"TestLoopbackTestConstructor","Output":"--- PASS: TestLoopbackTestConstructor (0.00s)\n"}
{"Time":"2026-09-28T10:41:07.619393969Z","Action":"pass","Package":"git.example.com/infra/openbao-sdk-go","Test":"TestLoopbackTestConstructor","Elapsed":0}
{"Time":"2026-09-28T10:41:07.619398425Z","Action":"run","Package":"git.example.com/infra/openbao-sdk-go","Test":"TestKVCreateCASZero"}
{"Time":"2026-09-28T10:41:07.619401109Z","Action":"output","Package":"git.example.com/infra/openbao-sdk-go","Test":"TestKVCreateCASZero","Output":"=== RUN   TestKVCreateCASZero\n"}
{"Time":"2026-09-28T10:41:07.635657421Z","Action":"output","Package":"git.example.com/infra/openbao-sdk-go","Test":"TestKVCreateCASZero","Output":"--- PASS: TestKVCreateCASZero (0.02s)\n"}
{"Time":"2026-09-28T10:41:07.635706225Z","Action":"pass","Package":"git.example.com/infra/openbao-sdk-go","Test":"TestKVCreateCASZero","Elapsed":0.02}
{"Time":"2026-09-28T10:41:07.635713215Z","Action":"run","Package":"git.example.com/infra/openbao-sdk-go","Test":"TestKVReadExactVersion"}
{"Time":"2026-09-28T10:41:07.635716691Z","Action":"output","Package":"git.example.com/infra/openbao-sdk-go","Test":"TestKVReadExactVersion","Output":"=== RUN   TestKVReadExactVersion\n"}
{"Time":"2026-09-28T10:41:07.649052771Z","Action":"output","Package":"git.example.com/infra/openbao-sdk-go","Test":"TestKVReadExactVersion","Output":"--- PASS: TestKVReadExactVersion (0.01s)\n"}
{"Time":"2026-09-28T10:41:07.649080442Z","Action":"pass","Package":"git.example.com/infra/openbao-sdk-go","Test":"TestKVReadExactVersion","Elapsed":0.01}
{"Time":"2026-09-28T10:41:07.649088725Z","Action":"run","Package":"git.example.com/infra/openbao-sdk-go","Test":"TestKVReadRefBinding"}
{"Time":"2026-09-28T10:41:07.64909232Z","Action":"output","Package":"git.example.com/infra/openbao-sdk-go","Test":"TestKVReadRefBinding","Output":"=== RUN   TestKVReadRefBinding\n"}
{"Time":"2026-09-28T10:41:07.665172347Z","Action":"output","Package":"git.example.com/infra/openbao-sdk-go","Test":"TestKVReadRefBinding","Output":"--- PASS: TestKVReadRefBinding (0.02s)\n"}
{"Time":"2026-09-28T10:41:07.665203985Z","Action":"pass","Package":"git.example.com/infra/openbao-sdk-go","Test":"TestKVReadRefBinding","Elapsed":0.02}
{"Time":"2026-09-28T10:41:07.665212978Z","Action":"run","Package":"git.example.com/infra/openbao-sdk-go","Test":"TestKVDeletedVersion"}
{"Time":"2026-09-28T10:41:07.665216033Z","Action":"output","Package":"git.example.com/infra/openbao-sdk-go","Test":"TestKVDeletedVersion","Output":"=== RUN   TestKVDeletedVersion\n"}
{"Time":"2026-09-28T10:41:07.695512544Z","Action":"output","Package":"git.example.com/infra/openbao-sdk-go","Test":"TestKVDeletedVersion","Output":"--- PASS: TestKVDeletedVersion (0.03s)\n"}
{"Time":"2026-09-28T10:41:07.695553886Z","Action":"pass","Package":"git.example.com/infra/openbao-sdk-go","Test":"TestKVDeletedVersion","Elapsed":0.03}
{"Time":"2026-09-28T10:41:07.695560065Z","Action":"run","Package":"git.example.com/infra/openbao-sdk-go","Test":"TestKVCASConflict"}
{"Time":"2026-09-28T10:41:07.695562529Z","Action":"output","Package":"git.example.com/infra/openbao-sdk-go","Test":"TestKVCASConflict","Output":"=== RUN   TestKVCASConflict\n"}
{"Time":"2026-09-28T10:41:07.708605978Z","Action":"output","Package":"git.example.com/infra/openbao-sdk-go","Test":"TestKVCASConflict","Output":"--- PASS: TestKVCASConflict (0.01s)\n"}
{"Time":"2026-09-28T10:41:07.708643235Z","Action":"pass","Package":"git.example.com/infra/openbao-sdk-go","Test":"TestKVCASConflict","Elapsed":0.01}
{"Time":"2026-09-28T10:41:07.708647461Z","Action":"run","Package":"git.example.com/infra/openbao-sdk-go","Test":"TestKVCASConcurrentWinner"}
{"Time":"2026-09-28T10:41:07.708650085Z","Action":"output","Package":"git.example.com/infra/openbao-sdk-go","Test":"TestKVCASConcurrentWinner","Output":"=== RUN   TestKVCASConcurrentWinner\n"}
{"Time":"2026-09-28T10:41:07.792173799Z","Action":"output","Package":"git.example.com/infra/openbao-sdk-go/kv","Output":"ok  \tgit.example.com/infra/openbao-sdk-go/kv\t1.022s\n"}
{"Time":"2026-09-28T10:41:07.792182962Z","Action":"output","Package":"git.example.com/infra/openbao-sdk-go/auth","Output":"ok  \tgit.example.com/infra/openbao-sdk-go/auth\t1.022s\n"}
{"Time":"2026-09-28T10:41:07.792224515Z","Action":"pass","Package":"git.example.com/infra/openbao-sdk-go/kv","Elapsed":1.022}
{"Time":"2026-09-28T10:41:07.792230544Z","Action":"pass","Package":"git.example.com/infra/openbao-sdk-go/auth","Elapsed":1.022}
{"Time":"2026-09-28T10:41:07.795561895Z","Action":"output","Package":"git.example.com/infra/openbao-sdk-go","Test":"TestKVCASConcurrentWinner","Output":"2026/09/28 10:41:07 http: TLS handshake error from 127.0.0.1:56532: write tcp 127.0.0.1:42043-\u003e127.0.0.1:56532: use of closed network connection\n"}
{"Time":"2026-09-28T10:41:07.797017975Z","Action":"output","Package":"git.example.com/infra/openbao-sdk-go","Test":"TestKVCASConcurrentWinner","Output":"2026/09/28 10:41:07 http: TLS handshake error from 127.0.0.1:56434: write tcp 127.0.0.1:42043-\u003e127.0.0.1:56434: use of closed network connection\n"}
{"Time":"2026-09-28T10:41:07.798880537Z","Action":"output","Package":"git.example.com/infra/openbao-sdk-go","Test":"TestKVCASConcurrentWinner","Output":"2026/09/28 10:41:07 http: TLS handshake error from 127.0.0.1:56450: write tcp 127.0.0.1:42043-\u003e127.0.0.1:56450: use of closed network connection\n"}
{"Time":"2026-09-28T10:41:07.798967978Z","Action":"output","Package":"git.example.com/infra/openbao-sdk-go","Test":"TestKVCASConcurrentWinner","Output":"--- PASS: TestKVCASConcurrentWinner (0.09s)\n"}
{"Time":"2026-09-28T10:41:07.79900908Z","Action":"pass","Package":"git.example.com/infra/openbao-sdk-go","Test":"TestKVCASConcurrentWinner","Elapsed":0.09}
{"Time":"2026-09-28T10:41:07.799053637Z","Action":"run","Package":"git.example.com/infra/openbao-sdk-go","Test":"TestKVMetadataIsNotVersionHistory"}
{"Time":"2026-09-28T10:41:07.799056331Z","Action":"output","Package":"git.example.com/infra/openbao-sdk-go","Test":"TestKVMetadataIsNotVersionHistory","Output":"=== RUN   TestKVMetadataIsNotVersionHistory\n"}
{"Time":"2026-09-28T10:41:07.819975347Z","Action":"output","Package":"git.example.com/infra/openbao-sdk-go","Test":"TestKVMetadataIsNotVersionHistory","Output":"--- PASS: TestKVMetadataIsNotVersionHistory (0.02s)\n"}
{"Time":"2026-09-28T10:41:07.82001759Z","Action":"pass","Package":"git.example.com/infra/openbao-sdk-go","Test":"TestKVMetadataIsNotVersionHistory","Elapsed":0.02}
{"Time":"2026-09-28T10:41:07.820025833Z","Action":"run","Package":"git.example.com/infra/openbao-sdk-go","Test":"TestKVDeleteExactVersions"}
{"Time":"2026-09-28T10:41:07.820028557Z","Action":"output","Package":"git.example.com/infra/openbao-sdk-go","Test":"TestKVDeleteExactVersions","Output":"=== RUN   TestKVDeleteExactVersions\n"}
{"Time":"2026-09-28T10:41:07.837460557Z","Action":"output","Package":"git.example.com/infra/openbao-sdk-go","Test":"TestKVDeleteExactVersions","Output":"--- PASS: TestKVDeleteExactVersions (0.02s)\n"}
{"Time":"2026-09-28T10:41:07.837505014Z","Action":"pass","Package":"git.example.com/infra/openbao-sdk-go","Test":"TestKVDeleteExactVersions","Elapsed":0.02}
{"Time":"2026-09-28T10:41:07.837513186Z","Action":"run","Package":"git.example.com/infra/openbao-sdk-go","Test":"TestKVList404"}
{"Time":"2026-09-28T10:41:07.83751575Z","Action":"output","Package":"git.example.com/infra/openbao-sdk-go","Test":"TestKVList404","Output":"=== RUN   TestKVList404\n"}
{"Time":"2026-09-28T10:41:07.852972029Z","Action":"output","Package":"git.example.com/infra/openbao-sdk-go","Test":"TestKVList404","Output":"--- PASS: TestKVList404 (0.02s)\n"}
{"Time":"2026-09-28T10:41:07.853012099Z","Action":"pass","Package":"git.example.com/infra/openbao-sdk-go","Test":"TestKVList404","Elapsed":0.02}
{"Time":"2026-09-28T10:41:07.85301916Z","Action":"run","Package":"git.example.com/infra/openbao-sdk-go","Test":"TestTLSFileRejectsFIFOWithoutBlocking"}
{"Time":"2026-09-28T10:41:07.853021363Z","Action":"output","Package":"git.example.com/infra/openbao-sdk-go","Test":"TestTLSFileRejectsFIFOWithoutBlocking","Output":"=== RUN   TestTLSFileRejectsFIFOWithoutBlocking\n"}
{"Time":"2026-09-28T10:41:07.853572422Z","Action":"output","Package":"git.example.com/infra/openbao-sdk-go","Test":"TestTLSFileRejectsFIFOWithoutBlocking","Output":"--- PASS: TestTLSFileRejectsFIFOWithoutBlocking (0.00s)\n"}
{"Time":"2026-09-28T10:41:07.853585632Z","Action":"pass","Package":"git.example.com/infra/openbao-sdk-go","Test":"TestTLSFileRejectsFIFOWithoutBlocking","Elapsed":0}
{"Time":"2026-09-28T10:41:07.853602698Z","Action":"run","Package":"git.example.com/infra/openbao-sdk-go","Test":"TestPKIIssueContract"}
{"Time":"2026-09-28T10:41:07.853604671Z","Action":"output","Package":"git.example.com/infra/openbao-sdk-go","Test":"TestPKIIssueContract","Output":"=== RUN   TestPKIIssueContract\n"}
{"Time":"2026-09-28T10:41:07.886761549Z","Action":"output","Package":"git.example.com/infra/openbao-sdk-go","Test":"TestPKIIssueContract","Output":"--- PASS: TestPKIIssueContract (0.03s)\n"}
{"Time":"2026-09-28T10:41:07.886799206Z","Action":"pass","Package":"git.example.com/infra/openbao-sdk-go","Test":"TestPKIIssueContract","Elapsed":0.03}
{"Time":"2026-09-28T10:41:07.886805856Z","Action":"run","Package":"git.example.com/infra/openbao-sdk-go","Test":"TestPKIPrivateKeyMismatch"}
{"Time":"2026-09-28T10:41:07.886809571Z","Action":"output","Package":"git.example.com/infra/openbao-sdk-go","Test":"TestPKIPrivateKeyMismatch","Output":"=== RUN   TestPKIPrivateKeyMismatch\n"}
{"Time":"2026-09-28T10:41:07.916682355Z","Action":"output","Package":"git.example.com/infra/openbao-sdk-go","Test":"TestPKIPrivateKeyMismatch","Output":"--- PASS: TestPKIPrivateKeyMismatch (0.03s)\n"}
{"Time":"2026-09-28T10:41:07.916718109Z","Action":"pass","Package":"git.example.com/infra/openbao-sdk-go","Test":"TestPKIPrivateKeyMismatch","Elapsed":0.03}
{"Time":"2026-09-28T10:41:07.916723517Z","Action":"run","Package":"git.example.com/infra/openbao-sdk-go","Test":"TestPKICSRPublicKeyMatch"}
{"Time":"2026-09-28T10:41:07.916729086Z","Action":"output","Package":"git.example.com/infra/openbao-sdk-go","Test":"TestPKICSRPublicKeyMatch","Output":"=== RUN   TestPKICSRPublicKeyMatch\n"}
{"Time":"2026-09-28T10:41:07.941535839Z","Action":"output","Package":"git.example.com/infra/openbao-sdk-go","Test":"TestPKICSRPublicKeyMatch","Output":"--- PASS: TestPKICSRPublicKeyMatch (0.02s)\n"}
{"Time":"2026-09-28T10:41:07.941574697Z","Action":"pass","Package":"git.example.com/infra/openbao-sdk-go","Test":"TestPKICSRPublicKeyMatch","Elapsed":0.02}
{"Time":"2026-09-28T10:41:07.941582179Z","Action":"run","Package":"git.example.com/infra/openbao-sdk-go","Test":"TestPKIReadMultiPEMAndChain"}
{"Time":"2026-09-28T10:41:07.941585714Z","Action":"output","Package":"git.example.com/infra/openbao-sdk-go","Test":"TestPKIReadMultiPEMAndChain","Output":"=== RUN   TestPKIReadMultiPEMAndChain\n"}
{"Time":"2026-09-28T10:41:07.95838953Z","Action":"output","Package":"git.example.com/infra/openbao-sdk-go","Test":"TestPKIReadMultiPEMAndChain","Output":"--- PASS: TestPKIReadMultiPEMAndChain (0.02s)\n"}
{"Time":"2026-09-28T10:41:07.958429019Z","Action":"pass","Package":"git.example.com/infra/openbao-sdk-go","Test":"TestPKIReadMultiPEMAndChain","Elapsed":0.02}
{"Time":"2026-09-28T10:41:07.958437482Z","Action":"run","Package":"git.example.com/infra/openbao-sdk-go","Test":"TestPKIRevokeReceipt"}
{"Time":"2026-09-28T10:41:07.958441067Z","Action":"output","Package":"git.example.com/infra/openbao-sdk-go","Test":"TestPKIRevokeReceipt","Output":"=== RUN   TestPKIRevokeReceipt\n"}
{"Time":"2026-09-28T10:41:07.976554303Z","Action":"output","Package":"git.example.com/infra/openbao-sdk-go","Test":"TestPKIRevokeReceipt","Output":"--- PASS: TestPKIRevokeReceipt (0.02s)\n"}
{"Time":"2026-09-28T10:41:07.976587954Z","Action":"pass","Package":"git.example.com/infra/openbao-sdk-go","Test":"TestPKIRevokeReceipt","Elapsed":0.02}
{"Time":"2026-09-28T10:41:07.976595245Z","Action":"run","Package":"git.example.com/infra/openbao-sdk-go","Test":"TestPublicTypeBoundary"}
{"Time":"2026-09-28T10:41:07.976597999Z","Action":"output","Package":"git.example.com/infra/openbao-sdk-go","Test":"TestPublicTypeBoundary","Output":"=== RUN   TestPublicTypeBoundary\n"}
{"Time":"2026-09-28T10:41:07.976966333Z","Action":"output","Package":"git.example.com/infra/openbao-sdk-go","Test":"TestPublicTypeBoundary","Output":"--- PASS: TestPublicTypeBoundary (0.00s)\n"}
{"Time":"2026-09-28T10:41:07.977237731Z","Action":"pass","Package":"git.example.com/infra/openbao-sdk-go","Test":"TestPublicTypeBoundary","Elapsed":0}
{"Time":"2026-09-28T10:41:07.977275398Z","Action":"run","Package":"git.example.com/infra/openbao-sdk-go","Test":"TestExplicitEmptyCAFileIsNotSystemTrust"}
{"Time":"2026-09-28T10:41:07.977277881Z","Action":"output","Package":"git.example.com/infra/openbao-sdk-go","Test":"TestExplicitEmptyCAFileIsNotSystemTrust","Output":"=== RUN   TestExplicitEmptyCAFileIsNotSystemTrust\n"}
{"Time":"2026-09-28T10:41:07.977829301Z","Action":"output","Package":"git.example.com/infra/openbao-sdk-go","Test":"TestExplicitEmptyCAFileIsNotSystemTrust","Output":"--- PASS: TestExplicitEmptyCAFileIsNotSystemTrust (0.00s)\n"}
{"Time":"2026-09-28T10:41:07.977844894Z","Action":"pass","Package":"git.example.com/infra/openbao-sdk-go","Test":"TestExplicitEmptyCAFileIsNotSystemTrust","Elapsed":0}
{"Time":"2026-09-28T10:41:07.977863112Z","Action":"run","Package":"git.example.com/infra/openbao-sdk-go","Test":"TestStartAfterLifetimeCancellationDoesNotReportReady"}
{"Time":"2026-09-28T10:41:07.977865455Z","Action":"output","Package":"git.example.com/infra/openbao-sdk-go","Test":"TestStartAfterLifetimeCancellationDoesNotReportReady","Output":"=== RUN   TestStartAfterLifetimeCancellationDoesNotReportReady\n"}
{"Time":"2026-09-28T10:41:07.978012947Z","Action":"output","Package":"git.example.com/infra/openbao-sdk-go","Test":"TestStartAfterLifetimeCancellationDoesNotReportReady","Output":"--- PASS: TestStartAfterLifetimeCancellationDoesNotReportReady (0.00s)\n"}
{"Time":"2026-09-28T10:41:07.978030764Z","Action":"pass","Package":"git.example.com/infra/openbao-sdk-go","Test":"TestStartAfterLifetimeCancellationDoesNotReportReady","Elapsed":0}
{"Time":"2026-09-28T10:41:07.978049472Z","Action":"run","Package":"git.example.com/infra/openbao-sdk-go","Test":"TestPublicKeyDecodeAttemptsNotHTTPStatus"}
{"Time":"2026-09-28T10:41:07.978051435Z","Action":"output","Package":"git.example.com/infra/openbao-sdk-go","Test":"TestPublicKeyDecodeAttemptsNotHTTPStatus","Output":"=== RUN   TestPublicKeyDecodeAttemptsNotHTTPStatus\n"}
{"Time":"2026-09-28T10:41:07.992586047Z","Action":"output","Package":"git.example.com/infra/openbao-sdk-go","Test":"TestPublicKeyDecodeAttemptsNotHTTPStatus","Output":"--- PASS: TestPublicKeyDecodeAttemptsNotHTTPStatus (0.01s)\n"}
{"Time":"2026-09-28T10:41:07.992609923Z","Action":"pass","Package":"git.example.com/infra/openbao-sdk-go","Test":"TestPublicKeyDecodeAttemptsNotHTTPStatus","Elapsed":0.01}
{"Time":"2026-09-28T10:41:07.992617164Z","Action":"run","Package":"git.example.com/infra/openbao-sdk-go","Test":"TestAmbiguousWrite4xxRetainsUnknown"}
{"Time":"2026-09-28T10:41:07.992619868Z","Action":"output","Package":"git.example.com/infra/openbao-sdk-go","Test":"TestAmbiguousWrite4xxRetainsUnknown","Output":"=== RUN   TestAmbiguousWrite4xxRetainsUnknown\n"}
{"Time":"2026-09-28T10:41:07.992622332Z","Action":"run","Package":"git.example.com/infra/openbao-sdk-go","Test":"TestAmbiguousWrite4xxRetainsUnknown/Bad_Request"}
{"Time":"2026-09-28T10:41:07.992630404Z","Action":"output","Package":"git.example.com/infra/openbao-sdk-go","Test":"TestAmbiguousWrite4xxRetainsUnknown/Bad_Request","Output":"=== RUN   TestAmbiguousWrite4xxRetainsUnknown/Bad_Request\n"}
{"Time":"2026-09-28T10:41:08.005281734Z","Action":"output","Package":"git.example.com/infra/openbao-sdk-go","Test":"TestAmbiguousWrite4xxRetainsUnknown/Bad_Request","Output":"--- PASS: TestAmbiguousWrite4xxRetainsUnknown/Bad_Request (0.01s)\n"}
{"Time":"2026-09-28T10:41:08.005301864Z","Action":"pass","Package":"git.example.com/infra/openbao-sdk-go","Test":"TestAmbiguousWrite4xxRetainsUnknown/Bad_Request","Elapsed":0.01}
{"Time":"2026-09-28T10:41:08.005305279Z","Action":"run","Package":"git.example.com/infra/openbao-sdk-go","Test":"TestAmbiguousWrite4xxRetainsUnknown/Unauthorized"}
{"Time":"2026-09-28T10:41:08.005307642Z","Action":"output","Package":"git.example.com/infra/openbao-sdk-go","Test":"TestAmbiguousWrite4xxRetainsUnknown/Unauthorized","Output":"=== RUN   TestAmbiguousWrite4xxRetainsUnknown/Unauthorized\n"}
{"Time":"2026-09-28T10:41:08.018564693Z","Action":"output","Package":"git.example.com/infra/openbao-sdk-go","Test":"TestAmbiguousWrite4xxRetainsUnknown/Unauthorized","Output":"--- PASS: TestAmbiguousWrite4xxRetainsUnknown/Unauthorized (0.01s)\n"}
{"Time":"2026-09-28T10:41:08.018586847Z","Action":"pass","Package":"git.example.com/infra/openbao-sdk-go","Test":"TestAmbiguousWrite4xxRetainsUnknown/Unauthorized","Elapsed":0.01}
{"Time":"2026-09-28T10:41:08.018591063Z","Action":"run","Package":"git.example.com/infra/openbao-sdk-go","Test":"TestAmbiguousWrite4xxRetainsUnknown/Forbidden"}
{"Time":"2026-09-28T10:41:08.018593897Z","Action":"output","Package":"git.example.com/infra/openbao-sdk-go","Test":"TestAmbiguousWrite4xxRetainsUnknown/Forbidden","Output":"=== RUN   TestAmbiguousWrite4xxRetainsUnknown/Forbidden\n"}
{"Time":"2026-09-28T10:41:08.033549753Z","Action":"output","Package":"git.example.com/infra/openbao-sdk-go","Test":"TestAmbiguousWrite4xxRetainsUnknown/Forbidden","Output":"--- PASS: TestAmbiguousWrite4xxRetainsUnknown/Forbidden (0.01s)\n"}
{"Time":"2026-09-28T10:41:08.033583914Z","Action":"pass","Package":"git.example.com/infra/openbao-sdk-go","Test":"TestAmbiguousWrite4xxRetainsUnknown/Forbidden","Elapsed":0.01}
{"Time":"2026-09-28T10:41:08.033589373Z","Action":"output","Package":"git.example.com/infra/openbao-sdk-go","Test":"TestAmbiguousWrite4xxRetainsUnknown","Output":"--- PASS: TestAmbiguousWrite4xxRetainsUnknown (0.04s)\n"}
{"Time":"2026-09-28T10:41:08.033592277Z","Action":"pass","Package":"git.example.com/infra/openbao-sdk-go","Test":"TestAmbiguousWrite4xxRetainsUnknown","Elapsed":0.04}
{"Time":"2026-09-28T10:41:08.033595211Z","Action":"run","Package":"git.example.com/infra/openbao-sdk-go","Test":"TestTransitCipherVersion"}
{"Time":"2026-09-28T10:41:08.033597495Z","Action":"output","Package":"git.example.com/infra/openbao-sdk-go","Test":"TestTransitCipherVersion","Output":"=== RUN   TestTransitCipherVersion\n"}
{"Time":"2026-09-28T10:41:08.052223522Z","Action":"output","Package":"git.example.com/infra/openbao-sdk-go","Test":"TestTransitCipherVersion","Output":"--- PASS: TestTransitCipherVersion (0.02s)\n"}
{"Time":"2026-09-28T10:41:08.052250793Z","Action":"pass","Package":"git.example.com/infra/openbao-sdk-go","Test":"TestTransitCipherVersion","Elapsed":0.02}
{"Time":"2026-09-28T10:41:08.052257293Z","Action":"run","Package":"git.example.com/infra/openbao-sdk-go","Test":"TestTransitCipherContext"}
{"Time":"2026-09-28T10:41:08.05227536Z","Action":"output","Package":"git.example.com/infra/openbao-sdk-go","Test":"TestTransitCipherContext","Output":"=== RUN   TestTransitCipherContext\n"}
{"Time":"2026-09-28T10:41:08.089355224Z","Action":"start","Package":"git.example.com/infra/openbao-sdk-go/pki"}
{"Time":"2026-09-28T10:41:08.089475745Z","Action":"start","Package":"git.example.com/infra/openbao-sdk-go/transit"}
{"Time":"2026-09-28T10:41:08.089484548Z","Action":"output","Package":"git.example.com/infra/openbao-sdk-go/transit","Output":"?   \tgit.example.com/infra/openbao-sdk-go/transit\t[no test files]\n"}
{"Time":"2026-09-28T10:41:08.089493222Z","Action":"skip","Package":"git.example.com/infra/openbao-sdk-go/transit","Elapsed":0}
{"Time":"2026-09-28T10:41:08.095624279Z","Action":"output","Package":"git.example.com/infra/openbao-sdk-go","Test":"TestTransitCipherContext","Output":"--- PASS: TestTransitCipherContext (0.04s)\n"}
{"Time":"2026-09-28T10:41:08.095675175Z","Action":"pass","Package":"git.example.com/infra/openbao-sdk-go","Test":"TestTransitCipherContext","Elapsed":0.04}
{"Time":"2026-09-28T10:41:08.095681995Z","Action":"run","Package":"git.example.com/infra/openbao-sdk-go","Test":"TestTransitNoKeyCreation"}
{"Time":"2026-09-28T10:41:08.095684259Z","Action":"output","Package":"git.example.com/infra/openbao-sdk-go","Test":"TestTransitNoKeyCreation","Output":"=== RUN   TestTransitNoKeyCreation\n"}
{"Time":"2026-09-28T10:41:08.098513134Z","Action":"run","Package":"git.example.com/infra/openbao-sdk-go/pki","Test":"TestPKITrustAndLifetime"}
{"Time":"2026-09-28T10:41:08.0985237Z","Action":"output","Package":"git.example.com/infra/openbao-sdk-go/pki","Test":"TestPKITrustAndLifetime","Output":"=== RUN   TestPKITrustAndLifetime\n"}
{"Time":"2026-09-28T10:41:08.110013263Z","Action":"output","Package":"git.example.com/infra/openbao-sdk-go/pki","Test":"TestPKITrustAndLifetime","Output":"--- PASS: TestPKITrustAndLifetime (0.01s)\n"}
{"Time":"2026-09-28T10:41:08.110035987Z","Action":"pass","Package":"git.example.com/infra/openbao-sdk-go/pki","Test":"TestPKITrustAndLifetime","Elapsed":0.01}
{"Time":"2026-09-28T10:41:08.114740433Z","Action":"output","Package":"git.example.com/infra/openbao-sdk-go","Test":"TestTransitNoKeyCreation","Output":"--- PASS: TestTransitNoKeyCreation (0.02s)\n"}
{"Time":"2026-09-28T10:41:08.114762847Z","Action":"pass","Package":"git.example.com/infra/openbao-sdk-go","Test":"TestTransitNoKeyCreation","Elapsed":0.02}
{"Time":"2026-09-28T10:41:08.114767363Z","Action":"run","Package":"git.example.com/infra/openbao-sdk-go","Test":"TestTransitHMAC"}
{"Time":"2026-09-28T10:41:08.114769947Z","Action":"output","Package":"git.example.com/infra/openbao-sdk-go","Test":"TestTransitHMAC","Output":"=== RUN   TestTransitHMAC\n"}
{"Time":"2026-09-28T10:41:08.114786117Z","Action":"run","Package":"git.example.com/infra/openbao-sdk-go/pki","Test":"TestPKICSRSignature"}
{"Time":"2026-09-28T10:41:08.114840789Z","Action":"output","Package":"git.example.com/infra/openbao-sdk-go/pki","Test":"TestPKICSRSignature","Output":"=== RUN   TestPKICSRSignature\n"}
{"Time":"2026-09-28T10:41:08.114851605Z","Action":"output","Package":"git.example.com/infra/openbao-sdk-go/pki","Test":"TestPKICSRSignature","Output":"--- PASS: TestPKICSRSignature (0.00s)\n"}
{"Time":"2026-09-28T10:41:08.114856533Z","Action":"pass","Package":"git.example.com/infra/openbao-sdk-go/pki","Test":"TestPKICSRSignature","Elapsed":0}
{"Time":"2026-09-28T10:41:08.114862512Z","Action":"run","Package":"git.example.com/infra/openbao-sdk-go/pki","Test":"TestPKIMetadataAndMalformedPolicy"}
{"Time":"2026-09-28T10:41:08.11486829Z","Action":"output","Package":"git.example.com/infra/openbao-sdk-go/pki","Test":"TestPKIMetadataAndMalformedPolicy","Output":"=== RUN   TestPKIMetadataAndMalformedPolicy\n"}
{"Time":"2026-09-28T10:41:08.119280647Z","Action":"output","Package":"git.example.com/infra/openbao-sdk-go/pki","Test":"TestPKIMetadataAndMalformedPolicy","Output":"--- PASS: TestPKIMetadataAndMalformedPolicy (0.01s)\n"}
{"Time":"2026-09-28T10:41:08.119310973Z","Action":"pass","Package":"git.example.com/infra/openbao-sdk-go/pki","Test":"TestPKIMetadataAndMalformedPolicy","Elapsed":0.01}
{"Time":"2026-09-28T10:41:08.119337042Z","Action":"run","Package":"git.example.com/infra/openbao-sdk-go/pki","Test":"FuzzPKICSR"}
{"Time":"2026-09-28T10:41:08.119340187Z","Action":"output","Package":"git.example.com/infra/openbao-sdk-go/pki","Test":"FuzzPKICSR","Output":"=== RUN   FuzzPKICSR\n"}
{"Time":"2026-09-28T10:41:08.1194355Z","Action":"run","Package":"git.example.com/infra/openbao-sdk-go/pki","Test":"FuzzPKICSR/seed#0"}
{"Time":"2026-09-28T10:41:08.119438234Z","Action":"output","Package":"git.example.com/infra/openbao-sdk-go/pki","Test":"FuzzPKICSR/seed#0","Output":"=== RUN   FuzzPKICSR/seed#0\n"}
{"Time":"2026-09-28T10:41:08.119497353Z","Action":"output","Package":"git.example.com/infra/openbao-sdk-go/pki","Test":"FuzzPKICSR/seed#0","Output":"--- PASS: FuzzPKICSR/seed#0 (0.00s)\n"}
{"Time":"2026-09-28T10:41:08.119509722Z","Action":"pass","Package":"git.example.com/infra/openbao-sdk-go/pki","Test":"FuzzPKICSR/seed#0","Elapsed":0}
{"Time":"2026-09-28T10:41:08.119563493Z","Action":"output","Package":"git.example.com/infra/openbao-sdk-go/pki","Test":"FuzzPKICSR","Output":"--- PASS: FuzzPKICSR (0.00s)\n"}
{"Time":"2026-09-28T10:41:08.119566187Z","Action":"pass","Package":"git.example.com/infra/openbao-sdk-go/pki","Test":"FuzzPKICSR","Elapsed":0}
{"Time":"2026-09-28T10:41:08.119567989Z","Action":"output","Package":"git.example.com/infra/openbao-sdk-go/pki","Output":"PASS\n"}
{"Time":"2026-09-28T10:41:08.12946425Z","Action":"output","Package":"git.example.com/infra/openbao-sdk-go","Test":"TestTransitHMAC","Output":"--- PASS: TestTransitHMAC (0.02s)\n"}
{"Time":"2026-09-28T10:41:08.129489177Z","Action":"pass","Package":"git.example.com/infra/openbao-sdk-go","Test":"TestTransitHMAC","Elapsed":0.02}
{"Time":"2026-09-28T10:41:08.129494385Z","Action":"run","Package":"git.example.com/infra/openbao-sdk-go","Test":"TestTransitSignProfiles"}
{"Time":"2026-09-28T10:41:08.129496589Z","Action":"output","Package":"git.example.com/infra/openbao-sdk-go","Test":"TestTransitSignProfiles","Output":"=== RUN   TestTransitSignProfiles\n"}
{"Time":"2026-09-28T10:41:08.252888936Z","Action":"run","Package":"git.example.com/infra/openbao-sdk-go","Test":"TestTransitSignProfiles/ecdsa-p256-sha256-asn1"}
{"Time":"2026-09-28T10:41:08.252919432Z","Action":"output","Package":"git.example.com/infra/openbao-sdk-go","Test":"TestTransitSignProfiles/ecdsa-p256-sha256-asn1","Output":"=== RUN   TestTransitSignProfiles/ecdsa-p256-sha256-asn1\n"}
{"Time":"2026-09-28T10:41:08.266052712Z","Action":"start","Package":"git.example.com/infra/openbao-sdk-go/baoerr"}
{"Time":"2026-09-28T10:41:08.27451839Z","Action":"run","Package":"git.example.com/infra/openbao-sdk-go/baoerr","Test":"TestNilUnknownAndAllCodes"}
{"Time":"2026-09-28T10:41:08.274567074Z","Action":"output","Package":"git.example.com/infra/openbao-sdk-go/baoerr","Test":"TestNilUnknownAndAllCodes","Output":"=== RUN   TestNilUnknownAndAllCodes\n"}
{"Time":"2026-09-28T10:41:08.275386176Z","Action":"output","Package":"git.example.com/infra/openbao-sdk-go/baoerr","Test":"TestNilUnknownAndAllCodes","Output":"--- PASS: TestNilUnknownAndAllCodes (0.00s)\n"}
{"Time":"2026-09-28T10:41:08.275420487Z","Action":"pass","Package":"git.example.com/infra/openbao-sdk-go/baoerr","Test":"TestNilUnknownAndAllCodes","Elapsed":0}
{"Time":"2026-09-28T10:41:08.275451444Z","Action":"run","Package":"git.example.com/infra/openbao-sdk-go/baoerr","Test":"TestErrorClassificationAndRedaction"}
{"Time":"2026-09-28T10:41:08.275453337Z","Action":"output","Package":"git.example.com/infra/openbao-sdk-go/baoerr","Test":"TestErrorClassificationAndRedaction","Output":"=== RUN   TestErrorClassificationAndRedaction\n"}
{"Time":"2026-09-28T10:41:08.275587118Z","Action":"output","Package":"git.example.com/infra/openbao-sdk-go/baoerr","Test":"TestErrorClassificationAndRedaction","Output":"--- PASS: TestErrorClassificationAndRedaction (0.00s)\n"}
{"Time":"2026-09-28T10:41:08.27562801Z","Action":"pass","Package":"git.example.com/infra/openbao-sdk-go/baoerr","Test":"TestErrorClassificationAndRedaction","Elapsed":0}
{"Time":"2026-09-28T10:41:08.275644334Z","Action":"output","Package":"git.example.com/infra/openbao-sdk-go/baoerr","Output":"PASS\n"}
{"Time":"2026-09-28T10:41:08.280057472Z","Action":"output","Package":"git.example.com/infra/openbao-sdk-go","Test":"TestTransitSignProfiles/ecdsa-p256-sha256-asn1","Output":"--- PASS: TestTransitSignProfiles/ecdsa-p256-sha256-asn1 (0.03s)\n"}
{"Time":"2026-09-28T10:41:08.280068399Z","Action":"pass","Package":"git.example.com/infra/openbao-sdk-go","Test":"TestTransitSignProfiles/ecdsa-p256-sha256-asn1","Elapsed":0.03}
{"Time":"2026-09-28T10:41:08.280085765Z","Action":"run","Package":"git.example.com/infra/openbao-sdk-go","Test":"TestTransitSignProfiles/rsa-pss-sha256-saltlen-hash"}
{"Time":"2026-09-28T10:41:08.280088058Z","Action":"output","Package":"git.example.com/infra/openbao-sdk-go","Test":"TestTransitSignProfiles/rsa-pss-sha256-saltlen-hash","Output":"=== RUN   TestTransitSignProfiles/rsa-pss-sha256-saltlen-hash\n"}
{"Time":"2026-09-28T10:41:08.311400618Z","Action":"output","Package":"git.example.com/infra/openbao-sdk-go","Test":"TestTransitSignProfiles/rsa-pss-sha256-saltlen-hash","Output":"--- PASS: TestTransitSignProfiles/rsa-pss-sha256-saltlen-hash (0.03s)\n"}
{"Time":"2026-09-28T10:41:08.311431364Z","Action":"pass","Package":"git.example.com/infra/openbao-sdk-go","Test":"TestTransitSignProfiles/rsa-pss-sha256-saltlen-hash","Elapsed":0.03}
{"Time":"2026-09-28T10:41:08.311438375Z","Action":"run","Package":"git.example.com/infra/openbao-sdk-go","Test":"TestTransitSignProfiles/ed25519-message"}
{"Time":"2026-09-28T10:41:08.311441179Z","Action":"output","Package":"git.example.com/infra/openbao-sdk-go","Test":"TestTransitSignProfiles/ed25519-message","Output":"=== RUN   TestTransitSignProfiles/ed25519-message\n"}
{"Time":"2026-09-28T10:41:08.325921219Z","Action":"output","Package":"git.example.com/infra/openbao-sdk-go","Test":"TestTransitSignProfiles/ed25519-message","Output":"--- PASS: TestTransitSignProfiles/ed25519-message (0.01s)\n"}
{"Time":"2026-09-28T10:41:08.325944815Z","Action":"pass","Package":"git.example.com/infra/openbao-sdk-go","Test":"TestTransitSignProfiles/ed25519-message","Elapsed":0.01}
{"Time":"2026-09-28T10:41:08.325950563Z","Action":"output","Package":"git.example.com/infra/openbao-sdk-go","Test":"TestTransitSignProfiles","Output":"--- PASS: TestTransitSignProfiles (0.20s)\n"}
{"Time":"2026-09-28T10:41:08.325986898Z","Action":"pass","Package":"git.example.com/infra/openbao-sdk-go","Test":"TestTransitSignProfiles","Elapsed":0.2}
{"Time":"2026-09-28T10:41:08.326008831Z","Action":"run","Package":"git.example.com/infra/openbao-sdk-go","Test":"TestTransitVersionPin"}
{"Time":"2026-09-28T10:41:08.326011265Z","Action":"output","Package":"git.example.com/infra/openbao-sdk-go","Test":"TestTransitVersionPin","Output":"=== RUN   TestTransitVersionPin\n"}
{"Time":"2026-09-28T10:41:08.638066813Z","Action":"output","Package":"git.example.com/infra/openbao-sdk-go","Test":"TestTransitVersionPin","Output":"--- PASS: TestTransitVersionPin (0.31s)\n"}
{"Time":"2026-09-28T10:41:08.638106383Z","Action":"pass","Package":"git.example.com/infra/openbao-sdk-go","Test":"TestTransitVersionPin","Elapsed":0.31}
{"Time":"2026-09-28T10:41:08.638114275Z","Action":"run","Package":"git.example.com/infra/openbao-sdk-go","Test":"TestTransitPublicKeyFormats"}
{"Time":"2026-09-28T10:41:08.6381174Z","Action":"output","Package":"git.example.com/infra/openbao-sdk-go","Test":"TestTransitPublicKeyFormats","Output":"=== RUN   TestTransitPublicKeyFormats\n"}
{"Time":"2026-09-28T10:41:08.774207823Z","Action":"output","Package":"git.example.com/infra/openbao-sdk-go","Test":"TestTransitPublicKeyFormats","Output":"--- PASS: TestTransitPublicKeyFormats (0.14s)\n"}
{"Time":"2026-09-28T10:41:08.774255505Z","Action":"pass","Package":"git.example.com/infra/openbao-sdk-go","Test":"TestTransitPublicKeyFormats","Elapsed":0.14}
{"Time":"2026-09-28T10:41:08.774286461Z","Action":"run","Package":"git.example.com/infra/openbao-sdk-go","Test":"TestTransitVerifyFalse"}
{"Time":"2026-09-28T10:41:08.774290518Z","Action":"output","Package":"git.example.com/infra/openbao-sdk-go","Test":"TestTransitVerifyFalse","Output":"=== RUN   TestTransitVerifyFalse\n"}
{"Time":"2026-09-28T10:41:08.865739624Z","Action":"output","Package":"git.example.com/infra/openbao-sdk-go","Test":"TestTransitVerifyFalse","Output":"--- PASS: TestTransitVerifyFalse (0.09s)\n"}
{"Time":"2026-09-28T10:41:08.865781837Z","Action":"pass","Package":"git.example.com/infra/openbao-sdk-go","Test":"TestTransitVerifyFalse","Elapsed":0.09}
{"Time":"2026-09-28T10:41:08.86579001Z","Action":"run","Package":"git.example.com/infra/openbao-sdk-go","Test":"TestPublicRuntimeHasNoAdminEscape"}
{"Time":"2026-09-28T10:41:08.865808407Z","Action":"output","Package":"git.example.com/infra/openbao-sdk-go","Test":"TestPublicRuntimeHasNoAdminEscape","Output":"=== RUN   TestPublicRuntimeHasNoAdminEscape\n"}
{"Time":"2026-09-28T10:41:08.866425275Z","Action":"output","Package":"git.example.com/infra/openbao-sdk-go","Test":"TestPublicRuntimeHasNoAdminEscape","Output":"--- PASS: TestPublicRuntimeHasNoAdminEscape (0.00s)\n"}
{"Time":"2026-09-28T10:41:08.866437323Z","Action":"pass","Package":"git.example.com/infra/openbao-sdk-go","Test":"TestPublicRuntimeHasNoAdminEscape","Elapsed":0}
{"Time":"2026-09-28T10:41:08.866442461Z","Action":"output","Package":"git.example.com/infra/openbao-sdk-go","Output":"PASS\n"}
{"Time":"2026-09-28T10:41:09.121096935Z","Action":"output","Package":"git.example.com/infra/openbao-sdk-go/pki","Output":"ok  \tgit.example.com/infra/openbao-sdk-go/pki\t1.032s\n"}
{"Time":"2026-09-28T10:41:09.121139479Z","Action":"pass","Package":"git.example.com/infra/openbao-sdk-go/pki","Elapsed":1.032}
{"Time":"2026-09-28T10:41:09.277499989Z","Action":"output","Package":"git.example.com/infra/openbao-sdk-go/baoerr","Output":"ok  \tgit.example.com/infra/openbao-sdk-go/baoerr\t1.011s\n"}
{"Time":"2026-09-28T10:41:09.277534782Z","Action":"pass","Package":"git.example.com/infra/openbao-sdk-go/baoerr","Elapsed":1.011}
{"Time":"2026-09-28T10:41:09.280706262Z","Action":"start","Package":"git.example.com/infra/openbao-sdk-go/sensitive"}
{"Time":"2026-09-28T10:41:09.280860524Z","Action":"start","Package":"git.example.com/infra/openbao-sdk-go/diagnostics"}
{"Time":"2026-09-28T10:41:09.280871461Z","Action":"output","Package":"git.example.com/infra/openbao-sdk-go/diagnostics","Output":"?   \tgit.example.com/infra/openbao-sdk-go/diagnostics\t[no test files]\n"}
{"Time":"2026-09-28T10:41:09.280876288Z","Action":"skip","Package":"git.example.com/infra/openbao-sdk-go/diagnostics","Elapsed":0}
{"Time":"2026-09-28T10:41:09.281893929Z","Action":"start","Package":"git.example.com/infra/openbao-sdk-go/observe"}
{"Time":"2026-09-28T10:41:09.281909452Z","Action":"output","Package":"git.example.com/infra/openbao-sdk-go/observe","Output":"?   \tgit.example.com/infra/openbao-sdk-go/observe\t[no test files]\n"}
{"Time":"2026-09-28T10:41:09.281913808Z","Action":"skip","Package":"git.example.com/infra/openbao-sdk-go/observe","Elapsed":0}
{"Time":"2026-09-28T10:41:09.291823104Z","Action":"run","Package":"git.example.com/infra/openbao-sdk-go/sensitive","Test":"TestSensitiveFormatting"}
{"Time":"2026-09-28T10:41:09.291849384Z","Action":"output","Package":"git.example.com/infra/openbao-sdk-go/sensitive","Test":"TestSensitiveFormatting","Output":"=== RUN   TestSensitiveFormatting\n"}
{"Time":"2026-09-28T10:41:09.292471269Z","Action":"output","Package":"git.example.com/infra/openbao-sdk-go/sensitive","Test":"TestSensitiveFormatting","Output":"--- PASS: TestSensitiveFormatting (0.00s)\n"}
{"Time":"2026-09-28T10:41:09.292487674Z","Action":"pass","Package":"git.example.com/infra/openbao-sdk-go/sensitive","Test":"TestSensitiveFormatting","Elapsed":0}
{"Time":"2026-09-28T10:41:09.292494494Z","Action":"run","Package":"git.example.com/infra/openbao-sdk-go/sensitive","Test":"TestSensitiveCopyAndZero"}
{"Time":"2026-09-28T10:41:09.292496848Z","Action":"output","Package":"git.example.com/infra/openbao-sdk-go/sensitive","Test":"TestSensitiveCopyAndZero","Output":"=== RUN   TestSensitiveCopyAndZero\n"}
{"Time":"2026-09-28T10:41:09.292499902Z","Action":"output","Package":"git.example.com/infra/openbao-sdk-go/sensitive","Test":"TestSensitiveCopyAndZero","Output":"--- PASS: TestSensitiveCopyAndZero (0.00s)\n"}
{"Time":"2026-09-28T10:41:09.292503408Z","Action":"pass","Package":"git.example.com/infra/openbao-sdk-go/sensitive","Test":"TestSensitiveCopyAndZero","Elapsed":0}
{"Time":"2026-09-28T10:41:09.292505901Z","Action":"run","Package":"git.example.com/infra/openbao-sdk-go/sensitive","Test":"TestSensitiveConcurrentRead"}
{"Time":"2026-09-28T10:41:09.292507504Z","Action":"output","Package":"git.example.com/infra/openbao-sdk-go/sensitive","Test":"TestSensitiveConcurrentRead","Output":"=== RUN   TestSensitiveConcurrentRead\n"}
{"Time":"2026-09-28T10:41:09.292585321Z","Action":"run","Package":"git.example.com/infra/openbao-sdk-go/sensitive","Test":"TestSensitiveConcurrentRead/0"}
{"Time":"2026-09-28T10:41:09.292587774Z","Action":"output","Package":"git.example.com/infra/openbao-sdk-go/sensitive","Test":"TestSensitiveConcurrentRead/0","Output":"=== RUN   TestSensitiveConcurrentRead/0\n"}
{"Time":"2026-09-28T10:41:09.292627554Z","Action":"output","Package":"git.example.com/infra/openbao-sdk-go/sensitive","Test":"TestSensitiveConcurrentRead/0","Output":"=== PAUSE TestSensitiveConcurrentRead/0\n"}
{"Time":"2026-09-28T10:41:09.292629577Z","Action":"pause","Package":"git.example.com/infra/openbao-sdk-go/sensitive","Test":"TestSensitiveConcurrentRead/0"}
{"Time":"2026-09-28T10:41:09.292652402Z","Action":"run","Package":"git.example.com/infra/openbao-sdk-go/sensitive","Test":"TestSensitiveConcurrentRead/1"}
{"Time":"2026-09-28T10:41:09.292654094Z","Action":"output","Package":"git.example.com/infra/openbao-sdk-go/sensitive","Test":"TestSensitiveConcurrentRead/1","Output":"=== RUN   TestSensitiveConcurrentRead/1\n"}
{"Time":"2026-09-28T10:41:09.292695577Z","Action":"output","Package":"git.example.com/infra/openbao-sdk-go/sensitive","Test":"TestSensitiveConcurrentRead/1","Output":"=== PAUSE TestSensitiveConcurrentRead/1\n"}
{"Time":"2026-09-28T10:41:09.292698271Z","Action":"pause","Package":"git.example.com/infra/openbao-sdk-go/sensitive","Test":"TestSensitiveConcurrentRead/1"}
{"Time":"2026-09-28T10:41:09.293148338Z","Action":"run","Package":"git.example.com/infra/openbao-sdk-go/sensitive","Test":"TestSensitiveConcurrentRead/2"}
{"Time":"2026-09-28T10:41:09.293154497Z","Action":"output","Package":"git.example.com/infra/openbao-sdk-go/sensitive","Test":"TestSensitiveConcurrentRead/2","Output":"=== RUN   TestSensitiveConcurrentRead/2\n"}
{"Time":"2026-09-28T10:41:09.293303862Z","Action":"output","Package":"git.example.com/infra/openbao-sdk-go/sensitive","Test":"TestSensitiveConcurrentRead/2","Output":"=== PAUSE TestSensitiveConcurrentRead/2\n"}
{"Time":"2026-09-28T10:41:09.293307337Z","Action":"pause","Package":"git.example.com/infra/openbao-sdk-go/sensitive","Test":"TestSensitiveConcurrentRead/2"}
{"Time":"2026-09-28T10:41:09.293351924Z","Action":"run","Package":"git.example.com/infra/openbao-sdk-go/sensitive","Test":"TestSensitiveConcurrentRead/3"}
{"Time":"2026-09-28T10:41:09.293360937Z","Action":"output","Package":"git.example.com/infra/openbao-sdk-go/sensitive","Test":"TestSensitiveConcurrentRead/3","Output":"=== RUN   TestSensitiveConcurrentRead/3\n"}
{"Time":"2026-09-28T10:41:09.29338939Z","Action":"output","Package":"git.example.com/infra/openbao-sdk-go/sensitive","Test":"TestSensitiveConcurrentRead/3","Output":"=== PAUSE TestSensitiveConcurrentRead/3\n"}
{"Time":"2026-09-28T10:41:09.293391453Z","Action":"pause","Package":"git.example.com/infra/openbao-sdk-go/sensitive","Test":"TestSensitiveConcurrentRead/3"}
{"Time":"2026-09-28T10:41:09.293415389Z","Action":"run","Package":"git.example.com/infra/openbao-sdk-go/sensitive","Test":"TestSensitiveConcurrentRead/4"}
{"Time":"2026-09-28T10:41:09.293417462Z","Action":"output","Package":"git.example.com/infra/openbao-sdk-go/sensitive","Test":"TestSensitiveConcurrentRead/4","Output":"=== RUN   TestSensitiveConcurrentRead/4\n"}
{"Time":"2026-09-28T10:41:09.293473587Z","Action":"output","Package":"git.example.com/infra/openbao-sdk-go/sensitive","Test":"TestSensitiveConcurrentRead/4","Output":"=== PAUSE TestSensitiveConcurrentRead/4\n"}
{"Time":"2026-09-28T10:41:09.2934757Z","Action":"pause","Package":"git.example.com/infra/openbao-sdk-go/sensitive","Test":"TestSensitiveConcurrentRead/4"}
{"Time":"2026-09-28T10:41:09.293477833Z","Action":"run","Package":"git.example.com/infra/openbao-sdk-go/sensitive","Test":"TestSensitiveConcurrentRead/5"}
{"Time":"2026-09-28T10:41:09.293479396Z","Action":"output","Package":"git.example.com/infra/openbao-sdk-go/sensitive","Test":"TestSensitiveConcurrentRead/5","Output":"=== RUN   TestSensitiveConcurrentRead/5\n"}
{"Time":"2026-09-28T10:41:09.293486306Z","Action":"output","Package":"git.example.com/infra/openbao-sdk-go/sensitive","Test":"TestSensitiveConcurrentRead/5","Output":"=== PAUSE TestSensitiveConcurrentRead/5\n"}
{"Time":"2026-09-28T10:41:09.293488049Z","Action":"pause","Package":"git.example.com/infra/openbao-sdk-go/sensitive","Test":"TestSensitiveConcurrentRead/5"}
{"Time":"2026-09-28T10:41:09.293526837Z","Action":"run","Package":"git.example.com/infra/openbao-sdk-go/sensitive","Test":"TestSensitiveConcurrentRead/6"}
{"Time":"2026-09-28T10:41:09.293530042Z","Action":"output","Package":"git.example.com/infra/openbao-sdk-go/sensitive","Test":"TestSensitiveConcurrentRead/6","Output":"=== RUN   TestSensitiveConcurrentRead/6\n"}
{"Time":"2026-09-28T10:41:09.293760639Z","Action":"output","Package":"git.example.com/infra/openbao-sdk-go/sensitive","Test":"TestSensitiveConcurrentRead/6","Output":"=== PAUSE TestSensitiveConcurrentRead/6\n"}
{"Time":"2026-09-28T10:41:09.293763202Z","Action":"pause","Package":"git.example.com/infra/openbao-sdk-go/sensitive","Test":"TestSensitiveConcurrentRead/6"}
{"Time":"2026-09-28T10:41:09.293765235Z","Action":"run","Package":"git.example.com/infra/openbao-sdk-go/sensitive","Test":"TestSensitiveConcurrentRead/7"}
{"Time":"2026-09-28T10:41:09.293767068Z","Action":"output","Package":"git.example.com/infra/openbao-sdk-go/sensitive","Test":"TestSensitiveConcurrentRead/7","Output":"=== RUN   TestSensitiveConcurrentRead/7\n"}
{"Time":"2026-09-28T10:41:09.293770043Z","Action":"output","Package":"git.example.com/infra/openbao-sdk-go/sensitive","Test":"TestSensitiveConcurrentRead/7","Output":"=== PAUSE TestSensitiveConcurrentRead/7\n"}
{"Time":"2026-09-28T10:41:09.293771515Z","Action":"pause","Package":"git.example.com/infra/openbao-sdk-go/sensitive","Test":"TestSensitiveConcurrentRead/7"}
{"Time":"2026-09-28T10:41:09.293773588Z","Action":"run","Package":"git.example.com/infra/openbao-sdk-go/sensitive","Test":"TestSensitiveConcurrentRead/8"}
{"Time":"2026-09-28T10:41:09.29377519Z","Action":"output","Package":"git.example.com/infra/openbao-sdk-go/sensitive","Test":"TestSensitiveConcurrentRead/8","Output":"=== RUN   TestSensitiveConcurrentRead/8\n"}
{"Time":"2026-09-28T10:41:09.293777364Z","Action":"output","Package":"git.example.com/infra/openbao-sdk-go/sensitive","Test":"TestSensitiveConcurrentRead/8","Output":"=== PAUSE TestSensitiveConcurrentRead/8\n"}
{"Time":"2026-09-28T10:41:09.293778936Z","Action":"pause","Package":"git.example.com/infra/openbao-sdk-go/sensitive","Test":"TestSensitiveConcurrentRead/8"}
{"Time":"2026-09-28T10:41:09.293780899Z","Action":"run","Package":"git.example.com/infra/openbao-sdk-go/sensitive","Test":"TestSensitiveConcurrentRead/9"}
{"Time":"2026-09-28T10:41:09.293782431Z","Action":"output","Package":"git.example.com/infra/openbao-sdk-go/sensitive","Test":"TestSensitiveConcurrentRead/9","Output":"=== RUN   TestSensitiveConcurrentRead/9\n"}
{"Time":"2026-09-28T10:41:09.293797254Z","Action":"output","Package":"git.example.com/infra/openbao-sdk-go/sensitive","Test":"TestSensitiveConcurrentRead/9","Output":"=== PAUSE TestSensitiveConcurrentRead/9\n"}
{"Time":"2026-09-28T10:41:09.293798826Z","Action":"pause","Package":"git.example.com/infra/openbao-sdk-go/sensitive","Test":"TestSensitiveConcurrentRead/9"}
{"Time":"2026-09-28T10:41:09.293800639Z","Action":"run","Package":"git.example.com/infra/openbao-sdk-go/sensitive","Test":"TestSensitiveConcurrentRead/10"}
{"Time":"2026-09-28T10:41:09.293802171Z","Action":"output","Package":"git.example.com/infra/openbao-sdk-go/sensitive","Test":"TestSensitiveConcurrentRead/10","Output":"=== RUN   TestSensitiveConcurrentRead/10\n"}
{"Time":"2026-09-28T10:41:09.293804394Z","Action":"output","Package":"git.example.com/infra/openbao-sdk-go/sensitive","Test":"TestSensitiveConcurrentRead/10","Output":"=== PAUSE TestSensitiveConcurrentRead/10\n"}
{"Time":"2026-09-28T10:41:09.293806107Z","Action":"pause","Package":"git.example.com/infra/openbao-sdk-go/sensitive","Test":"TestSensitiveConcurrentRead/10"}
{"Time":"2026-09-28T10:41:09.293837835Z","Action":"run","Package":"git.example.com/infra/openbao-sdk-go/sensitive","Test":"TestSensitiveConcurrentRead/11"}
{"Time":"2026-09-28T10:41:09.293839878Z","Action":"output","Package":"git.example.com/infra/openbao-sdk-go/sensitive","Test":"TestSensitiveConcurrentRead/11","Output":"=== RUN   TestSensitiveConcurrentRead/11\n"}
{"Time":"2026-09-28T10:41:09.293929473Z","Action":"output","Package":"git.example.com/infra/openbao-sdk-go/sensitive","Test":"TestSensitiveConcurrentRead/11","Output":"=== PAUSE TestSensitiveConcurrentRead/11\n"}
{"Time":"2026-09-28T10:41:09.293931726Z","Action":"pause","Package":"git.example.com/infra/openbao-sdk-go/sensitive","Test":"TestSensitiveConcurrentRead/11"}
{"Time":"2026-09-28T10:41:09.293973228Z","Action":"run","Package":"git.example.com/infra/openbao-sdk-go/sensitive","Test":"TestSensitiveConcurrentRead/12"}
{"Time":"2026-09-28T10:41:09.294020389Z","Action":"output","Package":"git.example.com/infra/openbao-sdk-go/sensitive","Test":"TestSensitiveConcurrentRead/12","Output":"=== RUN   TestSensitiveConcurrentRead/12\n"}
{"Time":"2026-09-28T10:41:09.294023594Z","Action":"output","Package":"git.example.com/infra/openbao-sdk-go/sensitive","Test":"TestSensitiveConcurrentRead/12","Output":"=== PAUSE TestSensitiveConcurrentRead/12\n"}
{"Time":"2026-09-28T10:41:09.294036323Z","Action":"pause","Package":"git.example.com/infra/openbao-sdk-go/sensitive","Test":"TestSensitiveConcurrentRead/12"}
{"Time":"2026-09-28T10:41:09.294038667Z","Action":"run","Package":"git.example.com/infra/openbao-sdk-go/sensitive","Test":"TestSensitiveConcurrentRead/13"}
{"Time":"2026-09-28T10:41:09.294040349Z","Action":"output","Package":"git.example.com/infra/openbao-sdk-go/sensitive","Test":"TestSensitiveConcurrentRead/13","Output":"=== RUN   TestSensitiveConcurrentRead/13\n"}
{"Time":"2026-09-28T10:41:09.294043314Z","Action":"output","Package":"git.example.com/infra/openbao-sdk-go/sensitive","Test":"TestSensitiveConcurrentRead/13","Output":"=== PAUSE TestSensitiveConcurrentRead/13\n"}
{"Time":"2026-09-28T10:41:09.294044836Z","Action":"pause","Package":"git.example.com/infra/openbao-sdk-go/sensitive","Test":"TestSensitiveConcurrentRead/13"}
{"Time":"2026-09-28T10:41:09.29406745Z","Action":"run","Package":"git.example.com/infra/openbao-sdk-go/sensitive","Test":"TestSensitiveConcurrentRead/14"}
{"Time":"2026-09-28T10:41:09.294069433Z","Action":"output","Package":"git.example.com/infra/openbao-sdk-go/sensitive","Test":"TestSensitiveConcurrentRead/14","Output":"=== RUN   TestSensitiveConcurrentRead/14\n"}
{"Time":"2026-09-28T10:41:09.294123885Z","Action":"output","Package":"git.example.com/infra/openbao-sdk-go/sensitive","Test":"TestSensitiveConcurrentRead/14","Output":"=== PAUSE TestSensitiveConcurrentRead/14\n"}
{"Time":"2026-09-28T10:41:09.294125908Z","Action":"pause","Package":"git.example.com/infra/openbao-sdk-go/sensitive","Test":"TestSensitiveConcurrentRead/14"}
{"Time":"2026-09-28T10:41:09.294128001Z","Action":"run","Package":"git.example.com/infra/openbao-sdk-go/sensitive","Test":"TestSensitiveConcurrentRead/15"}
{"Time":"2026-09-28T10:41:09.294142713Z","Action":"output","Package":"git.example.com/infra/openbao-sdk-go/sensitive","Test":"TestSensitiveConcurrentRead/15","Output":"=== RUN   TestSensitiveConcurrentRead/15\n"}
{"Time":"2026-09-28T10:41:09.294145367Z","Action":"output","Package":"git.example.com/infra/openbao-sdk-go/sensitive","Test":"TestSensitiveConcurrentRead/15","Output":"=== PAUSE TestSensitiveConcurrentRead/15\n"}
{"Time":"2026-09-28T10:41:09.29414715Z","Action":"pause","Package":"git.example.com/infra/openbao-sdk-go/sensitive","Test":"TestSensitiveConcurrentRead/15"}
{"Time":"2026-09-28T10:41:09.294152288Z","Action":"run","Package":"git.example.com/infra/openbao-sdk-go/sensitive","Test":"TestSensitiveConcurrentRead/16"}
{"Time":"2026-09-28T10:41:09.294154241Z","Action":"output","Package":"git.example.com/infra/openbao-sdk-go/sensitive","Test":"TestSensitiveConcurrentRead/16","Output":"=== RUN   TestSensitiveConcurrentRead/16\n"}
{"Time":"2026-09-28T10:41:09.294220651Z","Action":"output","Package":"git.example.com/infra/openbao-sdk-go/sensitive","Test":"TestSensitiveConcurrentRead/16","Output":"=== PAUSE TestSensitiveConcurrentRead/16\n"}
{"Time":"2026-09-28T10:41:09.294231276Z","Action":"pause","Package":"git.example.com/infra/openbao-sdk-go/sensitive","Test":"TestSensitiveConcurrentRead/16"}
{"Time":"2026-09-28T10:41:09.29423364Z","Action":"run","Package":"git.example.com/infra/openbao-sdk-go/sensitive","Test":"TestSensitiveConcurrentRead/17"}
{"Time":"2026-09-28T10:41:09.294235192Z","Action":"output","Package":"git.example.com/infra/openbao-sdk-go/sensitive","Test":"TestSensitiveConcurrentRead/17","Output":"=== RUN   TestSensitiveConcurrentRead/17\n"}
{"Time":"2026-09-28T10:41:09.294237085Z","Action":"output","Package":"git.example.com/infra/openbao-sdk-go/sensitive","Test":"TestSensitiveConcurrentRead/17","Output":"=== PAUSE TestSensitiveConcurrentRead/17\n"}
{"Time":"2026-09-28T10:41:09.294238608Z","Action":"pause","Package":"git.example.com/infra/openbao-sdk-go/sensitive","Test":"TestSensitiveConcurrentRead/17"}
{"Time":"2026-09-28T10:41:09.294240941Z","Action":"run","Package":"git.example.com/infra/openbao-sdk-go/sensitive","Test":"TestSensitiveConcurrentRead/18"}
{"Time":"2026-09-28T10:41:09.294242343Z","Action":"output","Package":"git.example.com/infra/openbao-sdk-go/sensitive","Test":"TestSensitiveConcurrentRead/18","Output":"=== RUN   TestSensitiveConcurrentRead/18\n"}
{"Time":"2026-09-28T10:41:09.29432035Z","Action":"output","Package":"git.example.com/infra/openbao-sdk-go/sensitive","Test":"TestSensitiveConcurrentRead/18","Output":"=== PAUSE TestSensitiveConcurrentRead/18\n"}
{"Time":"2026-09-28T10:41:09.294322744Z","Action":"pause","Package":"git.example.com/infra/openbao-sdk-go/sensitive","Test":"TestSensitiveConcurrentRead/18"}
{"Time":"2026-09-28T10:41:09.29433357Z","Action":"run","Package":"git.example.com/infra/openbao-sdk-go/sensitive","Test":"TestSensitiveConcurrentRead/19"}
{"Time":"2026-09-28T10:41:09.294335283Z","Action":"output","Package":"git.example.com/infra/openbao-sdk-go/sensitive","Test":"TestSensitiveConcurrentRead/19","Output":"=== RUN   TestSensitiveConcurrentRead/19\n"}
{"Time":"2026-09-28T10:41:09.294337156Z","Action":"output","Package":"git.example.com/infra/openbao-sdk-go/sensitive","Test":"TestSensitiveConcurrentRead/19","Output":"=== PAUSE TestSensitiveConcurrentRead/19\n"}
{"Time":"2026-09-28T10:41:09.294338688Z","Action":"pause","Package":"git.example.com/infra/openbao-sdk-go/sensitive","Test":"TestSensitiveConcurrentRead/19"}
{"Time":"2026-09-28T10:41:09.294377997Z","Action":"cont","Package":"git.example.com/infra/openbao-sdk-go/sensitive","Test":"TestSensitiveConcurrentRead/0"}
{"Time":"2026-09-28T10:41:09.294405018Z","Action":"output","Package":"git.example.com/infra/openbao-sdk-go/sensitive","Test":"TestSensitiveConcurrentRead/0","Output":"=== CONT  TestSensitiveConcurrentRead/0\n"}
{"Time":"2026-09-28T10:41:09.294445399Z","Action":"cont","Package":"git.example.com/infra/openbao-sdk-go/sensitive","Test":"TestSensitiveConcurrentRead/9"}
{"Time":"2026-09-28T10:41:09.294447912Z","Action":"output","Package":"git.example.com/infra/openbao-sdk-go/sensitive","Test":"TestSensitiveConcurrentRead/9","Output":"=== CONT  TestSensitiveConcurrentRead/9\n"}
{"Time":"2026-09-28T10:41:09.294505038Z","Action":"cont","Package":"git.example.com/infra/openbao-sdk-go/sensitive","Test":"TestSensitiveConcurrentRead/8"}
{"Time":"2026-09-28T10:41:09.294507682Z","Action":"output","Package":"git.example.com/infra/openbao-sdk-go/sensitive","Test":"TestSensitiveConcurrentRead/8","Output":"=== CONT  TestSensitiveConcurrentRead/8\n"}
{"Time":"2026-09-28T10:41:09.29451316Z","Action":"cont","Package":"git.example.com/infra/openbao-sdk-go/sensitive","Test":"TestSensitiveConcurrentRead/7"}
{"Time":"2026-09-28T10:41:09.294514853Z","Action":"output","Package":"git.example.com/infra/openbao-sdk-go/sensitive","Test":"TestSensitiveConcurrentRead/7","Output":"=== CONT  TestSensitiveConcurrentRead/7\n"}
{"Time":"2026-09-28T10:41:09.294561754Z","Action":"cont","Package":"git.example.com/infra/openbao-sdk-go/sensitive","Test":"TestSensitiveConcurrentRead/10"}
{"Time":"2026-09-28T10:41:09.294568083Z","Action":"output","Package":"git.example.com/infra/openbao-sdk-go/sensitive","Test":"TestSensitiveConcurrentRead/10","Output":"=== CONT  TestSensitiveConcurrentRead/10\n"}
{"Time":"2026-09-28T10:41:09.294575234Z","Action":"cont","Package":"git.example.com/infra/openbao-sdk-go/sensitive","Test":"TestSensitiveConcurrentRead/18"}
{"Time":"2026-09-28T10:41:09.294578158Z","Action":"output","Package":"git.example.com/infra/openbao-sdk-go/sensitive","Test":"TestSensitiveConcurrentRead/18","Output":"=== CONT  TestSensitiveConcurrentRead/18\n"}
{"Time":"2026-09-28T10:41:09.294582234Z","Action":"cont","Package":"git.example.com/infra/openbao-sdk-go/sensitive","Test":"TestSensitiveConcurrentRead/5"}
{"Time":"2026-09-28T10:41:09.294585519Z","Action":"output","Package":"git.example.com/infra/openbao-sdk-go/sensitive","Test":"TestSensitiveConcurrentRead/5","Output":"=== CONT  TestSensitiveConcurrentRead/5\n"}
{"Time":"2026-09-28T10:41:09.294681444Z","Action":"cont","Package":"git.example.com/infra/openbao-sdk-go/sensitive","Test":"TestSensitiveConcurrentRead/6"}
{"Time":"2026-09-28T10:41:09.294686041Z","Action":"output","Package":"git.example.com/infra/openbao-sdk-go/sensitive","Test":"TestSensitiveConcurrentRead/6","Output":"=== CONT  TestSensitiveConcurrentRead/6\n"}
{"Time":"2026-09-28T10:41:09.294689456Z","Action":"output","Package":"git.example.com/infra/openbao-sdk-go/sensitive","Test":"TestSensitiveConcurrentRead/0","Output":"--- PASS: TestSensitiveConcurrentRead/0 (0.00s)\n"}
{"Time":"2026-09-28T10:41:09.295291431Z","Action":"pass","Package":"git.example.com/infra/openbao-sdk-go/sensitive","Test":"TestSensitiveConcurrentRead/0","Elapsed":0}
{"Time":"2026-09-28T10:41:09.295306253Z","Action":"output","Package":"git.example.com/infra/openbao-sdk-go/sensitive","Test":"TestSensitiveConcurrentRead/8","Output":"--- PASS: TestSensitiveConcurrentRead/8 (0.00s)\n"}
{"Time":"2026-09-28T10:41:09.295312042Z","Action":"pass","Package":"git.example.com/infra/openbao-sdk-go/sensitive","Test":"TestSensitiveConcurrentRead/8","Elapsed":0}
{"Time":"2026-09-28T10:41:09.295315768Z","Action":"output","Package":"git.example.com/infra/openbao-sdk-go/sensitive","Test":"TestSensitiveConcurrentRead/7","Output":"--- PASS: TestSensitiveConcurrentRead/7 (0.00s)\n"}
{"Time":"2026-09-28T10:41:09.295693175Z","Action":"pass","Package":"git.example.com/infra/openbao-sdk-go/sensitive","Test":"TestSensitiveConcurrentRead/7","Elapsed":0}
{"Time":"2026-09-28T10:41:09.295701278Z","Action":"output","Package":"git.example.com/infra/openbao-sdk-go/sensitive","Test":"TestSensitiveConcurrentRead/9","Output":"--- PASS: TestSensitiveConcurrentRead/9 (0.00s)\n"}
{"Time":"2026-09-28T10:41:09.298859869Z","Action":"pass","Package":"git.example.com/infra/openbao-sdk-go/sensitive","Test":"TestSensitiveConcurrentRead/9","Elapsed":0}
{"Time":"2026-09-28T10:41:09.298873239Z","Action":"output","Package":"git.example.com/infra/openbao-sdk-go/sensitive","Test":"TestSensitiveConcurrentRead/10","Output":"--- PASS: TestSensitiveConcurrentRead/10 (0.00s)\n"}
{"Time":"2026-09-28T10:41:09.298877175Z","Action":"pass","Package":"git.example.com/infra/openbao-sdk-go/sensitive","Test":"TestSensitiveConcurrentRead/10","Elapsed":0}
{"Time":"2026-09-28T10:41:09.298879188Z","Action":"output","Package":"git.example.com/infra/openbao-sdk-go/sensitive","Test":"TestSensitiveConcurrentRead/5","Output":"--- PASS: TestSensitiveConcurrentRead/5 (0.00s)\n"}
{"Time":"2026-09-28T10:41:09.298881982Z","Action":"pass","Package":"git.example.com/infra/openbao-sdk-go/sensitive","Test":"TestSensitiveConcurrentRead/5","Elapsed":0}
{"Time":"2026-09-28T10:41:09.298884225Z","Action":"cont","Package":"git.example.com/infra/openbao-sdk-go/sensitive","Test":"TestSensitiveConcurrentRead/1"}
{"Time":"2026-09-28T10:41:09.298886228Z","Action":"output","Package":"git.example.com/infra/openbao-sdk-go/sensitive","Test":"TestSensitiveConcurrentRead/1","Output":"=== CONT  TestSensitiveConcurrentRead/1\n"}
{"Time":"2026-09-28T10:41:09.298893049Z","Action":"output","Package":"git.example.com/infra/openbao-sdk-go/sensitive","Test":"TestSensitiveConcurrentRead/6","Output":"--- PASS: TestSensitiveConcurrentRead/6 (0.00s)\n"}
{"Time":"2026-09-28T10:41:09.298895182Z","Action":"pass","Package":"git.example.com/infra/openbao-sdk-go/sensitive","Test":"TestSensitiveConcurrentRead/6","Elapsed":0}
{"Time":"2026-09-28T10:41:09.298896874Z","Action":"cont","Package":"git.example.com/infra/openbao-sdk-go/sensitive","Test":"TestSensitiveConcurrentRead/3"}
{"Time":"2026-09-28T10:41:09.298898347Z","Action":"output","Package":"git.example.com/infra/openbao-sdk-go/sensitive","Test":"TestSensitiveConcurrentRead/3","Output":"=== CONT  TestSensitiveConcurrentRead/3\n"}
{"Time":"2026-09-28T10:41:09.29890062Z","Action":"output","Package":"git.example.com/infra/openbao-sdk-go/sensitive","Test":"TestSensitiveConcurrentRead/3","Output":"--- PASS: TestSensitiveConcurrentRead/3 (0.00s)\n"}
{"Time":"2026-09-28T10:41:09.298902433Z","Action":"pass","Package":"git.example.com/infra/openbao-sdk-go/sensitive","Test":"TestSensitiveConcurrentRead/3","Elapsed":0}
{"Time":"2026-09-28T10:41:09.298903915Z","Action":"cont","Package":"git.example.com/infra/openbao-sdk-go/sensitive","Test":"TestSensitiveConcurrentRead/19"}
{"Time":"2026-09-28T10:41:09.298905317Z","Action":"output","Package":"git.example.com/infra/openbao-sdk-go/sensitive","Test":"TestSensitiveConcurrentRead/19","Output":"=== CONT  TestSensitiveConcurrentRead/19\n"}
{"Time":"2026-09-28T10:41:09.29890744Z","Action":"output","Package":"git.example.com/infra/openbao-sdk-go/sensitive","Test":"TestSensitiveConcurrentRead/19","Output":"--- PASS: TestSensitiveConcurrentRead/19 (0.00s)\n"}
{"Time":"2026-09-28T10:41:09.298909123Z","Action":"pass","Package":"git.example.com/infra/openbao-sdk-go/sensitive","Test":"TestSensitiveConcurrentRead/19","Elapsed":0}
{"Time":"2026-09-28T10:41:09.298910555Z","Action":"cont","Package":"git.example.com/infra/openbao-sdk-go/sensitive","Test":"TestSensitiveConcurrentRead/17"}
{"Time":"2026-09-28T10:41:09.298911967Z","Action":"output","Package":"git.example.com/infra/openbao-sdk-go/sensitive","Test":"TestSensitiveConcurrentRead/17","Output":"=== CONT  TestSensitiveConcurrentRead/17\n"}
{"Time":"2026-09-28T10:41:09.298914501Z","Action":"output","Package":"git.example.com/infra/openbao-sdk-go/sensitive","Test":"TestSensitiveConcurrentRead/17","Output":"--- PASS: TestSensitiveConcurrentRead/17 (0.00s)\n"}
{"Time":"2026-09-28T10:41:09.298916444Z","Action":"pass","Package":"git.example.com/infra/openbao-sdk-go/sensitive","Test":"TestSensitiveConcurrentRead/17","Elapsed":0}
{"Time":"2026-09-28T10:41:09.298917876Z","Action":"output","Package":"git.example.com/infra/openbao-sdk-go/sensitive","Test":"TestSensitiveConcurrentRead/18","Output":"--- PASS: TestSensitiveConcurrentRead/18 (0.00s)\n"}
{"Time":"2026-09-28T10:41:09.298919578Z","Action":"pass","Package":"git.example.com/infra/openbao-sdk-go/sensitive","Test":"TestSensitiveConcurrentRead/18","Elapsed":0}
{"Time":"2026-09-28T10:41:09.29892094Z","Action":"cont","Package":"git.example.com/infra/openbao-sdk-go/sensitive","Test":"TestSensitiveConcurrentRead/12"}
{"Time":"2026-09-28T10:41:09.298922373Z","Action":"output","Package":"git.example.com/infra/openbao-sdk-go/sensitive","Test":"TestSensitiveConcurrentRead/12","Output":"=== CONT  TestSensitiveConcurrentRead/12\n"}
{"Time":"2026-09-28T10:41:09.298924326Z","Action":"output","Package":"git.example.com/infra/openbao-sdk-go/sensitive","Test":"TestSensitiveConcurrentRead/12","Output":"--- PASS: TestSensitiveConcurrentRead/12 (0.00s)\n"}
{"Time":"2026-09-28T10:41:09.298926058Z","Action":"pass","Package":"git.example.com/infra/openbao-sdk-go/sensitive","Test":"TestSensitiveConcurrentRead/12","Elapsed":0}
{"Time":"2026-09-28T10:41:09.29892731Z","Action":"cont","Package":"git.example.com/infra/openbao-sdk-go/sensitive","Test":"TestSensitiveConcurrentRead/14"}
{"Time":"2026-09-28T10:41:09.298928662Z","Action":"output","Package":"git.example.com/infra/openbao-sdk-go/sensitive","Test":"TestSensitiveConcurrentRead/14","Output":"=== CONT  TestSensitiveConcurrentRead/14\n"}
{"Time":"2026-09-28T10:41:09.298932668Z","Action":"output","Package":"git.example.com/infra/openbao-sdk-go/sensitive","Test":"TestSensitiveConcurrentRead/14","Output":"--- PASS: TestSensitiveConcurrentRead/14 (0.00s)\n"}
{"Time":"2026-09-28T10:41:09.298934381Z","Action":"pass","Package":"git.example.com/infra/openbao-sdk-go/sensitive","Test":"TestSensitiveConcurrentRead/14","Elapsed":0}
{"Time":"2026-09-28T10:41:09.298935663Z","Action":"cont","Package":"git.example.com/infra/openbao-sdk-go/sensitive","Test":"TestSensitiveConcurrentRead/15"}
{"Time":"2026-09-28T10:41:09.298937185Z","Action":"output","Package":"git.example.com/infra/openbao-sdk-go/sensitive","Test":"TestSensitiveConcurrentRead/15","Output":"=== CONT  TestSensitiveConcurrentRead/15\n"}
{"Time":"2026-09-28T10:41:09.298940931Z","Action":"output","Package":"git.example.com/infra/openbao-sdk-go/sensitive","Test":"TestSensitiveConcurrentRead/15","Output":"--- PASS: TestSensitiveConcurrentRead/15 (0.00s)\n"}
{"Time":"2026-09-28T10:41:09.298942894Z","Action":"pass","Package":"git.example.com/infra/openbao-sdk-go/sensitive","Test":"TestSensitiveConcurrentRead/15","Elapsed":0}
{"Time":"2026-09-28T10:41:09.298944266Z","Action":"cont","Package":"git.example.com/infra/openbao-sdk-go/sensitive","Test":"TestSensitiveConcurrentRead/13"}
{"Time":"2026-09-28T10:41:09.298945788Z","Action":"output","Package":"git.example.com/infra/openbao-sdk-go/sensitive","Test":"TestSensitiveConcurrentRead/13","Output":"=== CONT  TestSensitiveConcurrentRead/13\n"}
{"Time":"2026-09-28T10:41:09.298947801Z","Action":"output","Package":"git.example.com/infra/openbao-sdk-go/sensitive","Test":"TestSensitiveConcurrentRead/13","Output":"--- PASS: TestSensitiveConcurrentRead/13 (0.00s)\n"}
{"Time":"2026-09-28T10:41:09.298949503Z","Action":"pass","Package":"git.example.com/infra/openbao-sdk-go/sensitive","Test":"TestSensitiveConcurrentRead/13","Elapsed":0}
{"Time":"2026-09-28T10:41:09.298950795Z","Action":"cont","Package":"git.example.com/infra/openbao-sdk-go/sensitive","Test":"TestSensitiveConcurrentRead/11"}
{"Time":"2026-09-28T10:41:09.298952378Z","Action":"output","Package":"git.example.com/infra/openbao-sdk-go/sensitive","Test":"TestSensitiveConcurrentRead/11","Output":"=== CONT  TestSensitiveConcurrentRead/11\n"}
{"Time":"2026-09-28T10:41:09.298954461Z","Action":"output","Package":"git.example.com/infra/openbao-sdk-go/sensitive","Test":"TestSensitiveConcurrentRead/11","Output":"--- PASS: TestSensitiveConcurrentRead/11 (0.00s)\n"}
{"Time":"2026-09-28T10:41:09.298956514Z","Action":"pass","Package":"git.example.com/infra/openbao-sdk-go/sensitive","Test":"TestSensitiveConcurrentRead/11","Elapsed":0}
{"Time":"2026-09-28T10:41:09.298958136Z","Action":"cont","Package":"git.example.com/infra/openbao-sdk-go/sensitive","Test":"TestSensitiveConcurrentRead/4"}
{"Time":"2026-09-28T10:41:09.298963885Z","Action":"output","Package":"git.example.com/infra/openbao-sdk-go/sensitive","Test":"TestSensitiveConcurrentRead/4","Output":"=== CONT  TestSensitiveConcurrentRead/4\n"}
{"Time":"2026-09-28T10:41:09.298966229Z","Action":"output","Package":"git.example.com/infra/openbao-sdk-go/sensitive","Test":"TestSensitiveConcurrentRead/4","Output":"--- PASS: TestSensitiveConcurrentRead/4 (0.00s)\n"}
{"Time":"2026-09-28T10:41:09.298968192Z","Action":"pass","Package":"git.example.com/infra/openbao-sdk-go/sensitive","Test":"TestSensitiveConcurrentRead/4","Elapsed":0}
{"Time":"2026-09-28T10:41:09.298969724Z","Action":"cont","Package":"git.example.com/infra/openbao-sdk-go/sensitive","Test":"TestSensitiveConcurrentRead/2"}
{"Time":"2026-09-28T10:41:09.298971276Z","Action":"output","Package":"git.example.com/infra/openbao-sdk-go/sensitive","Test":"TestSensitiveConcurrentRead/2","Output":"=== CONT  TestSensitiveConcurrentRead/2\n"}
{"Time":"2026-09-28T10:41:09.298973189Z","Action":"output","Package":"git.example.com/infra/openbao-sdk-go/sensitive","Test":"TestSensitiveConcurrentRead/2","Output":"--- PASS: TestSensitiveConcurrentRead/2 (0.00s)\n"}
{"Time":"2026-09-28T10:41:09.298976654Z","Action":"pass","Package":"git.example.com/infra/openbao-sdk-go/sensitive","Test":"TestSensitiveConcurrentRead/2","Elapsed":0}
{"Time":"2026-09-28T10:41:09.298978267Z","Action":"cont","Package":"git.example.com/infra/openbao-sdk-go/sensitive","Test":"TestSensitiveConcurrentRead/16"}
{"Time":"2026-09-28T10:41:09.298979689Z","Action":"output","Package":"git.example.com/infra/openbao-sdk-go/sensitive","Test":"TestSensitiveConcurrentRead/16","Output":"=== CONT  TestSensitiveConcurrentRead/16\n"}
{"Time":"2026-09-28T10:41:09.298981802Z","Action":"output","Package":"git.example.com/infra/openbao-sdk-go/sensitive","Test":"TestSensitiveConcurrentRead/16","Output":"--- PASS: TestSensitiveConcurrentRead/16 (0.00s)\n"}
{"Time":"2026-09-28T10:41:09.298984656Z","Action":"pass","Package":"git.example.com/infra/openbao-sdk-go/sensitive","Test":"TestSensitiveConcurrentRead/16","Elapsed":0}
{"Time":"2026-09-28T10:41:09.298986309Z","Action":"output","Package":"git.example.com/infra/openbao-sdk-go/sensitive","Test":"TestSensitiveConcurrentRead/1","Output":"--- PASS: TestSensitiveConcurrentRead/1 (0.00s)\n"}
{"Time":"2026-09-28T10:41:09.298988252Z","Action":"pass","Package":"git.example.com/infra/openbao-sdk-go/sensitive","Test":"TestSensitiveConcurrentRead/1","Elapsed":0}
{"Time":"2026-09-28T10:41:09.298989764Z","Action":"output","Package":"git.example.com/infra/openbao-sdk-go/sensitive","Test":"TestSensitiveConcurrentRead","Output":"--- PASS: TestSensitiveConcurrentRead (0.00s)\n"}
{"Time":"2026-09-28T10:41:09.298992438Z","Action":"pass","Package":"git.example.com/infra/openbao-sdk-go/sensitive","Test":"TestSensitiveConcurrentRead","Elapsed":0}
{"Time":"2026-09-28T10:41:09.298994611Z","Action":"output","Package":"git.example.com/infra/openbao-sdk-go/sensitive","Output":"PASS\n"}
{"Time":"2026-09-28T10:41:09.627797763Z","Action":"start","Package":"git.example.com/infra/openbao-sdk-go/internal/engine"}
{"Time":"2026-09-28T10:41:09.627954324Z","Action":"start","Package":"git.example.com/infra/openbao-sdk-go/internal/authn"}
{"Time":"2026-09-28T10:41:09.628126928Z","Action":"start","Package":"git.example.com/infra/openbao-sdk-go/internal/jsondoc"}
{"Time":"2026-09-28T10:41:09.635160533Z","Action":"run","Package":"git.example.com/infra/openbao-sdk-go/internal/engine","Test":"TestPathValidation"}
{"Time":"2026-09-28T10:41:09.635194244Z","Action":"output","Package":"git.example.com/infra/openbao-sdk-go/internal/engine","Test":"TestPathValidation","Output":"=== RUN   TestPathValidation\n"}
{"Time":"2026-09-28T10:41:09.635229707Z","Action":"output","Package":"git.example.com/infra/openbao-sdk-go/internal/engine","Test":"TestPathValidation","Output":"--- PASS: TestPathValidation (0.00s)\n"}
{"Time":"2026-09-28T10:41:09.635232521Z","Action":"pass","Package":"git.example.com/infra/openbao-sdk-go/internal/engine","Test":"TestPathValidation","Elapsed":0}
{"Time":"2026-09-28T10:41:09.635238069Z","Action":"run","Package":"git.example.com/infra/openbao-sdk-go/internal/engine","Test":"TestRetryAfterLimitsAndCancellation"}
{"Time":"2026-09-28T10:41:09.635240093Z","Action":"output","Package":"git.example.com/infra/openbao-sdk-go/internal/engine","Test":"TestRetryAfterLimitsAndCancellation","Output":"=== RUN   TestRetryAfterLimitsAndCancellation\n"}
{"Time":"2026-09-28T10:41:09.63538443Z","Action":"output","Package":"git.example.com/infra/openbao-sdk-go/internal/engine","Test":"TestRetryAfterLimitsAndCancellation","Output":"--- PASS: TestRetryAfterLimitsAndCancellation (0.00s)\n"}
{"Time":"2026-09-28T10:41:09.635390779Z","Action":"pass","Package":"git.example.com/infra/openbao-sdk-go/internal/engine","Test":"TestRetryAfterLimitsAndCancellation","Elapsed":0}
{"Time":"2026-09-28T10:41:09.635398661Z","Action":"run","Package":"git.example.com/infra/openbao-sdk-go/internal/engine","Test":"TestDecodeAndIdentifierBoundaries"}
{"Time":"2026-09-28T10:41:09.635400754Z","Action":"output","Package":"git.example.com/infra/openbao-sdk-go/internal/engine","Test":"TestDecodeAndIdentifierBoundaries","Output":"=== RUN   TestDecodeAndIdentifierBoundaries\n"}
{"Time":"2026-09-28T10:41:09.635659343Z","Action":"output","Package":"git.example.com/infra/openbao-sdk-go/internal/engine","Test":"TestDecodeAndIdentifierBoundaries","Output":"--- PASS: TestDecodeAndIdentifierBoundaries (0.00s)\n"}
{"Time":"2026-09-28T10:41:09.635678352Z","Action":"pass","Package":"git.example.com/infra/openbao-sdk-go/internal/engine","Test":"TestDecodeAndIdentifierBoundaries","Elapsed":0}
{"Time":"2026-09-28T10:41:09.635681486Z","Action":"run","Package":"git.example.com/infra/openbao-sdk-go/internal/engine","Test":"TestMalformedDeletedMetadata"}
{"Time":"2026-09-28T10:41:09.635683469Z","Action":"output","Package":"git.example.com/infra/openbao-sdk-go/internal/engine","Test":"TestMalformedDeletedMetadata","Output":"=== RUN   TestMalformedDeletedMetadata\n"}
{"Time":"2026-09-28T10:41:09.635825844Z","Action":"output","Package":"git.example.com/infra/openbao-sdk-go/internal/engine","Test":"TestMalformedDeletedMetadata","Output":"--- PASS: TestMalformedDeletedMetadata (0.00s)\n"}
{"Time":"2026-09-28T10:41:09.635831232Z","Action":"pass","Package":"git.example.com/infra/openbao-sdk-go/internal/engine","Test":"TestMalformedDeletedMetadata","Elapsed":0}
{"Time":"2026-09-28T10:41:09.635833585Z","Action":"run","Package":"git.example.com/infra/openbao-sdk-go/internal/engine","Test":"TestTransportSafetyConstruction"}
{"Time":"2026-09-28T10:41:09.635835458Z","Action":"output","Package":"git.example.com/infra/openbao-sdk-go/internal/engine","Test":"TestTransportSafetyConstruction","Output":"=== RUN   TestTransportSafetyConstruction\n"}
{"Time":"2026-09-28T10:41:09.635917882Z","Action":"output","Package":"git.example.com/infra/openbao-sdk-go/internal/engine","Test":"TestTransportSafetyConstruction","Output":"--- PASS: TestTransportSafetyConstruction (0.00s)\n"}
{"Time":"2026-09-28T10:41:09.635921057Z","Action":"pass","Package":"git.example.com/infra/openbao-sdk-go/internal/engine","Test":"TestTransportSafetyConstruction","Elapsed":0}
{"Time":"2026-09-28T10:41:09.635923981Z","Action":"run","Package":"git.example.com/infra/openbao-sdk-go/internal/engine","Test":"TestAmbiguous404WritePreservesUnknown"}
{"Time":"2026-09-28T10:41:09.635925894Z","Action":"output","Package":"git.example.com/infra/openbao-sdk-go/internal/engine","Test":"TestAmbiguous404WritePreservesUnknown","Output":"=== RUN   TestAmbiguous404WritePreservesUnknown\n"}
{"Time":"2026-09-28T10:41:09.63769147Z","Action":"output","Package":"git.example.com/infra/openbao-sdk-go/internal/engine","Test":"TestAmbiguous404WritePreservesUnknown","Output":"--- PASS: TestAmbiguous404WritePreservesUnknown (0.00s)\n"}
{"Time":"2026-09-28T10:41:09.637703358Z","Action":"pass","Package":"git.example.com/infra/openbao-sdk-go/internal/engine","Test":"TestAmbiguous404WritePreservesUnknown","Elapsed":0}
{"Time":"2026-09-28T10:41:09.637708395Z","Action":"run","Package":"git.example.com/infra/openbao-sdk-go/internal/engine","Test":"Test404RejectionRequiresAPIProof"}
{"Time":"2026-09-28T10:41:09.637710909Z","Action":"output","Package":"git.example.com/infra/openbao-sdk-go/internal/engine","Test":"Test404RejectionRequiresAPIProof","Output":"=== RUN   Test404RejectionRequiresAPIProof\n"}
{"Time":"2026-09-28T10:41:09.637713413Z","Action":"output","Package":"git.example.com/infra/openbao-sdk-go/internal/engine","Test":"Test404RejectionRequiresAPIProof","Output":"--- PASS: Test404RejectionRequiresAPIProof (0.00s)\n"}
{"Time":"2026-09-28T10:41:09.637715135Z","Action":"pass","Package":"git.example.com/infra/openbao-sdk-go/internal/engine","Test":"Test404RejectionRequiresAPIProof","Elapsed":0}
{"Time":"2026-09-28T10:41:09.637719051Z","Action":"run","Package":"git.example.com/infra/openbao-sdk-go/internal/engine","Test":"TestSingleAttemptIssue"}
{"Time":"2026-09-28T10:41:09.637720904Z","Action":"output","Package":"git.example.com/infra/openbao-sdk-go/internal/engine","Test":"TestSingleAttemptIssue","Output":"=== RUN   TestSingleAttemptIssue\n"}
{"Time":"2026-09-28T10:41:09.637741395Z","Action":"run","Package":"git.example.com/infra/openbao-sdk-go/internal/jsondoc","Test":"TestStrictTree"}
{"Time":"2026-09-28T10:41:09.637748225Z","Action":"output","Package":"git.example.com/infra/openbao-sdk-go/internal/jsondoc","Test":"TestStrictTree","Output":"=== RUN   TestStrictTree\n"}
{"Time":"2026-09-28T10:41:09.637765281Z","Action":"output","Package":"git.example.com/infra/openbao-sdk-go/internal/jsondoc","Test":"TestStrictTree","Output":"--- PASS: TestStrictTree (0.00s)\n"}
{"Time":"2026-09-28T10:41:09.637767264Z","Action":"pass","Package":"git.example.com/infra/openbao-sdk-go/internal/jsondoc","Test":"TestStrictTree","Elapsed":0}
{"Time":"2026-09-28T10:41:09.637769337Z","Action":"run","Package":"git.example.com/infra/openbao-sdk-go/internal/jsondoc","Test":"FuzzJSON"}
{"Time":"2026-09-28T10:41:09.637775326Z","Action":"output","Package":"git.example.com/infra/openbao-sdk-go/internal/jsondoc","Test":"FuzzJSON","Output":"=== RUN   FuzzJSON\n"}
{"Time":"2026-09-28T10:41:09.637777289Z","Action":"run","Package":"git.example.com/infra/openbao-sdk-go/internal/jsondoc","Test":"FuzzJSON/seed#0"}
{"Time":"2026-09-28T10:41:09.637779723Z","Action":"output","Package":"git.example.com/infra/openbao-sdk-go/internal/jsondoc","Test":"FuzzJSON/seed#0","Output":"=== RUN   FuzzJSON/seed#0\n"}
{"Time":"2026-09-28T10:41:09.637782377Z","Action":"output","Package":"git.example.com/infra/openbao-sdk-go/internal/jsondoc","Test":"FuzzJSON/seed#0","Output":"--- PASS: FuzzJSON/seed#0 (0.00s)\n"}
{"Time":"2026-09-28T10:41:09.637784239Z","Action":"pass","Package":"git.example.com/infra/openbao-sdk-go/internal/jsondoc","Test":"FuzzJSON/seed#0","Elapsed":0}
{"Time":"2026-09-28T10:41:09.637786743Z","Action":"run","Package":"git.example.com/infra/openbao-sdk-go/internal/jsondoc","Test":"FuzzJSON/seed#1"}
{"Time":"2026-09-28T10:41:09.637788215Z","Action":"output","Package":"git.example.com/infra/openbao-sdk-go/internal/jsondoc","Test":"FuzzJSON/seed#1","Output":"=== RUN   FuzzJSON/seed#1\n"}
{"Time":"2026-09-28T10:41:09.637790519Z","Action":"output","Package":"git.example.com/infra/openbao-sdk-go/internal/jsondoc","Test":"FuzzJSON/seed#1","Output":"--- PASS: FuzzJSON/seed#1 (0.00s)\n"}
{"Time":"2026-09-28T10:41:09.637792392Z","Action":"pass","Package":"git.example.com/infra/openbao-sdk-go/internal/jsondoc","Test":"FuzzJSON/seed#1","Elapsed":0}
{"Time":"2026-09-28T10:41:09.637794174Z","Action":"run","Package":"git.example.com/infra/openbao-sdk-go/internal/jsondoc","Test":"FuzzJSON/seed#2"}
{"Time":"2026-09-28T10:41:09.637795667Z","Action":"output","Package":"git.example.com/infra/openbao-sdk-go/internal/jsondoc","Test":"FuzzJSON/seed#2","Output":"=== RUN   FuzzJSON/seed#2\n"}
{"Time":"2026-09-28T10:41:09.63779782Z","Action":"output","Package":"git.example.com/infra/openbao-sdk-go/internal/jsondoc","Test":"FuzzJSON/seed#2","Output":"--- PASS: FuzzJSON/seed#2 (0.00s)\n"}
{"Time":"2026-09-28T10:41:09.637799683Z","Action":"pass","Package":"git.example.com/infra/openbao-sdk-go/internal/jsondoc","Test":"FuzzJSON/seed#2","Elapsed":0}
{"Time":"2026-09-28T10:41:09.637801585Z","Action":"run","Package":"git.example.com/infra/openbao-sdk-go/internal/jsondoc","Test":"FuzzJSON/seed#3"}
{"Time":"2026-09-28T10:41:09.637802817Z","Action":"output","Package":"git.example.com/infra/openbao-sdk-go/internal/jsondoc","Test":"FuzzJSON/seed#3","Output":"=== RUN   FuzzJSON/seed#3\n"}
{"Time":"2026-09-28T10:41:09.63780455Z","Action":"output","Package":"git.example.com/infra/openbao-sdk-go/internal/jsondoc","Test":"FuzzJSON/seed#3","Output":"--- PASS: FuzzJSON/seed#3 (0.00s)\n"}
{"Time":"2026-09-28T10:41:09.637806313Z","Action":"pass","Package":"git.example.com/infra/openbao-sdk-go/internal/jsondoc","Test":"FuzzJSON/seed#3","Elapsed":0}
{"Time":"2026-09-28T10:41:09.637808826Z","Action":"output","Package":"git.example.com/infra/openbao-sdk-go/internal/jsondoc","Test":"FuzzJSON","Output":"--- PASS: FuzzJSON (0.00s)\n"}
{"Time":"2026-09-28T10:41:09.63781114Z","Action":"pass","Package":"git.example.com/infra/openbao-sdk-go/internal/jsondoc","Test":"FuzzJSON","Elapsed":0}
{"Time":"2026-09-28T10:41:09.637812842Z","Action":"output","Package":"git.example.com/infra/openbao-sdk-go/internal/jsondoc","Output":"PASS\n"}
{"Time":"2026-09-28T10:41:09.638614078Z","Action":"run","Package":"git.example.com/infra/openbao-sdk-go/internal/authn","Test":"TestExternalProviderFailureBoundaries"}
{"Time":"2026-09-28T10:41:09.638620437Z","Action":"output","Package":"git.example.com/infra/openbao-sdk-go/internal/authn","Test":"TestExternalProviderFailureBoundaries","Output":"=== RUN   TestExternalProviderFailureBoundaries\n"}
{"Time":"2026-09-28T10:41:09.639568633Z","Action":"output","Package":"git.example.com/infra/openbao-sdk-go/internal/authn","Test":"TestExternalProviderFailureBoundaries","Output":"--- PASS: TestExternalProviderFailureBoundaries (0.00s)\n"}
{"Time":"2026-09-28T10:41:09.639638268Z","Action":"pass","Package":"git.example.com/infra/openbao-sdk-go/internal/authn","Test":"TestExternalProviderFailureBoundaries","Elapsed":0}
{"Time":"2026-09-28T10:41:09.63965939Z","Action":"run","Package":"git.example.com/infra/openbao-sdk-go/internal/authn","Test":"TestAuthenticationContextBoundaries"}
{"Time":"2026-09-28T10:41:09.639661794Z","Action":"output","Package":"git.example.com/infra/openbao-sdk-go/internal/authn","Test":"TestAuthenticationContextBoundaries","Output":"=== RUN   TestAuthenticationContextBoundaries\n"}
{"Time":"2026-09-28T10:41:09.639875816Z","Action":"output","Package":"git.example.com/infra/openbao-sdk-go/internal/authn","Test":"TestAuthenticationContextBoundaries","Output":"--- PASS: TestAuthenticationContextBoundaries (0.00s)\n"}
{"Time":"2026-09-28T10:41:09.639948745Z","Action":"pass","Package":"git.example.com/infra/openbao-sdk-go/internal/authn","Test":"TestAuthenticationContextBoundaries","Elapsed":0}
{"Time":"2026-09-28T10:41:09.639951169Z","Action":"run","Package":"git.example.com/infra/openbao-sdk-go/internal/authn","Test":"TestSecretProviderPanicAndInvalidGeneration"}
{"Time":"2026-09-28T10:41:09.639952902Z","Action":"output","Package":"git.example.com/infra/openbao-sdk-go/internal/authn","Test":"TestSecretProviderPanicAndInvalidGeneration","Output":"=== RUN   TestSecretProviderPanicAndInvalidGeneration\n"}
{"Time":"2026-09-28T10:41:09.640177349Z","Action":"output","Package":"git.example.com/infra/openbao-sdk-go/internal/authn","Test":"TestSecretProviderPanicAndInvalidGeneration","Output":"--- PASS: TestSecretProviderPanicAndInvalidGeneration (0.00s)\n"}
{"Time":"2026-09-28T10:41:09.64021762Z","Action":"pass","Package":"git.example.com/infra/openbao-sdk-go/internal/authn","Test":"TestSecretProviderPanicAndInvalidGeneration","Elapsed":0}
{"Time":"2026-09-28T10:41:09.640299052Z","Action":"run","Package":"git.example.com/infra/openbao-sdk-go/internal/authn","Test":"TestExpiredReplyAndLatePublication"}
{"Time":"2026-09-28T10:41:09.640301776Z","Action":"output","Package":"git.example.com/infra/openbao-sdk-go/internal/authn","Test":"TestExpiredReplyAndLatePublication","Output":"=== RUN   TestExpiredReplyAndLatePublication\n"}
{"Time":"2026-09-28T10:41:09.641179106Z","Action":"output","Package":"git.example.com/infra/openbao-sdk-go/internal/authn","Test":"TestExpiredReplyAndLatePublication","Output":"--- PASS: TestExpiredReplyAndLatePublication (0.00s)\n"}
{"Time":"2026-09-28T10:41:09.641184664Z","Action":"pass","Package":"git.example.com/infra/openbao-sdk-go/internal/authn","Test":"TestExpiredReplyAndLatePublication","Elapsed":0}
{"Time":"2026-09-28T10:41:09.64118856Z","Action":"run","Package":"git.example.com/infra/openbao-sdk-go/internal/authn","Test":"TestRunStopsAndRestartsCanceledAttempt"}
{"Time":"2026-09-28T10:41:09.641190393Z","Action":"output","Package":"git.example.com/infra/openbao-sdk-go/internal/authn","Test":"TestRunStopsAndRestartsCanceledAttempt","Output":"=== RUN   TestRunStopsAndRestartsCanceledAttempt\n"}
{"Time":"2026-09-28T10:41:09.642080312Z","Action":"output","Package":"git.example.com/infra/openbao-sdk-go/internal/authn","Test":"TestRunStopsAndRestartsCanceledAttempt","Output":"--- PASS: TestRunStopsAndRestartsCanceledAttempt (0.00s)\n"}
{"Time":"2026-09-28T10:41:09.642110187Z","Action":"pass","Package":"git.example.com/infra/openbao-sdk-go/internal/authn","Test":"TestRunStopsAndRestartsCanceledAttempt","Elapsed":0}
{"Time":"2026-09-28T10:41:09.642138459Z","Action":"run","Package":"git.example.com/infra/openbao-sdk-go/internal/authn","Test":"TestAuthCapacityNotStarved"}
{"Time":"2026-09-28T10:41:09.642141754Z","Action":"output","Package":"git.example.com/infra/openbao-sdk-go/internal/authn","Test":"TestAuthCapacityNotStarved","Output":"=== RUN   TestAuthCapacityNotStarved\n"}
{"Time":"2026-09-28T10:41:09.642595567Z","Action":"output","Package":"git.example.com/infra/openbao-sdk-go/internal/authn","Test":"TestAuthCapacityNotStarved","Output":"--- PASS: TestAuthCapacityNotStarved (0.00s)\n"}
{"Time":"2026-09-28T10:41:09.642616629Z","Action":"pass","Package":"git.example.com/infra/openbao-sdk-go/internal/authn","Test":"TestAuthCapacityNotStarved","Elapsed":0}
{"Time":"2026-09-28T10:41:09.642633824Z","Action":"run","Package":"git.example.com/infra/openbao-sdk-go/internal/authn","Test":"TestBusiness403DoesNotLoginOrReplay"}
{"Time":"2026-09-28T10:41:09.642636068Z","Action":"output","Package":"git.example.com/infra/openbao-sdk-go/internal/authn","Test":"TestBusiness403DoesNotLoginOrReplay","Output":"=== RUN   TestBusiness403DoesNotLoginOrReplay\n"}
{"Time":"2026-09-28T10:41:09.642910891Z","Action":"output","Package":"git.example.com/infra/openbao-sdk-go/internal/authn","Test":"TestBusiness403DoesNotLoginOrReplay","Output":"--- PASS: TestBusiness403DoesNotLoginOrReplay (0.00s)\n"}
{"Time":"2026-09-28T10:41:09.642917201Z","Action":"pass","Package":"git.example.com/infra/openbao-sdk-go/internal/authn","Test":"TestBusiness403DoesNotLoginOrReplay","Elapsed":0}
{"Time":"2026-09-28T10:41:09.642948257Z","Action":"run","Package":"git.example.com/infra/openbao-sdk-go/internal/authn","Test":"TestAuthStateAfterCanceledProvider"}
{"Time":"2026-09-28T10:41:09.642951362Z","Action":"output","Package":"git.example.com/infra/openbao-sdk-go/internal/authn","Test":"TestAuthStateAfterCanceledProvider","Output":"=== RUN   TestAuthStateAfterCanceledProvider\n"}
{"Time":"2026-09-28T10:41:09.643084142Z","Action":"output","Package":"git.example.com/infra/openbao-sdk-go/internal/authn","Test":"TestAuthStateAfterCanceledProvider","Output":"--- PASS: TestAuthStateAfterCanceledProvider (0.00s)\n"}
{"Time":"2026-09-28T10:41:09.643104763Z","Action":"pass","Package":"git.example.com/infra/openbao-sdk-go/internal/authn","Test":"TestAuthStateAfterCanceledProvider","Elapsed":0}
{"Time":"2026-09-28T10:41:09.643118824Z","Action":"run","Package":"git.example.com/infra/openbao-sdk-go/internal/authn","Test":"TestAppRoleLoginContract"}
{"Time":"2026-09-28T10:41:09.643121548Z","Action":"output","Package":"git.example.com/infra/openbao-sdk-go/internal/authn","Test":"TestAppRoleLoginContract","Output":"=== RUN   TestAppRoleLoginContract\n"}
{"Time":"2026-09-28T10:41:09.643326957Z","Action":"output","Package":"git.example.com/infra/openbao-sdk-go/internal/authn","Test":"TestAppRoleLoginContract","Output":"--- PASS: TestAppRoleLoginContract (0.00s)\n"}
{"Time":"2026-09-28T10:41:09.643350282Z","Action":"pass","Package":"git.example.com/infra/openbao-sdk-go/internal/authn","Test":"TestAppRoleLoginContract","Elapsed":0}
{"Time":"2026-09-28T10:41:09.643366957Z","Action":"run","Package":"git.example.com/infra/openbao-sdk-go/internal/authn","Test":"TestAppRoleRejectEmptyOrInvalidLease"}
{"Time":"2026-09-28T10:41:09.6433689Z","Action":"output","Package":"git.example.com/infra/openbao-sdk-go/internal/authn","Test":"TestAppRoleRejectEmptyOrInvalidLease","Output":"=== RUN   TestAppRoleRejectEmptyOrInvalidLease\n"}
{"Time":"2026-09-28T10:41:09.643850074Z","Action":"output","Package":"git.example.com/infra/openbao-sdk-go/internal/authn","Test":"TestAppRoleRejectEmptyOrInvalidLease","Output":"--- PASS: TestAppRoleRejectEmptyOrInvalidLease (0.00s)\n"}
{"Time":"2026-09-28T10:41:09.64385393Z","Action":"pass","Package":"git.example.com/infra/openbao-sdk-go/internal/authn","Test":"TestAppRoleRejectEmptyOrInvalidLease","Elapsed":0}
{"Time":"2026-09-28T10:41:09.643872918Z","Action":"run","Package":"git.example.com/infra/openbao-sdk-go/internal/authn","Test":"TestSingleUseSecretID"}
{"Time":"2026-09-28T10:41:09.643879098Z","Action":"output","Package":"git.example.com/infra/openbao-sdk-go/internal/authn","Test":"TestSingleUseSecretID","Output":"=== RUN   TestSingleUseSecretID\n"}
{"Time":"2026-09-28T10:41:09.644127822Z","Action":"output","Package":"git.example.com/infra/openbao-sdk-go/internal/authn","Test":"TestSingleUseSecretID","Output":"--- PASS: TestSingleUseSecretID (0.00s)\n"}
{"Time":"2026-09-28T10:41:09.644132469Z","Action":"pass","Package":"git.example.com/infra/openbao-sdk-go/internal/authn","Test":"TestSingleUseSecretID","Elapsed":0}
{"Time":"2026-09-28T10:41:09.644150115Z","Action":"run","Package":"git.example.com/infra/openbao-sdk-go/internal/authn","Test":"TestRenewUsesLatestTTL"}
{"Time":"2026-09-28T10:41:09.644152399Z","Action":"output","Package":"git.example.com/infra/openbao-sdk-go/internal/authn","Test":"TestRenewUsesLatestTTL","Output":"=== RUN   TestRenewUsesLatestTTL\n"}
{"Time":"2026-09-28T10:41:09.644476576Z","Action":"output","Package":"git.example.com/infra/openbao-sdk-go/internal/authn","Test":"TestRenewUsesLatestTTL","Output":"--- PASS: TestRenewUsesLatestTTL (0.00s)\n"}
{"Time":"2026-09-28T10:41:09.644481984Z","Action":"pass","Package":"git.example.com/infra/openbao-sdk-go/internal/authn","Test":"TestRenewUsesLatestTTL","Elapsed":0}
{"Time":"2026-09-28T10:41:09.644498599Z","Action":"run","Package":"git.example.com/infra/openbao-sdk-go/internal/authn","Test":"TestRenewSingleFlight"}
{"Time":"2026-09-28T10:41:09.644501263Z","Action":"output","Package":"git.example.com/infra/openbao-sdk-go/internal/authn","Test":"TestRenewSingleFlight","Output":"=== RUN   TestRenewSingleFlight\n"}
{"Time":"2026-09-28T10:41:09.645805906Z","Action":"output","Package":"git.example.com/infra/openbao-sdk-go/internal/authn","Test":"TestRenewSingleFlight","Output":"--- PASS: TestRenewSingleFlight (0.00s)\n"}
{"Time":"2026-09-28T10:41:09.645820277Z","Action":"pass","Package":"git.example.com/infra/openbao-sdk-go/internal/authn","Test":"TestRenewSingleFlight","Elapsed":0}
{"Time":"2026-09-28T10:41:09.645856923Z","Action":"run","Package":"git.example.com/infra/openbao-sdk-go/internal/authn","Test":"TestExpiryAndShutdown"}
{"Time":"2026-09-28T10:41:09.645859787Z","Action":"output","Package":"git.example.com/infra/openbao-sdk-go/internal/authn","Test":"TestExpiryAndShutdown","Output":"=== RUN   TestExpiryAndShutdown\n"}
{"Time":"2026-09-28T10:41:09.646436019Z","Action":"output","Package":"git.example.com/infra/openbao-sdk-go/internal/authn","Test":"TestExpiryAndShutdown","Output":"--- PASS: TestExpiryAndShutdown (0.00s)\n"}
{"Time":"2026-09-28T10:41:09.646448387Z","Action":"pass","Package":"git.example.com/infra/openbao-sdk-go/internal/authn","Test":"TestExpiryAndShutdown","Elapsed":0}
{"Time":"2026-09-28T10:41:09.646452664Z","Action":"output","Package":"git.example.com/infra/openbao-sdk-go/internal/authn","Output":"PASS\n"}
{"Time":"2026-09-28T10:41:09.65784167Z","Action":"output","Package":"git.example.com/infra/openbao-sdk-go/internal/engine","Test":"TestSingleAttemptIssue","Output":"--- PASS: TestSingleAttemptIssue (0.02s)\n"}
{"Time":"2026-09-28T10:41:09.657892176Z","Action":"pass","Package":"git.example.com/infra/openbao-sdk-go/internal/engine","Test":"TestSingleAttemptIssue","Elapsed":0.02}
{"Time":"2026-09-28T10:41:09.657898155Z","Action":"run","Package":"git.example.com/infra/openbao-sdk-go/internal/engine","Test":"TestReadRetryBudget"}
{"Time":"2026-09-28T10:41:09.657904404Z","Action":"output","Package":"git.example.com/infra/openbao-sdk-go/internal/engine","Test":"TestReadRetryBudget","Output":"=== RUN   TestReadRetryBudget\n"}
{"Time":"2026-09-28T10:41:09.679931838Z","Action":"output","Package":"git.example.com/infra/openbao-sdk-go/internal/engine","Test":"TestReadRetryBudget","Output":"--- PASS: TestReadRetryBudget (0.02s)\n"}
{"Time":"2026-09-28T10:41:09.679959229Z","Action":"pass","Package":"git.example.com/infra/openbao-sdk-go/internal/engine","Test":"TestReadRetryBudget","Elapsed":0.02}
{"Time":"2026-09-28T10:41:09.67997361Z","Action":"run","Package":"git.example.com/infra/openbao-sdk-go/internal/engine","Test":"TestNoWriteReplayHeader"}
{"Time":"2026-09-28T10:41:09.679976094Z","Action":"output","Package":"git.example.com/infra/openbao-sdk-go/internal/engine","Test":"TestNoWriteReplayHeader","Output":"=== RUN   TestNoWriteReplayHeader\n"}
{"Time":"2026-09-28T10:41:09.692176967Z","Action":"output","Package":"git.example.com/infra/openbao-sdk-go/internal/engine","Test":"TestNoWriteReplayHeader","Output":"--- PASS: TestNoWriteReplayHeader (0.01s)\n"}
{"Time":"2026-09-28T10:41:09.692199941Z","Action":"pass","Package":"git.example.com/infra/openbao-sdk-go/internal/engine","Test":"TestNoWriteReplayHeader","Elapsed":0.01}
{"Time":"2026-09-28T10:41:09.69220542Z","Action":"run","Package":"git.example.com/infra/openbao-sdk-go/internal/engine","Test":"TestResponseBoundAndSafeError"}
{"Time":"2026-09-28T10:41:09.692208044Z","Action":"output","Package":"git.example.com/infra/openbao-sdk-go/internal/engine","Test":"TestResponseBoundAndSafeError","Output":"=== RUN   TestResponseBoundAndSafeError\n"}
{"Time":"2026-09-28T10:41:09.705173847Z","Action":"output","Package":"git.example.com/infra/openbao-sdk-go/internal/engine","Test":"TestResponseBoundAndSafeError","Output":"--- PASS: TestResponseBoundAndSafeError (0.01s)\n"}
{"Time":"2026-09-28T10:41:09.705198684Z","Action":"pass","Package":"git.example.com/infra/openbao-sdk-go/internal/engine","Test":"TestResponseBoundAndSafeError","Elapsed":0.01}
{"Time":"2026-09-28T10:41:09.705205634Z","Action":"run","Package":"git.example.com/infra/openbao-sdk-go/internal/engine","Test":"TestCanceledBeforeAndAfterSend"}
{"Time":"2026-09-28T10:41:09.705207347Z","Action":"output","Package":"git.example.com/infra/openbao-sdk-go/internal/engine","Test":"TestCanceledBeforeAndAfterSend","Output":"=== RUN   TestCanceledBeforeAndAfterSend\n"}
{"Time":"2026-09-28T10:41:09.875003006Z","Action":"output","Package":"git.example.com/infra/openbao-sdk-go","Output":"ok  \tgit.example.com/infra/openbao-sdk-go\t3.105s\n"}
{"Time":"2026-09-28T10:41:09.875070057Z","Action":"pass","Package":"git.example.com/infra/openbao-sdk-go","Elapsed":3.105}
{"Time":"2026-09-28T10:41:09.912369397Z","Action":"output","Package":"git.example.com/infra/openbao-sdk-go/internal/engine","Test":"TestCanceledBeforeAndAfterSend","Output":"--- PASS: TestCanceledBeforeAndAfterSend (0.20s)\n"}
{"Time":"2026-09-28T10:41:09.912420354Z","Action":"pass","Package":"git.example.com/infra/openbao-sdk-go/internal/engine","Test":"TestCanceledBeforeAndAfterSend","Elapsed":0.2}
{"Time":"2026-09-28T10:41:09.912428957Z","Action":"run","Package":"git.example.com/infra/openbao-sdk-go/internal/engine","Test":"FuzzPath"}
{"Time":"2026-09-28T10:41:09.912432222Z","Action":"output","Package":"git.example.com/infra/openbao-sdk-go/internal/engine","Test":"FuzzPath","Output":"=== RUN   FuzzPath\n"}
{"Time":"2026-09-28T10:41:09.912435156Z","Action":"run","Package":"git.example.com/infra/openbao-sdk-go/internal/engine","Test":"FuzzPath/seed#0"}
{"Time":"2026-09-28T10:41:09.912437911Z","Action":"output","Package":"git.example.com/infra/openbao-sdk-go/internal/engine","Test":"FuzzPath/seed#0","Output":"=== RUN   FuzzPath/seed#0\n"}
{"Time":"2026-09-28T10:41:09.912445422Z","Action":"output","Package":"git.example.com/infra/openbao-sdk-go/internal/engine","Test":"FuzzPath/seed#0","Output":"--- PASS: FuzzPath/seed#0 (0.00s)\n"}
{"Time":"2026-09-28T10:41:09.912448496Z","Action":"pass","Package":"git.example.com/infra/openbao-sdk-go/internal/engine","Test":"FuzzPath/seed#0","Elapsed":0}
{"Time":"2026-09-28T10:41:09.91245115Z","Action":"run","Package":"git.example.com/infra/openbao-sdk-go/internal/engine","Test":"FuzzPath/seed#1"}
{"Time":"2026-09-28T10:41:09.912453764Z","Action":"output","Package":"git.example.com/infra/openbao-sdk-go/internal/engine","Test":"FuzzPath/seed#1","Output":"=== RUN   FuzzPath/seed#1\n"}
{"Time":"2026-09-28T10:41:09.912460274Z","Action":"output","Package":"git.example.com/infra/openbao-sdk-go/internal/engine","Test":"FuzzPath/seed#1","Output":"--- PASS: FuzzPath/seed#1 (0.00s)\n"}
{"Time":"2026-09-28T10:41:09.912473534Z","Action":"pass","Package":"git.example.com/infra/openbao-sdk-go/internal/engine","Test":"FuzzPath/seed#1","Elapsed":0}
{"Time":"2026-09-28T10:41:09.912476388Z","Action":"run","Package":"git.example.com/infra/openbao-sdk-go/internal/engine","Test":"FuzzPath/seed#2"}
{"Time":"2026-09-28T10:41:09.912478622Z","Action":"output","Package":"git.example.com/infra/openbao-sdk-go/internal/engine","Test":"FuzzPath/seed#2","Output":"=== RUN   FuzzPath/seed#2\n"}
{"Time":"2026-09-28T10:41:09.912481486Z","Action":"output","Package":"git.example.com/infra/openbao-sdk-go/internal/engine","Test":"FuzzPath/seed#2","Output":"--- PASS: FuzzPath/seed#2 (0.00s)\n"}
{"Time":"2026-09-28T10:41:09.91248426Z","Action":"pass","Package":"git.example.com/infra/openbao-sdk-go/internal/engine","Test":"FuzzPath/seed#2","Elapsed":0}
{"Time":"2026-09-28T10:41:09.912486484Z","Action":"run","Package":"git.example.com/infra/openbao-sdk-go/internal/engine","Test":"FuzzPath/seed#3"}
{"Time":"2026-09-28T10:41:09.912488937Z","Action":"output","Package":"git.example.com/infra/openbao-sdk-go/internal/engine","Test":"FuzzPath/seed#3","Output":"=== RUN   FuzzPath/seed#3\n"}
{"Time":"2026-09-28T10:41:09.912491782Z","Action":"output","Package":"git.example.com/infra/openbao-sdk-go/internal/engine","Test":"FuzzPath/seed#3","Output":"--- PASS: FuzzPath/seed#3 (0.00s)\n"}
{"Time":"2026-09-28T10:41:09.912494566Z","Action":"pass","Package":"git.example.com/infra/openbao-sdk-go/internal/engine","Test":"FuzzPath/seed#3","Elapsed":0}
{"Time":"2026-09-28T10:41:09.912498101Z","Action":"output","Package":"git.example.com/infra/openbao-sdk-go/internal/engine","Test":"FuzzPath","Output":"--- PASS: FuzzPath (0.00s)\n"}
{"Time":"2026-09-28T10:41:09.912500405Z","Action":"pass","Package":"git.example.com/infra/openbao-sdk-go/internal/engine","Test":"FuzzPath","Elapsed":0}
{"Time":"2026-09-28T10:41:09.912503038Z","Action":"output","Package":"git.example.com/infra/openbao-sdk-go/internal/engine","Output":"PASS\n"}
{"Time":"2026-09-28T10:41:10.159981577Z","Action":"start","Package":"git.example.com/infra/openbao-sdk-go/internal/pkiutil"}
{"Time":"2026-09-28T10:41:10.167809668Z","Action":"run","Package":"git.example.com/infra/openbao-sdk-go/internal/pkiutil","Test":"TestCertificateMaterialBoundaries"}
{"Time":"2026-09-28T10:41:10.167846213Z","Action":"output","Package":"git.example.com/infra/openbao-sdk-go/internal/pkiutil","Test":"TestCertificateMaterialBoundaries","Output":"=== RUN   TestCertificateMaterialBoundaries\n"}
{"Time":"2026-09-28T10:41:10.178009936Z","Action":"output","Package":"git.example.com/infra/openbao-sdk-go/internal/pkiutil","Test":"TestCertificateMaterialBoundaries","Output":"--- PASS: TestCertificateMaterialBoundaries (0.01s)\n"}
{"Time":"2026-09-28T10:41:10.182756285Z","Action":"pass","Package":"git.example.com/infra/openbao-sdk-go/internal/pkiutil","Test":"TestCertificateMaterialBoundaries","Elapsed":0.01}
{"Time":"2026-09-28T10:41:10.182785158Z","Action":"run","Package":"git.example.com/infra/openbao-sdk-go/internal/pkiutil","Test":"TestPrivateKeyMaterialBoundaries"}
{"Time":"2026-09-28T10:41:10.182788814Z","Action":"output","Package":"git.example.com/infra/openbao-sdk-go/internal/pkiutil","Test":"TestPrivateKeyMaterialBoundaries","Output":"=== RUN   TestPrivateKeyMaterialBoundaries\n"}
{"Time":"2026-09-28T10:41:10.182793761Z","Action":"output","Package":"git.example.com/infra/openbao-sdk-go/internal/pkiutil","Test":"TestPrivateKeyMaterialBoundaries","Output":"--- PASS: TestPrivateKeyMaterialBoundaries (0.00s)\n"}
{"Time":"2026-09-28T10:41:10.182796625Z","Action":"pass","Package":"git.example.com/infra/openbao-sdk-go/internal/pkiutil","Test":"TestPrivateKeyMaterialBoundaries","Elapsed":0}
{"Time":"2026-09-28T10:41:10.18279959Z","Action":"run","Package":"git.example.com/infra/openbao-sdk-go/internal/pkiutil","Test":"TestSerialBoundaries"}
{"Time":"2026-09-28T10:41:10.182801813Z","Action":"output","Package":"git.example.com/infra/openbao-sdk-go/internal/pkiutil","Test":"TestSerialBoundaries","Output":"=== RUN   TestSerialBoundaries\n"}
{"Time":"2026-09-28T10:41:10.182813671Z","Action":"output","Package":"git.example.com/infra/openbao-sdk-go/internal/pkiutil","Test":"TestSerialBoundaries","Output":"--- PASS: TestSerialBoundaries (0.00s)\n"}
{"Time":"2026-09-28T10:41:10.182815925Z","Action":"pass","Package":"git.example.com/infra/openbao-sdk-go/internal/pkiutil","Test":"TestSerialBoundaries","Elapsed":0}
{"Time":"2026-09-28T10:41:10.182817988Z","Action":"output","Package":"git.example.com/infra/openbao-sdk-go/internal/pkiutil","Output":"PASS\n"}
{"Time":"2026-09-28T10:41:10.299823596Z","Action":"output","Package":"git.example.com/infra/openbao-sdk-go/sensitive","Output":"ok  \tgit.example.com/infra/openbao-sdk-go/sensitive\t1.018s\n"}
{"Time":"2026-09-28T10:41:10.299880481Z","Action":"pass","Package":"git.example.com/infra/openbao-sdk-go/sensitive","Elapsed":1.019}
{"Time":"2026-09-28T10:41:10.521996726Z","Action":"start","Package":"git.example.com/infra/openbao-sdk-go/internal/transitutil"}
{"Time":"2026-09-28T10:41:10.529407263Z","Action":"run","Package":"git.example.com/infra/openbao-sdk-go/internal/transitutil","Test":"TestStrictWrappedEncoding"}
{"Time":"2026-09-28T10:41:10.529436507Z","Action":"output","Package":"git.example.com/infra/openbao-sdk-go/internal/transitutil","Test":"TestStrictWrappedEncoding","Output":"=== RUN   TestStrictWrappedEncoding\n"}
{"Time":"2026-09-28T10:41:10.529513423Z","Action":"output","Package":"git.example.com/infra/openbao-sdk-go/internal/transitutil","Test":"TestStrictWrappedEncoding","Output":"--- PASS: TestStrictWrappedEncoding (0.00s)\n"}
{"Time":"2026-09-28T10:41:10.52951829Z","Action":"pass","Package":"git.example.com/infra/openbao-sdk-go/internal/transitutil","Test":"TestStrictWrappedEncoding","Elapsed":0}
{"Time":"2026-09-28T10:41:10.529523428Z","Action":"run","Package":"git.example.com/infra/openbao-sdk-go/internal/transitutil","Test":"TestPublicNormalizationAndSignatureProfiles"}
{"Time":"2026-09-28T10:41:10.529526492Z","Action":"output","Package":"git.example.com/infra/openbao-sdk-go/internal/transitutil","Test":"TestPublicNormalizationAndSignatureProfiles","Output":"=== RUN   TestPublicNormalizationAndSignatureProfiles\n"}
{"Time":"2026-09-28T10:41:10.638778222Z","Action":"output","Package":"git.example.com/infra/openbao-sdk-go/internal/jsondoc","Output":"ok  \tgit.example.com/infra/openbao-sdk-go/internal/jsondoc\t1.011s\n"}
{"Time":"2026-09-28T10:41:10.63881663Z","Action":"pass","Package":"git.example.com/infra/openbao-sdk-go/internal/jsondoc","Elapsed":1.011}
{"Time":"2026-09-28T10:41:10.651810741Z","Action":"output","Package":"git.example.com/infra/openbao-sdk-go/internal/authn","Output":"ok  \tgit.example.com/infra/openbao-sdk-go/internal/authn\t1.024s\n"}
{"Time":"2026-09-28T10:41:10.651875128Z","Action":"pass","Package":"git.example.com/infra/openbao-sdk-go/internal/authn","Elapsed":1.024}
{"Time":"2026-09-28T10:41:10.78494889Z","Action":"output","Package":"git.example.com/infra/openbao-sdk-go/internal/transitutil","Test":"TestPublicNormalizationAndSignatureProfiles","Output":"--- PASS: TestPublicNormalizationAndSignatureProfiles (0.26s)\n"}
{"Time":"2026-09-28T10:41:10.784998685Z","Action":"pass","Package":"git.example.com/infra/openbao-sdk-go/internal/transitutil","Test":"TestPublicNormalizationAndSignatureProfiles","Elapsed":0.26}
{"Time":"2026-09-28T10:41:10.785014649Z","Action":"run","Package":"git.example.com/infra/openbao-sdk-go/internal/transitutil","Test":"FuzzEncoding"}
{"Time":"2026-09-28T10:41:10.785019366Z","Action":"output","Package":"git.example.com/infra/openbao-sdk-go/internal/transitutil","Test":"FuzzEncoding","Output":"=== RUN   FuzzEncoding\n"}
{"Time":"2026-09-28T10:41:10.785120579Z","Action":"run","Package":"git.example.com/infra/openbao-sdk-go/internal/transitutil","Test":"FuzzEncoding/seed#0"}
{"Time":"2026-09-28T10:41:10.785125256Z","Action":"output","Package":"git.example.com/infra/openbao-sdk-go/internal/transitutil","Test":"FuzzEncoding/seed#0","Output":"=== RUN   FuzzEncoding/seed#0\n"}
{"Time":"2026-09-28T10:41:10.785371406Z","Action":"output","Package":"git.example.com/infra/openbao-sdk-go/internal/transitutil","Test":"FuzzEncoding/seed#0","Output":"--- PASS: FuzzEncoding/seed#0 (0.00s)\n"}
{"Time":"2026-09-28T10:41:10.785389814Z","Action":"pass","Package":"git.example.com/infra/openbao-sdk-go/internal/transitutil","Test":"FuzzEncoding/seed#0","Elapsed":0}
{"Time":"2026-09-28T10:41:10.785404295Z","Action":"run","Package":"git.example.com/infra/openbao-sdk-go/internal/transitutil","Test":"FuzzEncoding/seed#1"}
{"Time":"2026-09-28T10:41:10.78540748Z","Action":"output","Package":"git.example.com/infra/openbao-sdk-go/internal/transitutil","Test":"FuzzEncoding/seed#1","Output":"=== RUN   FuzzEncoding/seed#1\n"}
{"Time":"2026-09-28T10:41:10.785442923Z","Action":"output","Package":"git.example.com/infra/openbao-sdk-go/internal/transitutil","Test":"FuzzEncoding/seed#1","Output":"--- PASS: FuzzEncoding/seed#1 (0.00s)\n"}
{"Time":"2026-09-28T10:41:10.785448372Z","Action":"pass","Package":"git.example.com/infra/openbao-sdk-go/internal/transitutil","Test":"FuzzEncoding/seed#1","Elapsed":0}
{"Time":"2026-09-28T10:41:10.785482663Z","Action":"run","Package":"git.example.com/infra/openbao-sdk-go/internal/transitutil","Test":"FuzzEncoding/seed#2"}
{"Time":"2026-09-28T10:41:10.785486559Z","Action":"output","Package":"git.example.com/infra/openbao-sdk-go/internal/transitutil","Test":"FuzzEncoding/seed#2","Output":"=== RUN   FuzzEncoding/seed#2\n"}
{"Time":"2026-09-28T10:41:10.785514071Z","Action":"output","Package":"git.example.com/infra/openbao-sdk-go/internal/transitutil","Test":"FuzzEncoding/seed#2","Output":"--- PASS: FuzzEncoding/seed#2 (0.00s)\n"}
{"Time":"2026-09-28T10:41:10.785532638Z","Action":"pass","Package":"git.example.com/infra/openbao-sdk-go/internal/transitutil","Test":"FuzzEncoding/seed#2","Elapsed":0}
{"Time":"2026-09-28T10:41:10.785539959Z","Action":"run","Package":"git.example.com/infra/openbao-sdk-go/internal/transitutil","Test":"FuzzEncoding/seed#3"}
{"Time":"2026-09-28T10:41:10.785542533Z","Action":"output","Package":"git.example.com/infra/openbao-sdk-go/internal/transitutil","Test":"FuzzEncoding/seed#3","Output":"=== RUN   FuzzEncoding/seed#3\n"}
{"Time":"2026-09-28T10:41:10.785649184Z","Action":"output","Package":"git.example.com/infra/openbao-sdk-go/internal/transitutil","Test":"FuzzEncoding/seed#3","Output":"--- PASS: FuzzEncoding/seed#3 (0.00s)\n"}
{"Time":"2026-09-28T10:41:10.785654582Z","Action":"pass","Package":"git.example.com/infra/openbao-sdk-go/internal/transitutil","Test":"FuzzEncoding/seed#3","Elapsed":0}
{"Time":"2026-09-28T10:41:10.785680932Z","Action":"output","Package":"git.example.com/infra/openbao-sdk-go/internal/transitutil","Test":"FuzzEncoding","Output":"--- PASS: FuzzEncoding (0.00s)\n"}
{"Time":"2026-09-28T10:41:10.785686941Z","Action":"pass","Package":"git.example.com/infra/openbao-sdk-go/internal/transitutil","Test":"FuzzEncoding","Elapsed":0}
{"Time":"2026-09-28T10:41:10.785705048Z","Action":"output","Package":"git.example.com/infra/openbao-sdk-go/internal/transitutil","Output":"PASS\n"}
{"Time":"2026-09-28T10:41:10.886225644Z","Action":"start","Package":"git.example.com/infra/openbao-sdk-go/internal/testenv"}
{"Time":"2026-09-28T10:41:10.886379516Z","Action":"start","Package":"git.example.com/infra/openbao-sdk-go/internal/testutil"}
{"Time":"2026-09-28T10:41:10.886392625Z","Action":"output","Package":"git.example.com/infra/openbao-sdk-go/internal/testutil","Output":"?   \tgit.example.com/infra/openbao-sdk-go/internal/testutil\t[no test files]\n"}
{"Time":"2026-09-28T10:41:10.886399055Z","Action":"skip","Package":"git.example.com/infra/openbao-sdk-go/internal/testutil","Elapsed":0}
{"Time":"2026-09-28T10:41:10.894327832Z","Action":"run","Package":"git.example.com/infra/openbao-sdk-go/internal/testenv","Test":"TestIntegrationOptionsFailClosed"}
{"Time":"2026-09-28T10:41:10.894352749Z","Action":"output","Package":"git.example.com/infra/openbao-sdk-go/internal/testenv","Test":"TestIntegrationOptionsFailClosed","Output":"=== RUN   TestIntegrationOptionsFailClosed\n"}
{"Time":"2026-09-28T10:41:10.894520221Z","Action":"output","Package":"git.example.com/infra/openbao-sdk-go/internal/testenv","Test":"TestIntegrationOptionsFailClosed","Output":"--- PASS: TestIntegrationOptionsFailClosed (0.00s)\n"}
{"Time":"2026-09-28T10:41:10.894535284Z","Action":"pass","Package":"git.example.com/infra/openbao-sdk-go/internal/testenv","Test":"TestIntegrationOptionsFailClosed","Elapsed":0}
{"Time":"2026-09-28T10:41:10.894543466Z","Action":"run","Package":"git.example.com/infra/openbao-sdk-go/internal/testenv","Test":"TestIntegrationBinaryDigest"}
{"Time":"2026-09-28T10:41:10.894548874Z","Action":"output","Package":"git.example.com/infra/openbao-sdk-go/internal/testenv","Test":"TestIntegrationBinaryDigest","Output":"=== RUN   TestIntegrationBinaryDigest\n"}
{"Time":"2026-09-28T10:41:10.894953753Z","Action":"output","Package":"git.example.com/infra/openbao-sdk-go/internal/testenv","Test":"TestIntegrationBinaryDigest","Output":"--- PASS: TestIntegrationBinaryDigest (0.00s)\n"}
{"Time":"2026-09-28T10:41:10.894969697Z","Action":"pass","Package":"git.example.com/infra/openbao-sdk-go/internal/testenv","Test":"TestIntegrationBinaryDigest","Elapsed":0}
{"Time":"2026-09-28T10:41:10.895021565Z","Action":"run","Package":"git.example.com/infra/openbao-sdk-go/internal/testenv","Test":"TestIntegrationPolicyIsolation"}
{"Time":"2026-09-28T10:41:10.89502478Z","Action":"output","Package":"git.example.com/infra/openbao-sdk-go/internal/testenv","Test":"TestIntegrationPolicyIsolation","Output":"=== RUN   TestIntegrationPolicyIsolation\n"}
{"Time":"2026-09-28T10:41:10.89505143Z","Action":"output","Package":"git.example.com/infra/openbao-sdk-go/internal/testenv","Test":"TestIntegrationPolicyIsolation","Output":"--- PASS: TestIntegrationPolicyIsolation (0.00s)\n"}
{"Time":"2026-09-28T10:41:10.895069868Z","Action":"pass","Package":"git.example.com/infra/openbao-sdk-go/internal/testenv","Test":"TestIntegrationPolicyIsolation","Elapsed":0}
{"Time":"2026-09-28T10:41:10.895074655Z","Action":"run","Package":"git.example.com/infra/openbao-sdk-go/internal/testenv","Test":"TestIntegrationEnvironmentInput"}
{"Time":"2026-09-28T10:41:10.89507775Z","Action":"output","Package":"git.example.com/infra/openbao-sdk-go/internal/testenv","Test":"TestIntegrationEnvironmentInput","Output":"=== RUN   TestIntegrationEnvironmentInput\n"}
{"Time":"2026-09-28T10:41:10.895156208Z","Action":"output","Package":"git.example.com/infra/openbao-sdk-go/internal/testenv","Test":"TestIntegrationEnvironmentInput","Output":"--- PASS: TestIntegrationEnvironmentInput (0.00s)\n"}
{"Time":"2026-09-28T10:41:10.895176538Z","Action":"pass","Package":"git.example.com/infra/openbao-sdk-go/internal/testenv","Test":"TestIntegrationEnvironmentInput","Elapsed":0}
{"Time":"2026-09-28T10:41:10.895183249Z","Action":"output","Package":"git.example.com/infra/openbao-sdk-go/internal/testenv","Output":"PASS\n"}
{"Time":"2026-09-28T10:41:10.913715605Z","Action":"output","Package":"git.example.com/infra/openbao-sdk-go/internal/engine","Output":"ok  \tgit.example.com/infra/openbao-sdk-go/internal/engine\t1.286s\n"}
{"Time":"2026-09-28T10:41:10.91374568Z","Action":"pass","Package":"git.example.com/infra/openbao-sdk-go/internal/engine","Elapsed":1.286}
{"Time":"2026-09-28T10:41:11.044983301Z","Action":"start","Package":"git.example.com/infra/openbao-sdk-go/examples/credentialworkflow"}
{"Time":"2026-09-28T10:41:11.051467664Z","Action":"run","Package":"git.example.com/infra/openbao-sdk-go/examples/credentialworkflow","Test":"TestCredentialWorkflowRecovery"}
{"Time":"2026-09-28T10:41:11.051486593Z","Action":"output","Package":"git.example.com/infra/openbao-sdk-go/examples/credentialworkflow","Test":"TestCredentialWorkflowRecovery","Output":"=== RUN   TestCredentialWorkflowRecovery\n"}
{"Time":"2026-09-28T10:41:11.051614325Z","Action":"output","Package":"git.example.com/infra/openbao-sdk-go/examples/credentialworkflow","Test":"TestCredentialWorkflowRecovery","Output":"--- PASS: TestCredentialWorkflowRecovery (0.00s)\n"}
{"Time":"2026-09-28T10:41:11.051649498Z","Action":"pass","Package":"git.example.com/infra/openbao-sdk-go/examples/credentialworkflow","Test":"TestCredentialWorkflowRecovery","Elapsed":0}
{"Time":"2026-09-28T10:41:11.051674526Z","Action":"run","Package":"git.example.com/infra/openbao-sdk-go/examples/credentialworkflow","Test":"TestCredentialWorkflowUnknownDoesNotReissue"}
{"Time":"2026-09-28T10:41:11.05167738Z","Action":"output","Package":"git.example.com/infra/openbao-sdk-go/examples/credentialworkflow","Test":"TestCredentialWorkflowUnknownDoesNotReissue","Output":"=== RUN   TestCredentialWorkflowUnknownDoesNotReissue\n"}
{"Time":"2026-09-28T10:41:11.051729639Z","Action":"output","Package":"git.example.com/infra/openbao-sdk-go/examples/credentialworkflow","Test":"TestCredentialWorkflowUnknownDoesNotReissue","Output":"--- PASS: TestCredentialWorkflowUnknownDoesNotReissue (0.00s)\n"}
{"Time":"2026-09-28T10:41:11.051760725Z","Action":"pass","Package":"git.example.com/infra/openbao-sdk-go/examples/credentialworkflow","Test":"TestCredentialWorkflowUnknownDoesNotReissue","Elapsed":0}
{"Time":"2026-09-28T10:41:11.05177698Z","Action":"run","Package":"git.example.com/infra/openbao-sdk-go/examples/credentialworkflow","Test":"TestCredentialWorkflowUnknownKVReconciles"}
{"Time":"2026-09-28T10:41:11.051779143Z","Action":"output","Package":"git.example.com/infra/openbao-sdk-go/examples/credentialworkflow","Test":"TestCredentialWorkflowUnknownKVReconciles","Output":"=== RUN   TestCredentialWorkflowUnknownKVReconciles\n"}
{"Time":"2026-09-28T10:41:11.051830801Z","Action":"output","Package":"git.example.com/infra/openbao-sdk-go/examples/credentialworkflow","Test":"TestCredentialWorkflowUnknownKVReconciles","Output":"--- PASS: TestCredentialWorkflowUnknownKVReconciles (0.00s)\n"}
{"Time":"2026-09-28T10:41:11.051858432Z","Action":"pass","Package":"git.example.com/infra/openbao-sdk-go/examples/credentialworkflow","Test":"TestCredentialWorkflowUnknownKVReconciles","Elapsed":0}
{"Time":"2026-09-28T10:41:11.05190331Z","Action":"run","Package":"git.example.com/infra/openbao-sdk-go/examples/credentialworkflow","Test":"TestCredentialWorkflowGenerationMismatch"}
{"Time":"2026-09-28T10:41:11.051905974Z","Action":"output","Package":"git.example.com/infra/openbao-sdk-go/examples/credentialworkflow","Test":"TestCredentialWorkflowGenerationMismatch","Output":"=== RUN   TestCredentialWorkflowGenerationMismatch\n"}
{"Time":"2026-09-28T10:41:11.051953876Z","Action":"output","Package":"git.example.com/infra/openbao-sdk-go/examples/credentialworkflow","Test":"TestCredentialWorkflowGenerationMismatch","Output":"--- PASS: TestCredentialWorkflowGenerationMismatch (0.00s)\n"}
{"Time":"2026-09-28T10:41:11.051980746Z","Action":"pass","Package":"git.example.com/infra/openbao-sdk-go/examples/credentialworkflow","Test":"TestCredentialWorkflowGenerationMismatch","Elapsed":0}
{"Time":"2026-09-28T10:41:11.05199664Z","Action":"run","Package":"git.example.com/infra/openbao-sdk-go/examples/credentialworkflow","Test":"TestRegistrationRequiresBothMaterials"}
{"Time":"2026-09-28T10:41:11.051999054Z","Action":"output","Package":"git.example.com/infra/openbao-sdk-go/examples/credentialworkflow","Test":"TestRegistrationRequiresBothMaterials","Output":"=== RUN   TestRegistrationRequiresBothMaterials\n"}
{"Time":"2026-09-28T10:41:11.052048188Z","Action":"output","Package":"git.example.com/infra/openbao-sdk-go/examples/credentialworkflow","Test":"TestRegistrationRequiresBothMaterials","Output":"--- PASS: TestRegistrationRequiresBothMaterials (0.00s)\n"}
{"Time":"2026-09-28T10:41:11.052071303Z","Action":"pass","Package":"git.example.com/infra/openbao-sdk-go/examples/credentialworkflow","Test":"TestRegistrationRequiresBothMaterials","Elapsed":0}
{"Time":"2026-09-28T10:41:11.052084973Z","Action":"run","Package":"git.example.com/infra/openbao-sdk-go/examples/credentialworkflow","Test":"TestCredentialWorkflowRejectsNilStored"}
{"Time":"2026-09-28T10:41:11.052087216Z","Action":"output","Package":"git.example.com/infra/openbao-sdk-go/examples/credentialworkflow","Test":"TestCredentialWorkflowRejectsNilStored","Output":"=== RUN   TestCredentialWorkflowRejectsNilStored\n"}
{"Time":"2026-09-28T10:41:11.052131383Z","Action":"output","Package":"git.example.com/infra/openbao-sdk-go/examples/credentialworkflow","Test":"TestCredentialWorkflowRejectsNilStored","Output":"--- PASS: TestCredentialWorkflowRejectsNilStored (0.00s)\n"}
{"Time":"2026-09-28T10:41:11.052156631Z","Action":"pass","Package":"git.example.com/infra/openbao-sdk-go/examples/credentialworkflow","Test":"TestCredentialWorkflowRejectsNilStored","Elapsed":0}
{"Time":"2026-09-28T10:41:11.052174958Z","Action":"output","Package":"git.example.com/infra/openbao-sdk-go/examples/credentialworkflow","Output":"PASS\n"}
{"Time":"2026-09-28T10:41:11.164789236Z","Action":"start","Package":"git.example.com/infra/openbao-sdk-go/examples/internal/bootstrap"}
{"Time":"2026-09-28T10:41:11.171202017Z","Action":"run","Package":"git.example.com/infra/openbao-sdk-go/examples/internal/bootstrap","Test":"TestExplicitExampleConfiguration"}
{"Time":"2026-09-28T10:41:11.171219003Z","Action":"output","Package":"git.example.com/infra/openbao-sdk-go/examples/internal/bootstrap","Test":"TestExplicitExampleConfiguration","Output":"=== RUN   TestExplicitExampleConfiguration\n"}
{"Time":"2026-09-28T10:41:11.171291883Z","Action":"output","Package":"git.example.com/infra/openbao-sdk-go/examples/internal/bootstrap","Test":"TestExplicitExampleConfiguration","Output":"--- PASS: TestExplicitExampleConfiguration (0.00s)\n"}
{"Time":"2026-09-28T10:41:11.17131031Z","Action":"pass","Package":"git.example.com/infra/openbao-sdk-go/examples/internal/bootstrap","Test":"TestExplicitExampleConfiguration","Elapsed":0}
{"Time":"2026-09-28T10:41:11.171316389Z","Action":"output","Package":"git.example.com/infra/openbao-sdk-go/examples/internal/bootstrap","Output":"PASS\n"}
{"Time":"2026-09-28T10:41:11.187000582Z","Action":"output","Package":"git.example.com/infra/openbao-sdk-go/internal/pkiutil","Output":"ok  \tgit.example.com/infra/openbao-sdk-go/internal/pkiutil\t1.027s\n"}
{"Time":"2026-09-28T10:41:11.187037537Z","Action":"pass","Package":"git.example.com/infra/openbao-sdk-go/internal/pkiutil","Elapsed":1.027}
{"Time":"2026-09-28T10:41:11.18793676Z","Action":"start","Package":"git.example.com/infra/openbao-sdk-go/examples/kv-versioned"}
{"Time":"2026-09-28T10:41:11.187948537Z","Action":"output","Package":"git.example.com/infra/openbao-sdk-go/examples/kv-versioned","Output":"?   \tgit.example.com/infra/openbao-sdk-go/examples/kv-versioned\t[no test files]\n"}
{"Time":"2026-09-28T10:41:11.18795687Z","Action":"skip","Package":"git.example.com/infra/openbao-sdk-go/examples/kv-versioned","Elapsed":0}
{"Time":"2026-09-28T10:41:11.188111302Z","Action":"start","Package":"git.example.com/infra/openbao-sdk-go/examples/pki-issue-store"}
{"Time":"2026-09-28T10:41:11.188118553Z","Action":"output","Package":"git.example.com/infra/openbao-sdk-go/examples/pki-issue-store","Output":"?   \tgit.example.com/infra/openbao-sdk-go/examples/pki-issue-store\t[no test files]\n"}
{"Time":"2026-09-28T10:41:11.188122289Z","Action":"skip","Package":"git.example.com/infra/openbao-sdk-go/examples/pki-issue-store","Elapsed":0}
{"Time":"2026-09-28T10:41:11.188257652Z","Action":"start","Package":"git.example.com/infra/openbao-sdk-go/examples/service-bootstrap"}
{"Time":"2026-09-28T10:41:11.188284984Z","Action":"output","Package":"git.example.com/infra/openbao-sdk-go/examples/service-bootstrap","Output":"?   \tgit.example.com/infra/openbao-sdk-go/examples/service-bootstrap\t[no test files]\n"}
{"Time":"2026-09-28T10:41:11.18828911Z","Action":"skip","Package":"git.example.com/infra/openbao-sdk-go/examples/service-bootstrap","Elapsed":0}
{"Time":"2026-09-28T10:41:11.188405855Z","Action":"start","Package":"git.example.com/infra/openbao-sdk-go/examples/transit-sign"}
{"Time":"2026-09-28T10:41:11.188411153Z","Action":"output","Package":"git.example.com/infra/openbao-sdk-go/examples/transit-sign","Output":"?   \tgit.example.com/infra/openbao-sdk-go/examples/transit-sign\t[no test files]\n"}
{"Time":"2026-09-28T10:41:11.188414428Z","Action":"skip","Package":"git.example.com/infra/openbao-sdk-go/examples/transit-sign","Elapsed":0}
{"Time":"2026-09-28T10:41:11.787658314Z","Action":"output","Package":"git.example.com/infra/openbao-sdk-go/internal/transitutil","Output":"ok  \tgit.example.com/infra/openbao-sdk-go/internal/transitutil\t1.266s\n"}
{"Time":"2026-09-28T10:41:11.787704333Z","Action":"pass","Package":"git.example.com/infra/openbao-sdk-go/internal/transitutil","Elapsed":1.266}
{"Time":"2026-09-28T10:41:11.896199685Z","Action":"output","Package":"git.example.com/infra/openbao-sdk-go/internal/testenv","Output":"ok  \tgit.example.com/infra/openbao-sdk-go/internal/testenv\t1.010s\n"}
{"Time":"2026-09-28T10:41:11.896258203Z","Action":"pass","Package":"git.example.com/infra/openbao-sdk-go/internal/testenv","Elapsed":1.01}
{"Time":"2026-09-28T10:41:12.053119227Z","Action":"output","Package":"git.example.com/infra/openbao-sdk-go/examples/credentialworkflow","Output":"ok  \tgit.example.com/infra/openbao-sdk-go/examples/credentialworkflow\t1.008s\n"}
{"Time":"2026-09-28T10:41:12.05316145Z","Action":"pass","Package":"git.example.com/infra/openbao-sdk-go/examples/credentialworkflow","Elapsed":1.008}
{"Time":"2026-09-28T10:41:12.172902453Z","Action":"output","Package":"git.example.com/infra/openbao-sdk-go/examples/internal/bootstrap","Output":"ok  \tgit.example.com/infra/openbao-sdk-go/examples/internal/bootstrap\t1.008s\n"}
{"Time":"2026-09-28T10:41:12.172941101Z","Action":"pass","Package":"git.example.com/infra/openbao-sdk-go/examples/internal/bootstrap","Elapsed":1.008}
