mode: atomic
git.example.com/infra/openbao-sdk-go/auth/providers.go:27.41,29.2 1 0
git.example.com/infra/openbao-sdk-go/auth/providers.go:30.48,31.16 1 0
git.example.com/infra/openbao-sdk-go/auth/providers.go:31.16,33.3 1 0
git.example.com/infra/openbao-sdk-go/auth/providers.go:34.2,34.35 1 0
git.example.com/infra/openbao-sdk-go/auth/providers.go:34.35,36.3 1 0
git.example.com/infra/openbao-sdk-go/auth/providers.go:37.2,37.43 1 0
git.example.com/infra/openbao-sdk-go/auth/providers.go:37.43,39.3 1 0
git.example.com/infra/openbao-sdk-go/auth/providers.go:40.2,40.12 1 0
git.example.com/infra/openbao-sdk-go/auth/providers.go:42.37,43.48 1 0
git.example.com/infra/openbao-sdk-go/auth/providers.go:43.48,45.3 1 0
git.example.com/infra/openbao-sdk-go/auth/providers.go:46.2,46.22 1 0
git.example.com/infra/openbao-sdk-go/auth/providers.go:46.22,47.24 1 0
git.example.com/infra/openbao-sdk-go/auth/providers.go:47.24,49.4 1 0
git.example.com/infra/openbao-sdk-go/auth/providers.go:51.2,51.13 1 0
git.example.com/infra/openbao-sdk-go/auth/providers.go:53.47,54.31 1 0
git.example.com/infra/openbao-sdk-go/auth/providers.go:54.31,54.89 1 0
git.example.com/infra/openbao-sdk-go/auth/providers.go:55.2,55.30 1 0
git.example.com/infra/openbao-sdk-go/auth/providers.go:55.30,57.3 1 0
git.example.com/infra/openbao-sdk-go/auth/providers.go:58.2,60.44 3 0
git.example.com/infra/openbao-sdk-go/auth/providers.go:69.67,72.27 3 0
git.example.com/infra/openbao-sdk-go/auth/providers.go:72.27,74.3 1 0
git.example.com/infra/openbao-sdk-go/auth/providers.go:75.2,76.16 2 0
git.example.com/infra/openbao-sdk-go/auth/providers.go:76.16,78.3 1 0
git.example.com/infra/openbao-sdk-go/auth/providers.go:79.2,79.73 1 0
git.example.com/infra/openbao-sdk-go/auth/providers.go:81.76,82.44 1 0
git.example.com/infra/openbao-sdk-go/auth/providers.go:82.44,84.3 1 0
git.example.com/infra/openbao-sdk-go/auth/providers.go:85.2,87.85 3 0
git.example.com/infra/openbao-sdk-go/auth/providers.go:96.38,98.2 1 0
git.example.com/infra/openbao-sdk-go/auth/providers.go:102.55,103.26 1 0
git.example.com/infra/openbao-sdk-go/auth/providers.go:103.26,105.3 1 0
git.example.com/infra/openbao-sdk-go/auth/providers.go:106.2,106.36 1 0
git.example.com/infra/openbao-sdk-go/auth/providers.go:108.78,109.83 1 0
git.example.com/infra/openbao-sdk-go/auth/providers.go:109.83,111.3 1 0
git.example.com/infra/openbao-sdk-go/auth/providers.go:112.2,112.49 1 0
git.example.com/infra/openbao-sdk-go/auth/providers.go:114.88,115.44 1 0
git.example.com/infra/openbao-sdk-go/auth/providers.go:115.44,117.3 1 0
git.example.com/infra/openbao-sdk-go/auth/providers.go:120.2,121.42 2 0
git.example.com/infra/openbao-sdk-go/auth/providers.go:121.42,123.3 1 0
git.example.com/infra/openbao-sdk-go/auth/providers.go:124.2,125.16 2 0
git.example.com/infra/openbao-sdk-go/auth/providers.go:125.16,127.3 1 0
git.example.com/infra/openbao-sdk-go/auth/providers.go:128.2,130.76 3 0
git.example.com/infra/openbao-sdk-go/auth/providers.go:130.76,132.3 1 0
git.example.com/infra/openbao-sdk-go/auth/providers.go:133.2,135.49 3 0
git.example.com/infra/openbao-sdk-go/auth/providers.go:135.49,137.3 1 0
git.example.com/infra/openbao-sdk-go/auth/providers.go:138.2,138.43 1 0
git.example.com/infra/openbao-sdk-go/auth/providers.go:138.43,140.3 1 0
git.example.com/infra/openbao-sdk-go/auth/providers.go:141.2,142.29 2 0
git.example.com/infra/openbao-sdk-go/auth/providers.go:142.29,144.3 1 0
git.example.com/infra/openbao-sdk-go/auth/providers.go:145.2,146.16 2 0
git.example.com/infra/openbao-sdk-go/auth/providers.go:146.16,148.3 1 0
git.example.com/infra/openbao-sdk-go/auth/providers.go:149.2,149.42 1 0
git.example.com/infra/openbao-sdk-go/auth/providers.go:151.74,153.16 2 0
git.example.com/infra/openbao-sdk-go/auth/providers.go:153.16,155.3 1 0
git.example.com/infra/openbao-sdk-go/auth/providers.go:156.2,156.52 1 0
git.example.com/infra/openbao-sdk-go/auth/providers.go:158.79,160.16 2 0
git.example.com/infra/openbao-sdk-go/auth/providers.go:160.16,162.3 1 0
git.example.com/infra/openbao-sdk-go/auth/providers.go:163.2,163.70 1 0
git.example.com/infra/openbao-sdk-go/baoerr/error.go:49.32,50.14 1 0
git.example.com/infra/openbao-sdk-go/baoerr/error.go:50.14,52.3 1 0
git.example.com/infra/openbao-sdk-go/baoerr/error.go:53.2,53.43 1 0
git.example.com/infra/openbao-sdk-go/baoerr/error.go:55.32,56.14 1 0
git.example.com/infra/openbao-sdk-go/baoerr/error.go:56.14,58.3 1 0
git.example.com/infra/openbao-sdk-go/baoerr/error.go:59.2,59.16 1 0
git.example.com/infra/openbao-sdk-go/baoerr/error.go:60.20,61.26 1 0
git.example.com/infra/openbao-sdk-go/baoerr/error.go:62.28,63.34 1 0
git.example.com/infra/openbao-sdk-go/baoerr/error.go:65.2,65.12 1 0
git.example.com/infra/openbao-sdk-go/baoerr/error.go:67.42,70.2 2 0
git.example.com/infra/openbao-sdk-go/baoerr/error.go:71.40,74.2 2 0
git.example.com/infra/openbao-sdk-go/baoerr/error.go:75.45,75.65 1 0
git.example.com/infra/openbao-sdk-go/baoerr/error.go:76.45,76.65 1 0
git.example.com/infra/openbao-sdk-go/baoerr/error.go:77.45,77.84 1 0
git.example.com/infra/openbao-sdk-go/baoerr/error.go:78.45,78.83 1 0
git.example.com/infra/openbao-sdk-go/baoerr/error.go:79.47,80.14 1 0
git.example.com/infra/openbao-sdk-go/baoerr/error.go:80.14,82.3 1 0
git.example.com/infra/openbao-sdk-go/baoerr/error.go:83.2,89.81 1 0
git.example.com/infra/openbao-sdk-go/baoerr/error.go:91.32,92.11 1 0
git.example.com/infra/openbao-sdk-go/baoerr/error.go:93.281,94.11 1 0
git.example.com/infra/openbao-sdk-go/baoerr/error.go:96.2,96.20 1 0
git.example.com/infra/openbao-sdk-go/baoerr/error.go:98.34,99.11 1 0
git.example.com/infra/openbao-sdk-go/baoerr/error.go:100.50,101.11 1 0
git.example.com/infra/openbao-sdk-go/baoerr/error.go:103.2,103.22 1 0
git.example.com/infra/openbao-sdk-go/internal/authn/approle.go:16.55,20.26 4 0
git.example.com/infra/openbao-sdk-go/internal/authn/approle.go:20.26,22.3 1 0
git.example.com/infra/openbao-sdk-go/internal/authn/approle.go:23.2,24.16 2 0
git.example.com/infra/openbao-sdk-go/internal/authn/approle.go:24.16,26.3 1 0
git.example.com/infra/openbao-sdk-go/internal/authn/approle.go:27.2,31.184 5 0
git.example.com/infra/openbao-sdk-go/internal/authn/approle.go:31.184,33.3 1 0
git.example.com/infra/openbao-sdk-go/internal/authn/approle.go:34.2,34.40 1 0
git.example.com/infra/openbao-sdk-go/internal/authn/approle.go:34.40,36.3 1 0
git.example.com/infra/openbao-sdk-go/internal/authn/approle.go:37.2,37.40 1 0
git.example.com/infra/openbao-sdk-go/internal/authn/approle.go:37.40,40.12 3 0
git.example.com/infra/openbao-sdk-go/internal/authn/approle.go:40.12,42.4 1 0
git.example.com/infra/openbao-sdk-go/internal/authn/approle.go:43.3,44.11 2 0
git.example.com/infra/openbao-sdk-go/internal/authn/approle.go:44.11,46.4 1 0
git.example.com/infra/openbao-sdk-go/internal/authn/approle.go:48.2,49.16 2 0
git.example.com/infra/openbao-sdk-go/internal/authn/approle.go:49.16,51.3 1 0
git.example.com/infra/openbao-sdk-go/internal/authn/approle.go:52.2,54.17 3 0
git.example.com/infra/openbao-sdk-go/internal/authn/approle.go:54.17,56.3 1 0
git.example.com/infra/openbao-sdk-go/internal/authn/approle.go:57.2,57.16 1 0
git.example.com/infra/openbao-sdk-go/internal/authn/approle.go:57.16,59.3 1 0
git.example.com/infra/openbao-sdk-go/internal/authn/approle.go:60.2,60.57 1 0
git.example.com/infra/openbao-sdk-go/internal/authn/approle.go:62.81,66.189 4 0
git.example.com/infra/openbao-sdk-go/internal/authn/approle.go:66.189,66.218 1 0
git.example.com/infra/openbao-sdk-go/internal/authn/approle.go:67.2,67.17 1 0
git.example.com/infra/openbao-sdk-go/internal/authn/approle.go:67.17,69.3 1 0
git.example.com/infra/openbao-sdk-go/internal/authn/approle.go:70.2,70.16 1 0
git.example.com/infra/openbao-sdk-go/internal/authn/approle.go:70.16,72.3 1 0
git.example.com/infra/openbao-sdk-go/internal/authn/approle.go:73.2,73.57 1 0
git.example.com/infra/openbao-sdk-go/internal/authn/approle.go:75.110,77.16 2 0
git.example.com/infra/openbao-sdk-go/internal/authn/approle.go:77.16,79.3 1 0
git.example.com/infra/openbao-sdk-go/internal/authn/approle.go:80.2,81.9 2 0
git.example.com/infra/openbao-sdk-go/internal/authn/approle.go:81.9,83.3 1 0
git.example.com/infra/openbao-sdk-go/internal/authn/approle.go:84.2,85.40 2 0
git.example.com/infra/openbao-sdk-go/internal/authn/approle.go:85.40,87.3 1 0
git.example.com/infra/openbao-sdk-go/internal/authn/approle.go:88.2,89.70 2 0
git.example.com/infra/openbao-sdk-go/internal/authn/approle.go:89.70,91.3 1 0
git.example.com/infra/openbao-sdk-go/internal/authn/approle.go:92.2,93.9 2 0
git.example.com/infra/openbao-sdk-go/internal/authn/approle.go:93.9,95.3 1 0
git.example.com/infra/openbao-sdk-go/internal/authn/approle.go:96.2,96.43 1 0
git.example.com/infra/openbao-sdk-go/internal/authn/approle.go:96.43,98.20 2 0
git.example.com/infra/openbao-sdk-go/internal/authn/approle.go:98.20,100.4 1 0
git.example.com/infra/openbao-sdk-go/internal/authn/approle.go:102.2,105.20 4 0
git.example.com/infra/openbao-sdk-go/internal/authn/approle.go:105.20,107.3 1 0
git.example.com/infra/openbao-sdk-go/internal/authn/approle.go:108.2,111.14 4 0
git.example.com/infra/openbao-sdk-go/internal/authn/approle.go:111.14,114.3 2 0
git.example.com/infra/openbao-sdk-go/internal/authn/approle.go:115.2,115.45 1 0
git.example.com/infra/openbao-sdk-go/internal/authn/approle.go:115.45,118.3 2 0
git.example.com/infra/openbao-sdk-go/internal/authn/approle.go:119.2,129.12 10 0
git.example.com/infra/openbao-sdk-go/internal/authn/clock.go:15.50,15.71 1 0
git.example.com/infra/openbao-sdk-go/internal/authn/clock.go:16.50,16.88 1 0
git.example.com/infra/openbao-sdk-go/internal/authn/clock.go:20.41,20.57 1 0
git.example.com/infra/openbao-sdk-go/internal/authn/clock.go:21.41,21.62 1 0
git.example.com/infra/openbao-sdk-go/internal/authn/manager.go:44.67,45.18 1 0
git.example.com/infra/openbao-sdk-go/internal/authn/manager.go:45.18,47.3 1 0
git.example.com/infra/openbao-sdk-go/internal/authn/manager.go:48.2,48.85 1 0
git.example.com/infra/openbao-sdk-go/internal/authn/manager.go:50.45,51.16 1 0
git.example.com/infra/openbao-sdk-go/internal/authn/manager.go:51.16,53.3 1 0
git.example.com/infra/openbao-sdk-go/internal/authn/manager.go:54.2,54.19 1 0
git.example.com/infra/openbao-sdk-go/internal/authn/manager.go:55.24,56.77 1 0
git.example.com/infra/openbao-sdk-go/internal/authn/manager.go:57.32,58.85 1 0
git.example.com/infra/openbao-sdk-go/internal/authn/manager.go:60.2,60.12 1 0
git.example.com/infra/openbao-sdk-go/internal/authn/manager.go:62.47,63.37 1 0
git.example.com/infra/openbao-sdk-go/internal/authn/manager.go:63.37,65.3 1 0
git.example.com/infra/openbao-sdk-go/internal/authn/manager.go:66.2,66.88 1 0
git.example.com/infra/openbao-sdk-go/internal/authn/manager.go:68.33,69.36 1 0
git.example.com/infra/openbao-sdk-go/internal/authn/manager.go:69.36,71.3 1 0
git.example.com/infra/openbao-sdk-go/internal/authn/manager.go:72.2,72.22 1 0
git.example.com/infra/openbao-sdk-go/internal/authn/manager.go:72.22,73.24 1 0
git.example.com/infra/openbao-sdk-go/internal/authn/manager.go:73.24,75.4 1 0
git.example.com/infra/openbao-sdk-go/internal/authn/manager.go:77.2,77.13 1 0
git.example.com/infra/openbao-sdk-go/internal/authn/manager.go:79.101,80.15 1 0
git.example.com/infra/openbao-sdk-go/internal/authn/manager.go:80.15,81.23 1 0
git.example.com/infra/openbao-sdk-go/internal/authn/manager.go:81.23,83.4 1 0
git.example.com/infra/openbao-sdk-go/internal/authn/manager.go:85.2,85.24 1 0
git.example.com/infra/openbao-sdk-go/internal/authn/manager.go:87.108,88.15 1 0
git.example.com/infra/openbao-sdk-go/internal/authn/manager.go:88.15,89.23 1 0
git.example.com/infra/openbao-sdk-go/internal/authn/manager.go:89.23,91.4 1 0
git.example.com/infra/openbao-sdk-go/internal/authn/manager.go:93.2,93.23 1 0
git.example.com/infra/openbao-sdk-go/internal/authn/manager.go:95.67,96.37 1 0
git.example.com/infra/openbao-sdk-go/internal/authn/manager.go:96.37,98.3 1 0
git.example.com/infra/openbao-sdk-go/internal/authn/manager.go:99.2,100.14 2 0
git.example.com/infra/openbao-sdk-go/internal/authn/manager.go:100.14,103.3 2 0
git.example.com/infra/openbao-sdk-go/internal/authn/manager.go:104.2,105.38 2 0
git.example.com/infra/openbao-sdk-go/internal/authn/manager.go:105.38,107.17 2 0
git.example.com/infra/openbao-sdk-go/internal/authn/manager.go:107.17,111.4 3 0
git.example.com/infra/openbao-sdk-go/internal/authn/manager.go:112.3,114.89 3 0
git.example.com/infra/openbao-sdk-go/internal/authn/manager.go:114.89,118.4 3 0
git.example.com/infra/openbao-sdk-go/internal/authn/manager.go:119.3,119.38 1 0
git.example.com/infra/openbao-sdk-go/internal/authn/manager.go:119.38,121.4 1 0
git.example.com/infra/openbao-sdk-go/internal/authn/manager.go:122.3,123.26 2 0
git.example.com/infra/openbao-sdk-go/internal/authn/manager.go:125.2,127.14 3 0
git.example.com/infra/openbao-sdk-go/internal/authn/manager.go:127.14,129.3 1 0
git.example.com/infra/openbao-sdk-go/internal/authn/manager.go:130.2,130.60 1 0
git.example.com/infra/openbao-sdk-go/internal/authn/manager.go:130.60,132.3 1 0
git.example.com/infra/openbao-sdk-go/internal/authn/manager.go:133.2,135.25 3 0
git.example.com/infra/openbao-sdk-go/internal/authn/manager.go:137.71,143.2 5 0
git.example.com/infra/openbao-sdk-go/internal/authn/manager.go:144.51,148.19 4 0
git.example.com/infra/openbao-sdk-go/internal/authn/manager.go:148.19,150.40 2 0
git.example.com/infra/openbao-sdk-go/internal/authn/manager.go:150.40,152.4 1 0
git.example.com/infra/openbao-sdk-go/internal/authn/manager.go:154.2,154.14 1 0
git.example.com/infra/openbao-sdk-go/internal/authn/manager.go:154.14,157.3 2 0
git.example.com/infra/openbao-sdk-go/internal/authn/manager.go:158.2,159.38 2 0
git.example.com/infra/openbao-sdk-go/internal/authn/manager.go:159.38,162.3 2 0
git.example.com/infra/openbao-sdk-go/internal/authn/manager.go:162.8,164.3 1 0
git.example.com/infra/openbao-sdk-go/internal/authn/manager.go:165.2,165.21 1 0
git.example.com/infra/openbao-sdk-go/internal/authn/manager.go:165.21,168.3 2 0
git.example.com/infra/openbao-sdk-go/internal/authn/manager.go:169.2,169.13 1 0
git.example.com/infra/openbao-sdk-go/internal/authn/manager.go:169.13,170.20 1 0
git.example.com/infra/openbao-sdk-go/internal/authn/manager.go:170.20,172.4 1 0
git.example.com/infra/openbao-sdk-go/internal/authn/manager.go:172.9,174.4 1 0
git.example.com/infra/openbao-sdk-go/internal/authn/manager.go:176.2,176.10 1 0
git.example.com/infra/openbao-sdk-go/internal/authn/manager.go:181.54,182.37 1 0
git.example.com/infra/openbao-sdk-go/internal/authn/manager.go:182.37,184.3 1 0
git.example.com/infra/openbao-sdk-go/internal/authn/manager.go:185.2,185.38 1 0
git.example.com/infra/openbao-sdk-go/internal/authn/manager.go:185.38,188.3 2 0
git.example.com/infra/openbao-sdk-go/internal/authn/manager.go:189.2,190.14 2 0
git.example.com/infra/openbao-sdk-go/internal/authn/manager.go:190.14,193.3 2 0
git.example.com/infra/openbao-sdk-go/internal/authn/manager.go:194.2,194.33 1 0
git.example.com/infra/openbao-sdk-go/internal/authn/manager.go:194.33,196.10 2 0
git.example.com/infra/openbao-sdk-go/internal/authn/manager.go:197.17,198.16 1 0
git.example.com/infra/openbao-sdk-go/internal/authn/manager.go:199.21,200.27 1 0
git.example.com/infra/openbao-sdk-go/internal/authn/manager.go:203.2,204.44 2 0
git.example.com/infra/openbao-sdk-go/internal/authn/manager.go:204.44,208.3 3 0
git.example.com/infra/openbao-sdk-go/internal/authn/manager.go:209.2,217.11 9 0
git.example.com/infra/openbao-sdk-go/internal/authn/manager.go:217.11,219.3 1 0
git.example.com/infra/openbao-sdk-go/internal/authn/manager.go:219.8,221.3 1 0
git.example.com/infra/openbao-sdk-go/internal/authn/manager.go:222.2,223.16 2 0
git.example.com/infra/openbao-sdk-go/internal/authn/manager.go:223.16,227.22 4 0
git.example.com/infra/openbao-sdk-go/internal/authn/manager.go:227.22,229.4 1 0
git.example.com/infra/openbao-sdk-go/internal/authn/manager.go:231.3,233.170 3 0
git.example.com/infra/openbao-sdk-go/internal/authn/manager.go:233.170,235.4 1 0
git.example.com/infra/openbao-sdk-go/internal/authn/manager.go:237.2,241.12 5 0
git.example.com/infra/openbao-sdk-go/internal/authn/manager.go:245.50,246.37 1 0
git.example.com/infra/openbao-sdk-go/internal/authn/manager.go:246.37,248.3 1 0
git.example.com/infra/openbao-sdk-go/internal/authn/manager.go:249.2,249.38 1 0
git.example.com/infra/openbao-sdk-go/internal/authn/manager.go:249.38,251.3 1 0
git.example.com/infra/openbao-sdk-go/internal/authn/manager.go:252.2,252.6 1 0
git.example.com/infra/openbao-sdk-go/internal/authn/manager.go:252.6,254.15 2 0
git.example.com/infra/openbao-sdk-go/internal/authn/manager.go:254.15,257.4 2 0
git.example.com/infra/openbao-sdk-go/internal/authn/manager.go:258.3,258.38 1 0
git.example.com/infra/openbao-sdk-go/internal/authn/manager.go:258.38,259.11 1 0
git.example.com/infra/openbao-sdk-go/internal/authn/manager.go:260.16,263.24 3 0
git.example.com/infra/openbao-sdk-go/internal/authn/manager.go:264.12,265.59 1 0
git.example.com/infra/openbao-sdk-go/internal/authn/manager.go:265.59,268.6 2 0
git.example.com/infra/openbao-sdk-go/internal/authn/manager.go:269.5,270.12 2 0
git.example.com/infra/openbao-sdk-go/internal/authn/manager.go:271.17,272.14 1 0
git.example.com/infra/openbao-sdk-go/internal/authn/manager.go:273.23,274.29 1 0
git.example.com/infra/openbao-sdk-go/internal/authn/manager.go:278.3,278.38 1 0
git.example.com/infra/openbao-sdk-go/internal/authn/manager.go:278.38,281.4 2 0
git.example.com/infra/openbao-sdk-go/internal/authn/manager.go:282.3,288.13 7 0
git.example.com/infra/openbao-sdk-go/internal/authn/manager.go:288.13,288.46 2 0
git.example.com/infra/openbao-sdk-go/internal/authn/manager.go:289.3,289.13 1 0
git.example.com/infra/openbao-sdk-go/internal/authn/manager.go:292.44,293.6 1 0
git.example.com/infra/openbao-sdk-go/internal/authn/manager.go:293.6,300.17 7 0
git.example.com/infra/openbao-sdk-go/internal/authn/manager.go:300.17,302.4 1 0
git.example.com/infra/openbao-sdk-go/internal/authn/manager.go:303.3,303.48 1 0
git.example.com/infra/openbao-sdk-go/internal/authn/manager.go:303.48,305.4 1 0
git.example.com/infra/openbao-sdk-go/internal/authn/manager.go:306.3,307.10 2 0
git.example.com/infra/openbao-sdk-go/internal/authn/manager.go:308.21,310.10 2 0
git.example.com/infra/openbao-sdk-go/internal/authn/manager.go:311.20,312.16 1 0
git.example.com/infra/openbao-sdk-go/internal/authn/manager.go:314.3,314.23 1 0
git.example.com/infra/openbao-sdk-go/internal/authn/manager.go:314.23,316.4 1 0
git.example.com/infra/openbao-sdk-go/internal/authn/manager.go:317.3,317.21 1 0
git.example.com/infra/openbao-sdk-go/internal/authn/manager.go:322.51,323.37 1 0
git.example.com/infra/openbao-sdk-go/internal/authn/manager.go:323.37,325.26 2 0
git.example.com/infra/openbao-sdk-go/internal/authn/manager.go:325.26,327.4 1 0
git.example.com/infra/openbao-sdk-go/internal/authn/manager.go:328.3,329.11 2 0
git.example.com/infra/openbao-sdk-go/internal/authn/manager.go:331.2,334.19 4 0
git.example.com/infra/openbao-sdk-go/internal/authn/manager.go:334.19,336.3 1 0
git.example.com/infra/openbao-sdk-go/internal/authn/manager.go:337.2,337.17 1 0
git.example.com/infra/openbao-sdk-go/internal/authn/manager.go:337.17,339.3 1 0
git.example.com/infra/openbao-sdk-go/internal/authn/manager.go:340.2,340.9 1 0
git.example.com/infra/openbao-sdk-go/internal/authn/manager.go:341.14,342.13 1 0
git.example.com/infra/openbao-sdk-go/internal/authn/manager.go:343.20,344.26 1 0
git.example.com/infra/openbao-sdk-go/internal/authn/manager.go:349.26,354.25 5 0
git.example.com/infra/openbao-sdk-go/internal/authn/manager.go:354.25,356.3 1 0
git.example.com/infra/openbao-sdk-go/internal/engine/client.go:35.56,37.2 1 0
git.example.com/infra/openbao-sdk-go/internal/engine/client.go:38.43,38.78 1 0
git.example.com/infra/openbao-sdk-go/internal/engine/client.go:39.55,40.12 1 0
git.example.com/infra/openbao-sdk-go/internal/engine/client.go:41.28,42.28 1 0
git.example.com/infra/openbao-sdk-go/internal/engine/client.go:43.20,44.28 1 0
git.example.com/infra/openbao-sdk-go/internal/engine/client.go:45.18,46.28 1 0
git.example.com/infra/openbao-sdk-go/internal/engine/client.go:48.2,48.29 1 0
git.example.com/infra/openbao-sdk-go/internal/engine/client.go:50.79,52.26 2 0
git.example.com/infra/openbao-sdk-go/internal/engine/client.go:52.26,54.3 1 0
git.example.com/infra/openbao-sdk-go/internal/engine/client.go:55.2,56.17 2 0
git.example.com/infra/openbao-sdk-go/internal/engine/client.go:56.17,58.3 1 0
git.example.com/infra/openbao-sdk-go/internal/engine/client.go:59.2,59.27 1 0
git.example.com/infra/openbao-sdk-go/internal/engine/client.go:59.27,61.3 1 0
git.example.com/infra/openbao-sdk-go/internal/engine/client.go:62.2,62.77 1 0
git.example.com/infra/openbao-sdk-go/internal/engine/client.go:62.77,64.3 1 0
git.example.com/infra/openbao-sdk-go/internal/engine/client.go:65.2,65.24 1 0
git.example.com/infra/openbao-sdk-go/internal/engine/client.go:65.24,66.54 1 0
git.example.com/infra/openbao-sdk-go/internal/engine/client.go:66.54,68.4 1 0
git.example.com/infra/openbao-sdk-go/internal/engine/client.go:70.2,72.22 3 0
git.example.com/infra/openbao-sdk-go/internal/engine/client.go:72.22,74.3 1 0
git.example.com/infra/openbao-sdk-go/internal/engine/client.go:75.2,75.51 1 0
git.example.com/infra/openbao-sdk-go/internal/engine/client.go:75.51,76.10 1 0
git.example.com/infra/openbao-sdk-go/internal/engine/client.go:77.30,78.17 1 0
git.example.com/infra/openbao-sdk-go/internal/engine/client.go:78.17,78.30 1 0
git.example.com/infra/openbao-sdk-go/internal/engine/client.go:79.21,80.68 1 0
git.example.com/infra/openbao-sdk-go/internal/engine/client.go:83.2,84.24 2 0
git.example.com/infra/openbao-sdk-go/internal/engine/client.go:84.24,86.3 1 0
git.example.com/infra/openbao-sdk-go/internal/engine/client.go:87.2,87.33 1 0
git.example.com/infra/openbao-sdk-go/internal/engine/client.go:87.33,88.23 1 0
git.example.com/infra/openbao-sdk-go/internal/engine/client.go:88.23,90.4 1 0
git.example.com/infra/openbao-sdk-go/internal/engine/client.go:91.3,92.26 2 0
git.example.com/infra/openbao-sdk-go/internal/engine/client.go:92.26,95.18 3 0
git.example.com/infra/openbao-sdk-go/internal/engine/client.go:95.18,96.25 1 0
git.example.com/infra/openbao-sdk-go/internal/engine/client.go:96.25,98.6 1 0
git.example.com/infra/openbao-sdk-go/internal/engine/client.go:99.5,100.41 2 0
git.example.com/infra/openbao-sdk-go/internal/engine/client.go:100.41,102.6 1 0
git.example.com/infra/openbao-sdk-go/internal/engine/client.go:103.5,103.96 1 0
git.example.com/infra/openbao-sdk-go/internal/engine/client.go:105.4,105.26 1 0
git.example.com/infra/openbao-sdk-go/internal/engine/client.go:105.26,107.5 1 0
git.example.com/infra/openbao-sdk-go/internal/engine/client.go:108.9,108.59 1 0
git.example.com/infra/openbao-sdk-go/internal/engine/client.go:108.59,110.4 1 0
git.example.com/infra/openbao-sdk-go/internal/engine/client.go:111.3,111.23 1 0
git.example.com/infra/openbao-sdk-go/internal/engine/client.go:111.23,113.4 1 0
git.example.com/infra/openbao-sdk-go/internal/engine/client.go:114.3,115.15 2 0
git.example.com/infra/openbao-sdk-go/internal/engine/client.go:115.15,117.4 1 0
git.example.com/infra/openbao-sdk-go/internal/engine/client.go:118.3,121.17 4 0
git.example.com/infra/openbao-sdk-go/internal/engine/client.go:121.17,123.41 2 0
git.example.com/infra/openbao-sdk-go/internal/engine/client.go:123.41,126.5 2 0
git.example.com/infra/openbao-sdk-go/internal/engine/client.go:127.9,128.29 1 0
git.example.com/infra/openbao-sdk-go/internal/engine/client.go:128.29,129.21 1 0
git.example.com/infra/openbao-sdk-go/internal/engine/client.go:130.39,131.19 1 0
git.example.com/infra/openbao-sdk-go/internal/engine/client.go:134.4,134.20 1 0
git.example.com/infra/openbao-sdk-go/internal/engine/client.go:135.13,136.36 1 0
git.example.com/infra/openbao-sdk-go/internal/engine/client.go:136.36,138.6 1 0
git.example.com/infra/openbao-sdk-go/internal/engine/client.go:139.5,139.34 1 0
git.example.com/infra/openbao-sdk-go/internal/engine/client.go:139.34,140.56 1 0
git.example.com/infra/openbao-sdk-go/internal/engine/client.go:140.56,142.7 1 0
git.example.com/infra/openbao-sdk-go/internal/engine/client.go:144.5,144.18 1 0
git.example.com/infra/openbao-sdk-go/internal/engine/client.go:145.13,146.15 1 0
git.example.com/infra/openbao-sdk-go/internal/engine/client.go:146.15,148.6 1 0
git.example.com/infra/openbao-sdk-go/internal/engine/client.go:149.5,149.46 1 0
git.example.com/infra/openbao-sdk-go/internal/engine/client.go:150.12,151.50 1 0
git.example.com/infra/openbao-sdk-go/internal/engine/client.go:154.3,154.30 1 0
git.example.com/infra/openbao-sdk-go/internal/engine/client.go:154.30,156.4 1 0
git.example.com/infra/openbao-sdk-go/internal/engine/client.go:157.3,158.13 2 0
git.example.com/infra/openbao-sdk-go/internal/engine/client.go:158.13,160.4 1 0
git.example.com/infra/openbao-sdk-go/internal/engine/client.go:161.3,162.30 2 0
git.example.com/infra/openbao-sdk-go/internal/engine/client.go:162.30,164.4 1 0
git.example.com/infra/openbao-sdk-go/internal/engine/client.go:166.2,166.89 1 0
git.example.com/infra/openbao-sdk-go/internal/engine/client.go:168.32,169.36 1 0
git.example.com/infra/openbao-sdk-go/internal/engine/client.go:169.36,171.3 1 0
git.example.com/infra/openbao-sdk-go/internal/engine/client.go:172.2,172.19 1 0
git.example.com/infra/openbao-sdk-go/internal/engine/client.go:172.19,173.33 1 0
git.example.com/infra/openbao-sdk-go/internal/engine/client.go:173.33,175.4 1 0
git.example.com/infra/openbao-sdk-go/internal/engine/client.go:177.2,177.13 1 0
git.example.com/infra/openbao-sdk-go/internal/engine/client.go:182.35,183.19 1 0
git.example.com/infra/openbao-sdk-go/internal/engine/client.go:183.19,185.3 1 0
git.example.com/infra/openbao-sdk-go/internal/engine/client.go:186.2,187.16 2 0
git.example.com/infra/openbao-sdk-go/internal/engine/client.go:187.16,189.3 1 0
git.example.com/infra/openbao-sdk-go/internal/engine/client.go:190.2,191.25 2 0
git.example.com/infra/openbao-sdk-go/internal/engine/client.go:191.25,193.3 1 0
git.example.com/infra/openbao-sdk-go/internal/engine/client.go:194.2,194.30 1 0
git.example.com/infra/openbao-sdk-go/internal/engine/client.go:194.30,195.46 1 0
git.example.com/infra/openbao-sdk-go/internal/engine/client.go:195.46,196.16 1 0
git.example.com/infra/openbao-sdk-go/internal/engine/client.go:196.16,198.5 1 0
git.example.com/infra/openbao-sdk-go/internal/engine/client.go:199.9,199.85 1 0
git.example.com/infra/openbao-sdk-go/internal/engine/client.go:199.85,201.4 1 0
git.example.com/infra/openbao-sdk-go/internal/engine/client.go:203.2,203.10 1 0
git.example.com/infra/openbao-sdk-go/internal/engine/client.go:208.70,209.14 1 0
git.example.com/infra/openbao-sdk-go/internal/engine/client.go:209.14,211.3 1 0
git.example.com/infra/openbao-sdk-go/internal/engine/client.go:212.2,213.14 2 0
git.example.com/infra/openbao-sdk-go/internal/engine/client.go:213.14,215.3 1 0
git.example.com/infra/openbao-sdk-go/internal/engine/client.go:216.2,216.30 1 0
git.example.com/infra/openbao-sdk-go/internal/engine/client.go:216.30,218.24 2 0
git.example.com/infra/openbao-sdk-go/internal/engine/client.go:218.24,220.4 1 0
git.example.com/infra/openbao-sdk-go/internal/engine/client.go:222.2,222.15 1 0
git.example.com/infra/openbao-sdk-go/internal/engine/client.go:224.62,226.14 2 0
git.example.com/infra/openbao-sdk-go/internal/engine/client.go:226.14,228.3 1 0
git.example.com/infra/openbao-sdk-go/internal/engine/client.go:229.2,230.9 2 0
git.example.com/infra/openbao-sdk-go/internal/engine/client.go:230.9,232.3 1 0
git.example.com/infra/openbao-sdk-go/internal/engine/client.go:233.2,233.15 1 0
git.example.com/infra/openbao-sdk-go/internal/engine/client.go:235.29,237.9 2 0
git.example.com/infra/openbao-sdk-go/internal/engine/client.go:237.9,239.3 1 0
git.example.com/infra/openbao-sdk-go/internal/engine/client.go:240.2,241.36 2 0
git.example.com/infra/openbao-sdk-go/internal/engine/client.go:241.36,243.3 1 0
git.example.com/infra/openbao-sdk-go/internal/engine/client.go:244.2,244.21 1 0
git.example.com/infra/openbao-sdk-go/internal/engine/errors.go:19.43,19.72 1 0
git.example.com/infra/openbao-sdk-go/internal/engine/errors.go:20.43,20.61 1 0
git.example.com/infra/openbao-sdk-go/internal/engine/errors.go:21.93,23.2 1 0
git.example.com/infra/openbao-sdk-go/internal/engine/errors.go:24.96,26.52 2 0
git.example.com/infra/openbao-sdk-go/internal/engine/errors.go:26.52,28.3 1 0
git.example.com/infra/openbao-sdk-go/internal/engine/errors.go:29.2,29.46 1 0
git.example.com/infra/openbao-sdk-go/internal/engine/errors.go:31.35,38.2 6 0
git.example.com/infra/openbao-sdk-go/internal/engine/errors.go:39.81,42.25 3 0
git.example.com/infra/openbao-sdk-go/internal/engine/errors.go:42.25,44.3 1 0
git.example.com/infra/openbao-sdk-go/internal/engine/errors.go:45.2,46.32 2 0
git.example.com/infra/openbao-sdk-go/internal/engine/errors.go:46.32,48.3 1 0
git.example.com/infra/openbao-sdk-go/internal/engine/errors.go:49.2,51.9 3 0
git.example.com/infra/openbao-sdk-go/internal/engine/errors.go:52.40,54.16 2 0
git.example.com/infra/openbao-sdk-go/internal/engine/errors.go:55.48,57.16 2 0
git.example.com/infra/openbao-sdk-go/internal/engine/errors.go:58.43,60.16 2 0
git.example.com/infra/openbao-sdk-go/internal/engine/errors.go:61.42,63.16 2 0
git.example.com/infra/openbao-sdk-go/internal/engine/errors.go:64.25,66.16 2 0
git.example.com/infra/openbao-sdk-go/internal/engine/errors.go:68.2,68.46 1 0
git.example.com/infra/openbao-sdk-go/internal/engine/errors.go:70.75,72.24 2 0
git.example.com/infra/openbao-sdk-go/internal/engine/errors.go:72.24,74.3 1 0
git.example.com/infra/openbao-sdk-go/internal/engine/errors.go:75.2,77.39 3 0
git.example.com/infra/openbao-sdk-go/internal/engine/errors.go:77.39,80.3 2 0
git.example.com/infra/openbao-sdk-go/internal/engine/errors.go:81.2,82.21 2 0
git.example.com/infra/openbao-sdk-go/internal/engine/errors.go:82.21,85.15 3 0
git.example.com/infra/openbao-sdk-go/internal/engine/errors.go:85.15,87.4 1 0
git.example.com/infra/openbao-sdk-go/internal/engine/errors.go:91.2,91.59 1 0
git.example.com/infra/openbao-sdk-go/internal/engine/errors.go:91.59,93.28 2 0
git.example.com/infra/openbao-sdk-go/internal/engine/errors.go:93.28,95.4 1 0
git.example.com/infra/openbao-sdk-go/internal/engine/errors.go:96.3,96.29 1 0
git.example.com/infra/openbao-sdk-go/internal/engine/errors.go:96.29,98.25 2 0
git.example.com/infra/openbao-sdk-go/internal/engine/errors.go:98.25,100.5 1 0
git.example.com/infra/openbao-sdk-go/internal/engine/errors.go:103.2,103.18 1 0
git.example.com/infra/openbao-sdk-go/internal/engine/errors.go:104.11,107.36 3 0
git.example.com/infra/openbao-sdk-go/internal/engine/errors.go:107.36,108.63 1 0
git.example.com/infra/openbao-sdk-go/internal/engine/errors.go:108.63,109.106 1 0
git.example.com/infra/openbao-sdk-go/internal/engine/errors.go:109.106,111.6 1 0
git.example.com/infra/openbao-sdk-go/internal/engine/errors.go:114.11,116.29 2 0
git.example.com/infra/openbao-sdk-go/internal/engine/errors.go:117.11,119.29 2 0
git.example.com/infra/openbao-sdk-go/internal/engine/errors.go:120.11,124.24 2 0
git.example.com/infra/openbao-sdk-go/internal/engine/errors.go:124.24,126.4 1 0
git.example.com/infra/openbao-sdk-go/internal/engine/errors.go:127.3,127.74 1 0
git.example.com/infra/openbao-sdk-go/internal/engine/errors.go:127.74,129.4 1 0
git.example.com/infra/openbao-sdk-go/internal/engine/errors.go:130.31,131.29 1 0
git.example.com/infra/openbao-sdk-go/internal/engine/errors.go:132.10,133.36 1 0
git.example.com/infra/openbao-sdk-go/internal/engine/errors.go:135.2,135.48 1 0
git.example.com/infra/openbao-sdk-go/internal/engine/errors.go:137.48,139.9 2 0
git.example.com/infra/openbao-sdk-go/internal/engine/errors.go:139.9,141.3 1 0
git.example.com/infra/openbao-sdk-go/internal/engine/errors.go:142.2,143.9 2 0
git.example.com/infra/openbao-sdk-go/internal/engine/errors.go:143.9,145.3 1 0
git.example.com/infra/openbao-sdk-go/internal/engine/errors.go:146.2,147.9 2 0
git.example.com/infra/openbao-sdk-go/internal/engine/errors.go:147.9,149.3 1 0
git.example.com/infra/openbao-sdk-go/internal/engine/errors.go:150.2,151.24 2 0
git.example.com/infra/openbao-sdk-go/internal/engine/errors.go:151.24,153.3 1 0
git.example.com/infra/openbao-sdk-go/internal/engine/errors.go:154.2,154.61 1 0
git.example.com/infra/openbao-sdk-go/internal/engine/errors.go:154.61,156.3 1 0
git.example.com/infra/openbao-sdk-go/internal/engine/errors.go:157.2,158.20 2 0
git.example.com/infra/openbao-sdk-go/internal/engine/errors.go:158.20,160.3 1 0
git.example.com/infra/openbao-sdk-go/internal/engine/errors.go:161.2,162.33 2 0
git.example.com/infra/openbao-sdk-go/internal/engine/errors.go:164.94,169.2 4 0
git.example.com/infra/openbao-sdk-go/internal/engine/errors.go:170.55,173.24 3 0
git.example.com/infra/openbao-sdk-go/internal/engine/errors.go:173.24,175.3 1 0
git.example.com/infra/openbao-sdk-go/internal/engine/errors.go:176.2,176.14 1 0
git.example.com/infra/openbao-sdk-go/internal/engine/errors.go:176.14,178.3 1 0
git.example.com/infra/openbao-sdk-go/internal/engine/errors.go:179.2,179.63 1 0
git.example.com/infra/openbao-sdk-go/internal/engine/errors.go:182.44,184.27 2 0
git.example.com/infra/openbao-sdk-go/internal/engine/errors.go:184.27,186.3 1 0
git.example.com/infra/openbao-sdk-go/internal/engine/errors.go:187.2,187.25 1 0
git.example.com/infra/openbao-sdk-go/internal/engine/errors.go:187.25,189.21 2 0
git.example.com/infra/openbao-sdk-go/internal/engine/errors.go:189.21,191.4 1 0
git.example.com/infra/openbao-sdk-go/internal/engine/errors.go:193.2,193.13 1 0
git.example.com/infra/openbao-sdk-go/internal/engine/operations.go:57.46,57.87 2 0
git.example.com/infra/openbao-sdk-go/internal/engine/operations.go:58.46,58.113 1 0
git.example.com/infra/openbao-sdk-go/internal/engine/path.go:10.38,11.60 1 0
git.example.com/infra/openbao-sdk-go/internal/engine/path.go:11.60,13.3 1 0
git.example.com/infra/openbao-sdk-go/internal/engine/path.go:14.2,14.30 1 0
git.example.com/infra/openbao-sdk-go/internal/engine/path.go:14.30,16.114 2 0
git.example.com/infra/openbao-sdk-go/internal/engine/path.go:16.114,18.4 1 0
git.example.com/infra/openbao-sdk-go/internal/engine/path.go:20.2,20.12 1 0
git.example.com/infra/openbao-sdk-go/internal/engine/path.go:22.35,23.13 1 0
git.example.com/infra/openbao-sdk-go/internal/engine/path.go:23.13,25.3 1 0
git.example.com/infra/openbao-sdk-go/internal/engine/path.go:26.2,26.44 1 0
git.example.com/infra/openbao-sdk-go/internal/engine/path.go:26.44,27.34 1 0
git.example.com/infra/openbao-sdk-go/internal/engine/path.go:27.34,29.4 1 0
git.example.com/infra/openbao-sdk-go/internal/engine/path.go:31.2,31.12 1 0
git.example.com/infra/openbao-sdk-go/internal/engine/retry.go:12.100,14.25 2 0
git.example.com/infra/openbao-sdk-go/internal/engine/retry.go:14.25,15.26 1 0
git.example.com/infra/openbao-sdk-go/internal/engine/retry.go:15.26,17.9 2 0
git.example.com/infra/openbao-sdk-go/internal/engine/retry.go:19.3,19.11 1 0
git.example.com/infra/openbao-sdk-go/internal/engine/retry.go:21.2,21.22 1 0
git.example.com/infra/openbao-sdk-go/internal/engine/retry.go:21.22,23.3 1 0
git.example.com/infra/openbao-sdk-go/internal/engine/retry.go:24.2,25.13 2 0
git.example.com/infra/openbao-sdk-go/internal/engine/retry.go:25.13,27.3 1 0
git.example.com/infra/openbao-sdk-go/internal/engine/retry.go:28.2,28.40 1 0
git.example.com/infra/openbao-sdk-go/internal/engine/retry.go:28.40,30.77 2 0
git.example.com/infra/openbao-sdk-go/internal/engine/retry.go:30.77,31.62 1 0
git.example.com/infra/openbao-sdk-go/internal/engine/retry.go:31.62,33.5 1 0
git.example.com/infra/openbao-sdk-go/internal/engine/retry.go:34.4,34.53 1 0
git.example.com/infra/openbao-sdk-go/internal/engine/retry.go:35.9,35.52 1 0
git.example.com/infra/openbao-sdk-go/internal/engine/retry.go:35.52,37.22 2 0
git.example.com/infra/openbao-sdk-go/internal/engine/retry.go:37.22,39.5 1 0
git.example.com/infra/openbao-sdk-go/internal/engine/retry.go:40.9,42.4 1 0
git.example.com/infra/openbao-sdk-go/internal/engine/retry.go:43.3,43.30 1 0
git.example.com/infra/openbao-sdk-go/internal/engine/retry.go:43.30,45.4 1 0
git.example.com/infra/openbao-sdk-go/internal/engine/retry.go:46.3,46.25 1 0
git.example.com/infra/openbao-sdk-go/internal/engine/retry.go:46.25,48.4 1 0
git.example.com/infra/openbao-sdk-go/internal/engine/retry.go:50.2,50.73 1 0
git.example.com/infra/openbao-sdk-go/internal/engine/retry.go:50.73,52.3 1 0
git.example.com/infra/openbao-sdk-go/internal/engine/retry.go:53.2,53.20 1 0
git.example.com/infra/openbao-sdk-go/internal/engine/retry.go:55.55,58.9 3 0
git.example.com/infra/openbao-sdk-go/internal/engine/retry.go:59.20,60.19 1 0
git.example.com/infra/openbao-sdk-go/internal/engine/retry.go:61.17,62.13 1 0
git.example.com/infra/openbao-sdk-go/internal/engine/transport.go:32.68,35.2 2 0
git.example.com/infra/openbao-sdk-go/internal/engine/transport.go:36.56,40.2 3 0
git.example.com/infra/openbao-sdk-go/internal/engine/transport.go:41.50,42.14 1 0
git.example.com/infra/openbao-sdk-go/internal/engine/transport.go:42.14,44.3 1 0
git.example.com/infra/openbao-sdk-go/internal/engine/transport.go:45.2,48.15 4 0
git.example.com/infra/openbao-sdk-go/internal/engine/transport.go:50.31,51.14 1 0
git.example.com/infra/openbao-sdk-go/internal/engine/transport.go:51.14,53.3 1 0
git.example.com/infra/openbao-sdk-go/internal/engine/transport.go:54.2,56.15 3 0
git.example.com/infra/openbao-sdk-go/internal/engine/transport.go:58.39,61.2 2 0
git.example.com/infra/openbao-sdk-go/internal/engine/transport.go:78.58,79.112 1 0
git.example.com/infra/openbao-sdk-go/internal/engine/transport.go:79.112,81.3 1 0
git.example.com/infra/openbao-sdk-go/internal/engine/transport.go:82.2,83.22 2 0
git.example.com/infra/openbao-sdk-go/internal/engine/transport.go:83.22,85.15 2 0
git.example.com/infra/openbao-sdk-go/internal/engine/transport.go:85.15,87.4 1 0
git.example.com/infra/openbao-sdk-go/internal/engine/transport.go:88.3,88.29 1 0
git.example.com/infra/openbao-sdk-go/internal/engine/transport.go:90.2,90.58 1 0
git.example.com/infra/openbao-sdk-go/internal/engine/transport.go:92.44,92.77 1 0
git.example.com/infra/openbao-sdk-go/internal/engine/transport.go:93.74,95.32 2 0
git.example.com/infra/openbao-sdk-go/internal/engine/transport.go:95.32,97.3 1 0
git.example.com/infra/openbao-sdk-go/internal/engine/transport.go:98.2,100.16 3 0
git.example.com/infra/openbao-sdk-go/internal/engine/transport.go:100.16,103.3 2 0
git.example.com/infra/openbao-sdk-go/internal/engine/transport.go:104.2,107.81 4 0
git.example.com/infra/openbao-sdk-go/internal/engine/transport.go:107.81,108.20 1 0
git.example.com/infra/openbao-sdk-go/internal/engine/transport.go:108.20,111.4 2 0
git.example.com/infra/openbao-sdk-go/internal/engine/transport.go:112.3,113.15 2 0
git.example.com/infra/openbao-sdk-go/internal/engine/transport.go:113.15,116.4 2 0
git.example.com/infra/openbao-sdk-go/internal/engine/transport.go:117.3,122.27 6 0
git.example.com/infra/openbao-sdk-go/internal/engine/transport.go:124.2,125.30 2 0
git.example.com/infra/openbao-sdk-go/internal/engine/transport.go:125.30,129.3 3 0
git.example.com/infra/openbao-sdk-go/internal/engine/transport.go:130.2,130.14 1 0
git.example.com/infra/openbao-sdk-go/internal/engine/transport.go:130.14,134.3 3 0
git.example.com/infra/openbao-sdk-go/internal/engine/transport.go:135.2,138.18 4 0
git.example.com/infra/openbao-sdk-go/internal/engine/transport.go:143.47,144.106 1 0
git.example.com/infra/openbao-sdk-go/internal/engine/transport.go:144.106,144.140 1 0
git.example.com/infra/openbao-sdk-go/internal/engine/types.go:22.27,23.14 1 0
git.example.com/infra/openbao-sdk-go/internal/engine/types.go:23.14,26.3 2 0
git.example.com/infra/openbao-sdk-go/internal/jsondoc/json.go:19.54,20.22 1 31
git.example.com/infra/openbao-sdk-go/internal/jsondoc/json.go:20.22,22.3 1 1
git.example.com/infra/openbao-sdk-go/internal/jsondoc/json.go:23.2,26.14 4 30
git.example.com/infra/openbao-sdk-go/internal/jsondoc/json.go:26.14,28.3 1 10
git.example.com/infra/openbao-sdk-go/internal/jsondoc/json.go:29.2,29.35 1 20
git.example.com/infra/openbao-sdk-go/internal/jsondoc/json.go:29.35,31.3 1 1
git.example.com/infra/openbao-sdk-go/internal/jsondoc/json.go:32.2,32.16 1 19
git.example.com/infra/openbao-sdk-go/internal/jsondoc/json.go:32.16,33.39 1 9
git.example.com/infra/openbao-sdk-go/internal/jsondoc/json.go:33.39,35.4 1 5
git.example.com/infra/openbao-sdk-go/internal/jsondoc/json.go:37.2,37.15 1 14
git.example.com/infra/openbao-sdk-go/internal/jsondoc/json.go:39.53,41.14 2 126
git.example.com/infra/openbao-sdk-go/internal/jsondoc/json.go:41.14,43.3 1 4
git.example.com/infra/openbao-sdk-go/internal/jsondoc/json.go:44.2,44.39 1 122
git.example.com/infra/openbao-sdk-go/internal/jsondoc/json.go:44.39,45.24 1 95
git.example.com/infra/openbao-sdk-go/internal/jsondoc/json.go:45.24,47.4 1 1
git.example.com/infra/openbao-sdk-go/internal/jsondoc/json.go:48.3,48.16 1 94
git.example.com/infra/openbao-sdk-go/internal/jsondoc/json.go:49.12,51.17 2 83
git.example.com/infra/openbao-sdk-go/internal/jsondoc/json.go:51.17,53.17 2 84
git.example.com/infra/openbao-sdk-go/internal/jsondoc/json.go:53.17,55.6 1 1
git.example.com/infra/openbao-sdk-go/internal/jsondoc/json.go:56.5,57.12 2 83
git.example.com/infra/openbao-sdk-go/internal/jsondoc/json.go:57.12,59.6 1 0
git.example.com/infra/openbao-sdk-go/internal/jsondoc/json.go:60.5,60.36 1 83
git.example.com/infra/openbao-sdk-go/internal/jsondoc/json.go:60.36,62.6 1 3
git.example.com/infra/openbao-sdk-go/internal/jsondoc/json.go:63.5,64.17 2 80
git.example.com/infra/openbao-sdk-go/internal/jsondoc/json.go:64.17,66.6 1 67
git.example.com/infra/openbao-sdk-go/internal/jsondoc/json.go:67.5,67.15 1 13
git.example.com/infra/openbao-sdk-go/internal/jsondoc/json.go:69.4,70.42 2 12
git.example.com/infra/openbao-sdk-go/internal/jsondoc/json.go:70.42,72.5 1 1
git.example.com/infra/openbao-sdk-go/internal/jsondoc/json.go:73.4,73.17 1 11
git.example.com/infra/openbao-sdk-go/internal/jsondoc/json.go:74.12,76.17 2 11
git.example.com/infra/openbao-sdk-go/internal/jsondoc/json.go:76.17,78.17 2 16
git.example.com/infra/openbao-sdk-go/internal/jsondoc/json.go:78.17,80.6 1 2
git.example.com/infra/openbao-sdk-go/internal/jsondoc/json.go:81.5,81.21 1 14
git.example.com/infra/openbao-sdk-go/internal/jsondoc/json.go:83.4,84.42 2 9
git.example.com/infra/openbao-sdk-go/internal/jsondoc/json.go:84.42,86.5 1 0
git.example.com/infra/openbao-sdk-go/internal/jsondoc/json.go:87.4,87.17 1 9
git.example.com/infra/openbao-sdk-go/internal/jsondoc/json.go:88.11,89.26 1 0
git.example.com/infra/openbao-sdk-go/internal/jsondoc/json.go:92.2,92.20 1 27
git.example.com/infra/openbao-sdk-go/internal/jsondoc/json.go:93.38,94.18 1 27
git.example.com/infra/openbao-sdk-go/internal/jsondoc/json.go:95.10,96.25 1 0
git.example.com/infra/openbao-sdk-go/internal/jsondoc/json.go:99.49,101.14 2 20
git.example.com/infra/openbao-sdk-go/internal/jsondoc/json.go:101.14,103.3 1 16
git.example.com/infra/openbao-sdk-go/internal/jsondoc/json.go:104.2,104.32 1 4
git.example.com/infra/openbao-sdk-go/internal/pkiutil/parse.go:19.70,20.50 1 0
git.example.com/infra/openbao-sdk-go/internal/pkiutil/parse.go:20.50,22.3 1 0
git.example.com/infra/openbao-sdk-go/internal/pkiutil/parse.go:23.2,26.20 4 0
git.example.com/infra/openbao-sdk-go/internal/pkiutil/parse.go:26.20,27.88 1 0
git.example.com/infra/openbao-sdk-go/internal/pkiutil/parse.go:27.88,29.4 1 0
git.example.com/infra/openbao-sdk-go/internal/pkiutil/parse.go:30.3,31.65 2 0
git.example.com/infra/openbao-sdk-go/internal/pkiutil/parse.go:31.65,33.4 1 0
git.example.com/infra/openbao-sdk-go/internal/pkiutil/parse.go:34.3,35.104 2 0
git.example.com/infra/openbao-sdk-go/internal/pkiutil/parse.go:35.104,37.4 1 0
git.example.com/infra/openbao-sdk-go/internal/pkiutil/parse.go:38.3,40.31 3 0
git.example.com/infra/openbao-sdk-go/internal/pkiutil/parse.go:42.2,42.21 1 0
git.example.com/infra/openbao-sdk-go/internal/pkiutil/parse.go:42.21,44.3 1 0
git.example.com/infra/openbao-sdk-go/internal/pkiutil/parse.go:45.2,45.27 1 0
git.example.com/infra/openbao-sdk-go/internal/pkiutil/parse.go:47.56,48.50 1 0
git.example.com/infra/openbao-sdk-go/internal/pkiutil/parse.go:48.50,50.3 1 0
git.example.com/infra/openbao-sdk-go/internal/pkiutil/parse.go:51.2,52.152 2 0
git.example.com/infra/openbao-sdk-go/internal/pkiutil/parse.go:52.152,54.3 1 0
git.example.com/infra/openbao-sdk-go/internal/pkiutil/parse.go:55.2,56.146 2 0
git.example.com/infra/openbao-sdk-go/internal/pkiutil/parse.go:56.146,58.3 1 0
git.example.com/infra/openbao-sdk-go/internal/pkiutil/parse.go:59.2,60.45 2 0
git.example.com/infra/openbao-sdk-go/internal/pkiutil/parse.go:60.45,62.3 1 0
git.example.com/infra/openbao-sdk-go/internal/pkiutil/parse.go:63.2,63.17 1 0
git.example.com/infra/openbao-sdk-go/internal/pkiutil/parse.go:65.52,66.50 1 0
git.example.com/infra/openbao-sdk-go/internal/pkiutil/parse.go:66.50,68.3 1 0
git.example.com/infra/openbao-sdk-go/internal/pkiutil/parse.go:69.2,70.67 2 0
git.example.com/infra/openbao-sdk-go/internal/pkiutil/parse.go:70.67,72.3 1 0
git.example.com/infra/openbao-sdk-go/internal/pkiutil/parse.go:73.2,74.97 2 0
git.example.com/infra/openbao-sdk-go/internal/pkiutil/parse.go:74.97,76.3 1 0
git.example.com/infra/openbao-sdk-go/internal/pkiutil/parse.go:77.2,79.14 3 0
git.example.com/infra/openbao-sdk-go/internal/pkiutil/parse.go:79.14,81.3 1 0
git.example.com/infra/openbao-sdk-go/internal/pkiutil/parse.go:82.2,83.9 2 0
git.example.com/infra/openbao-sdk-go/internal/pkiutil/parse.go:83.9,85.3 1 0
git.example.com/infra/openbao-sdk-go/internal/pkiutil/parse.go:86.2,86.15 1 0
git.example.com/infra/openbao-sdk-go/internal/pkiutil/parse.go:88.32,90.14 2 0
git.example.com/infra/openbao-sdk-go/internal/pkiutil/parse.go:90.14,92.3 1 0
git.example.com/infra/openbao-sdk-go/internal/pkiutil/parse.go:93.2,94.38 2 0
git.example.com/infra/openbao-sdk-go/internal/pkiutil/parse.go:96.32,97.31 1 0
git.example.com/infra/openbao-sdk-go/internal/pkiutil/parse.go:97.31,99.3 1 0
git.example.com/infra/openbao-sdk-go/internal/pkiutil/parse.go:100.2,102.35 3 0
git.example.com/infra/openbao-sdk-go/internal/pkiutil/parse.go:102.35,104.3 1 0
git.example.com/infra/openbao-sdk-go/internal/pkiutil/parse.go:105.2,105.33 1 0
git.example.com/infra/openbao-sdk-go/internal/pkiutil/parse.go:107.48,108.62 1 0
git.example.com/infra/openbao-sdk-go/internal/pkiutil/parse.go:108.62,110.3 1 0
git.example.com/infra/openbao-sdk-go/internal/pkiutil/parse.go:111.2,112.30 2 0
git.example.com/infra/openbao-sdk-go/internal/pkiutil/parse.go:112.30,114.3 1 0
git.example.com/infra/openbao-sdk-go/internal/pkiutil/parse.go:115.2,115.30 1 0
git.example.com/infra/openbao-sdk-go/internal/pkiutil/parse.go:115.30,116.22 1 0
git.example.com/infra/openbao-sdk-go/internal/pkiutil/parse.go:116.22,118.4 1 0
git.example.com/infra/openbao-sdk-go/internal/pkiutil/parse.go:119.3,119.18 1 0
git.example.com/infra/openbao-sdk-go/internal/pkiutil/parse.go:121.2,122.21 2 0
git.example.com/infra/openbao-sdk-go/internal/pkiutil/parse.go:122.21,124.27 2 0
git.example.com/infra/openbao-sdk-go/internal/pkiutil/parse.go:124.27,125.19 1 0
git.example.com/infra/openbao-sdk-go/internal/pkiutil/parse.go:125.19,127.5 1 0
git.example.com/infra/openbao-sdk-go/internal/pkiutil/parse.go:129.3,129.32 1 0
git.example.com/infra/openbao-sdk-go/internal/pkiutil/parse.go:131.2,131.21 1 0
git.example.com/infra/openbao-sdk-go/internal/pkiutil/parse.go:131.21,133.3 1 0
git.example.com/infra/openbao-sdk-go/internal/pkiutil/parse.go:134.2,134.19 1 0
git.example.com/infra/openbao-sdk-go/internal/pkiutil/parse.go:134.19,136.3 1 0
git.example.com/infra/openbao-sdk-go/internal/pkiutil/parse.go:137.2,138.14 2 0
git.example.com/infra/openbao-sdk-go/internal/pkiutil/parse.go:138.14,140.3 1 0
git.example.com/infra/openbao-sdk-go/internal/pkiutil/parse.go:141.2,142.19 2 0
git.example.com/infra/openbao-sdk-go/internal/pkiutil/parse.go:142.19,144.3 1 0
git.example.com/infra/openbao-sdk-go/internal/pkiutil/parse.go:145.2,145.23 1 0
git.example.com/infra/openbao-sdk-go/internal/transitutil/encoding.go:29.53,30.45 1 0
git.example.com/infra/openbao-sdk-go/internal/transitutil/encoding.go:30.45,32.3 1 0
git.example.com/infra/openbao-sdk-go/internal/transitutil/encoding.go:33.2,34.87 2 0
git.example.com/infra/openbao-sdk-go/internal/transitutil/encoding.go:34.87,36.3 1 0
git.example.com/infra/openbao-sdk-go/internal/transitutil/encoding.go:37.2,38.59 2 0
git.example.com/infra/openbao-sdk-go/internal/transitutil/encoding.go:38.59,40.3 1 0
git.example.com/infra/openbao-sdk-go/internal/transitutil/encoding.go:41.2,42.81 2 0
git.example.com/infra/openbao-sdk-go/internal/transitutil/encoding.go:42.81,45.3 2 0
git.example.com/infra/openbao-sdk-go/internal/transitutil/encoding.go:46.2,46.18 1 0
git.example.com/infra/openbao-sdk-go/internal/transitutil/encoding.go:48.56,49.11 1 0
git.example.com/infra/openbao-sdk-go/internal/transitutil/encoding.go:50.57,51.14 1 0
git.example.com/infra/openbao-sdk-go/internal/transitutil/encoding.go:52.30,53.17 1 0
git.example.com/infra/openbao-sdk-go/internal/transitutil/encoding.go:55.2,55.14 1 0
git.example.com/infra/openbao-sdk-go/internal/transitutil/encoding.go:57.65,59.11 2 0
git.example.com/infra/openbao-sdk-go/internal/transitutil/encoding.go:60.35,62.37 2 0
git.example.com/infra/openbao-sdk-go/internal/transitutil/encoding.go:63.28,66.28 3 0
git.example.com/infra/openbao-sdk-go/internal/transitutil/encoding.go:67.30,68.31 1 0
git.example.com/infra/openbao-sdk-go/internal/transitutil/encoding.go:70.2,70.10 1 0
git.example.com/infra/openbao-sdk-go/internal/transitutil/encoding.go:72.55,73.11 1 0
git.example.com/infra/openbao-sdk-go/internal/transitutil/encoding.go:74.35,77.67 3 0
git.example.com/infra/openbao-sdk-go/internal/transitutil/encoding.go:77.67,79.4 1 0
git.example.com/infra/openbao-sdk-go/internal/transitutil/encoding.go:80.3,81.90 2 0
git.example.com/infra/openbao-sdk-go/internal/transitutil/encoding.go:82.28,83.41 1 0
git.example.com/infra/openbao-sdk-go/internal/transitutil/encoding.go:84.30,85.41 1 0
git.example.com/infra/openbao-sdk-go/internal/transitutil/encoding.go:87.2,87.14 1 0
git.example.com/infra/openbao-sdk-go/internal/transitutil/encoding.go:91.74,92.41 1 0
git.example.com/infra/openbao-sdk-go/internal/transitutil/encoding.go:92.41,94.3 1 0
git.example.com/infra/openbao-sdk-go/internal/transitutil/encoding.go:95.2,96.64 2 0
git.example.com/infra/openbao-sdk-go/internal/transitutil/encoding.go:96.64,98.98 2 0
git.example.com/infra/openbao-sdk-go/internal/transitutil/encoding.go:98.98,100.4 1 0
git.example.com/infra/openbao-sdk-go/internal/transitutil/encoding.go:101.3,101.29 1 0
git.example.com/infra/openbao-sdk-go/internal/transitutil/encoding.go:102.8,105.174 3 0
git.example.com/infra/openbao-sdk-go/internal/transitutil/encoding.go:105.174,107.4 1 0
git.example.com/infra/openbao-sdk-go/internal/transitutil/encoding.go:108.3,110.15 3 0
git.example.com/infra/openbao-sdk-go/internal/transitutil/encoding.go:110.15,112.4 1 0
git.example.com/infra/openbao-sdk-go/internal/transitutil/encoding.go:114.2,114.14 1 0
git.example.com/infra/openbao-sdk-go/internal/transitutil/encoding.go:115.20,117.72 2 0
git.example.com/infra/openbao-sdk-go/internal/transitutil/encoding.go:117.72,119.4 1 0
git.example.com/infra/openbao-sdk-go/internal/transitutil/encoding.go:120.42,123.73 3 0
git.example.com/infra/openbao-sdk-go/internal/transitutil/encoding.go:123.73,125.4 1 0
git.example.com/infra/openbao-sdk-go/internal/transitutil/encoding.go:126.17,127.60 1 0
git.example.com/infra/openbao-sdk-go/internal/transitutil/encoding.go:127.60,129.4 1 0
git.example.com/infra/openbao-sdk-go/internal/transitutil/encoding.go:130.10,131.36 1 0
git.example.com/infra/openbao-sdk-go/internal/transitutil/encoding.go:133.2,134.14 2 0
git.example.com/infra/openbao-sdk-go/internal/transitutil/encoding.go:134.14,136.3 1 0
git.example.com/infra/openbao-sdk-go/internal/transitutil/encoding.go:137.2,137.86 1 0
git.example.com/infra/openbao-sdk-go/internal/transitutil/encoding.go:139.54,140.11 1 0
git.example.com/infra/openbao-sdk-go/internal/transitutil/encoding.go:141.35,142.30 1 0
git.example.com/infra/openbao-sdk-go/internal/transitutil/encoding.go:143.28,144.72 1 0
git.example.com/infra/openbao-sdk-go/internal/transitutil/encoding.go:145.30,146.27 1 0
git.example.com/infra/openbao-sdk-go/internal/transitutil/encoding.go:148.2,148.14 1 0
git.example.com/infra/openbao-sdk-go/internal/transitutil/encoding.go:150.106,151.60 1 0
git.example.com/infra/openbao-sdk-go/internal/transitutil/encoding.go:151.60,153.3 1 0
git.example.com/infra/openbao-sdk-go/internal/transitutil/encoding.go:154.2,154.33 1 0
git.example.com/infra/openbao-sdk-go/internal/transitutil/encoding.go:154.33,157.3 2 0
git.example.com/infra/openbao-sdk-go/internal/transitutil/encoding.go:158.2,159.16 2 0
git.example.com/infra/openbao-sdk-go/internal/transitutil/encoding.go:159.16,162.3 2 0
git.example.com/infra/openbao-sdk-go/internal/transitutil/encoding.go:162.8,162.25 1 0
git.example.com/infra/openbao-sdk-go/internal/transitutil/encoding.go:162.25,164.3 1 0
git.example.com/infra/openbao-sdk-go/internal/transitutil/encoding.go:165.2,165.25 1 0
git.example.com/infra/openbao-sdk-go/internal/transitutil/encoding.go:166.24,167.73 1 0
git.example.com/infra/openbao-sdk-go/internal/transitutil/encoding.go:168.22,169.164 1 0
git.example.com/infra/openbao-sdk-go/internal/transitutil/encoding.go:171.2,171.14 1 0
git.example.com/infra/openbao-sdk-go/kv/document.go:18.47,20.14 2 0
git.example.com/infra/openbao-sdk-go/kv/document.go:20.14,22.3 1 0
git.example.com/infra/openbao-sdk-go/kv/document.go:23.2,24.27 2 0
git.example.com/infra/openbao-sdk-go/kv/document.go:26.50,27.43 1 0
git.example.com/infra/openbao-sdk-go/kv/document.go:27.43,29.3 1 0
git.example.com/infra/openbao-sdk-go/kv/document.go:30.2,30.52 1 0
git.example.com/infra/openbao-sdk-go/kv/document.go:32.41,35.19 3 0
git.example.com/infra/openbao-sdk-go/kv/document.go:35.19,37.3 1 0
git.example.com/infra/openbao-sdk-go/kv/document.go:38.2,40.40 3 0
git.example.com/infra/openbao-sdk-go/kv/document.go:40.40,42.3 1 0
git.example.com/infra/openbao-sdk-go/kv/document.go:43.2,43.12 1 0
git.example.com/infra/openbao-sdk-go/kv/document.go:45.39,45.68 1 0
git.example.com/infra/openbao-sdk-go/kv/document.go:46.27,47.14 1 0
git.example.com/infra/openbao-sdk-go/kv/document.go:47.14,49.3 1 0
git.example.com/infra/openbao-sdk-go/kv/document.go:51.54,51.77 1 0
git.example.com/infra/openbao-sdk-go/kv/document.go:52.54,52.77 1 0
git.example.com/infra/openbao-sdk-go/kv/document.go:53.54,53.100 1 0
git.example.com/infra/openbao-sdk-go/kv/document.go:54.54,54.95 1 0
git.example.com/infra/openbao-sdk-go/kv/document.go:55.49,57.2 1 0
git.example.com/infra/openbao-sdk-go/pki/validate.go:11.30,13.2 1 0
git.example.com/infra/openbao-sdk-go/pki/validate.go:16.36,17.40 1 0
git.example.com/infra/openbao-sdk-go/pki/validate.go:17.40,19.3 1 0
git.example.com/infra/openbao-sdk-go/pki/validate.go:20.2,20.12 1 0
git.example.com/infra/openbao-sdk-go/pki/validate.go:25.74,27.170 2 0
git.example.com/infra/openbao-sdk-go/pki/validate.go:27.170,29.3 1 0
git.example.com/infra/openbao-sdk-go/pki/validate.go:30.2,31.14 2 0
git.example.com/infra/openbao-sdk-go/pki/validate.go:31.14,33.3 1 0
git.example.com/infra/openbao-sdk-go/pki/validate.go:34.2,38.71 5 0
git.example.com/infra/openbao-sdk-go/pki/validate.go:38.71,40.3 1 0
git.example.com/infra/openbao-sdk-go/pki/validate.go:41.2,42.45 2 0
git.example.com/infra/openbao-sdk-go/pki/validate.go:42.45,44.15 2 0
git.example.com/infra/openbao-sdk-go/pki/validate.go:44.15,46.4 1 0
git.example.com/infra/openbao-sdk-go/pki/validate.go:47.3,47.24 1 0
git.example.com/infra/openbao-sdk-go/pki/validate.go:47.24,48.15 1 0
git.example.com/infra/openbao-sdk-go/pki/validate.go:48.15,50.5 1 0
git.example.com/infra/openbao-sdk-go/pki/validate.go:51.4,51.20 1 0
git.example.com/infra/openbao-sdk-go/pki/validate.go:54.2,55.30 2 0
git.example.com/infra/openbao-sdk-go/pki/validate.go:55.30,57.3 1 0
git.example.com/infra/openbao-sdk-go/pki/validate.go:58.2,59.46 2 0
git.example.com/infra/openbao-sdk-go/pki/validate.go:59.46,61.3 1 0
git.example.com/infra/openbao-sdk-go/pki/validate.go:62.2,62.25 1 0
git.example.com/infra/openbao-sdk-go/pki/validate.go:62.25,64.3 1 0
git.example.com/infra/openbao-sdk-go/pki/validate.go:65.2,65.32 1 0
git.example.com/infra/openbao-sdk-go/pki/validate.go:65.32,67.15 2 0
git.example.com/infra/openbao-sdk-go/pki/validate.go:67.15,69.4 1 0
git.example.com/infra/openbao-sdk-go/pki/validate.go:70.3,70.24 1 0
git.example.com/infra/openbao-sdk-go/pki/validate.go:70.24,72.4 1 0
git.example.com/infra/openbao-sdk-go/pki/validate.go:74.2,75.18 2 0
git.example.com/infra/openbao-sdk-go/pki/validate.go:75.18,77.3 1 0
git.example.com/infra/openbao-sdk-go/pki/validate.go:78.2,78.113 1 0
git.example.com/infra/openbao-sdk-go/pki/validate.go:78.113,80.3 1 0
git.example.com/infra/openbao-sdk-go/pki/validate.go:81.2,81.193 1 0
git.example.com/infra/openbao-sdk-go/pki/validate.go:81.193,83.3 1 0
git.example.com/infra/openbao-sdk-go/pki/validate.go:84.2,84.43 1 0
git.example.com/infra/openbao-sdk-go/pki/validate.go:84.43,86.62 2 0
git.example.com/infra/openbao-sdk-go/pki/validate.go:86.62,88.4 1 0
git.example.com/infra/openbao-sdk-go/pki/validate.go:90.2,90.77 1 0
git.example.com/infra/openbao-sdk-go/pki/validate.go:90.77,92.3 1 0
git.example.com/infra/openbao-sdk-go/pki/validate.go:93.2,93.42 1 0
git.example.com/infra/openbao-sdk-go/pki/validate.go:93.42,95.40 2 0
git.example.com/infra/openbao-sdk-go/pki/validate.go:95.40,96.39 1 0
git.example.com/infra/openbao-sdk-go/pki/validate.go:96.39,98.5 1 0
git.example.com/infra/openbao-sdk-go/pki/validate.go:100.3,100.13 1 0
git.example.com/infra/openbao-sdk-go/pki/validate.go:100.13,102.4 1 0
git.example.com/infra/openbao-sdk-go/pki/validate.go:104.2,104.42 1 0
git.example.com/infra/openbao-sdk-go/pki/validate.go:104.42,106.36 2 0
git.example.com/infra/openbao-sdk-go/pki/validate.go:106.36,107.31 1 0
git.example.com/infra/openbao-sdk-go/pki/validate.go:107.31,109.5 1 0
git.example.com/infra/openbao-sdk-go/pki/validate.go:111.3,111.13 1 0
git.example.com/infra/openbao-sdk-go/pki/validate.go:111.13,113.4 1 0
git.example.com/infra/openbao-sdk-go/pki/validate.go:115.2,115.44 1 0
git.example.com/infra/openbao-sdk-go/pki/validate.go:115.44,116.156 1 0
git.example.com/infra/openbao-sdk-go/pki/validate.go:116.156,118.4 1 0
git.example.com/infra/openbao-sdk-go/pki/validate.go:120.2,120.12 1 0
git.example.com/infra/openbao-sdk-go/sensitive/bytes.go:22.35,22.102 1 0
git.example.com/infra/openbao-sdk-go/sensitive/bytes.go:23.36,24.19 1 0
git.example.com/infra/openbao-sdk-go/sensitive/bytes.go:24.19,26.3 1 0
git.example.com/infra/openbao-sdk-go/sensitive/bytes.go:27.2,29.45 3 0
git.example.com/infra/openbao-sdk-go/sensitive/bytes.go:31.24,32.31 1 0
git.example.com/infra/openbao-sdk-go/sensitive/bytes.go:32.31,34.3 1 0
git.example.com/infra/openbao-sdk-go/sensitive/bytes.go:35.2,38.20 4 0
git.example.com/infra/openbao-sdk-go/sensitive/bytes.go:40.26,41.19 1 0
git.example.com/infra/openbao-sdk-go/sensitive/bytes.go:41.19,43.3 1 0
git.example.com/infra/openbao-sdk-go/sensitive/bytes.go:44.2,46.26 3 0
git.example.com/infra/openbao-sdk-go/sensitive/bytes.go:48.51,48.74 1 0
git.example.com/infra/openbao-sdk-go/sensitive/bytes.go:49.51,49.74 1 0
git.example.com/infra/openbao-sdk-go/sensitive/bytes.go:50.51,50.97 1 0
git.example.com/infra/openbao-sdk-go/sensitive/bytes.go:51.51,51.92 1 0
git.example.com/infra/openbao-sdk-go/sensitive/bytes.go:52.46,54.2 1 0
git.example.com/infra/openbao-sdk-go/auth/providers.go:27.41,29.2 1 0
git.example.com/infra/openbao-sdk-go/auth/providers.go:30.48,31.16 1 0
git.example.com/infra/openbao-sdk-go/auth/providers.go:31.16,33.3 1 0
git.example.com/infra/openbao-sdk-go/auth/providers.go:34.2,34.35 1 0
git.example.com/infra/openbao-sdk-go/auth/providers.go:34.35,36.3 1 0
git.example.com/infra/openbao-sdk-go/auth/providers.go:37.2,37.43 1 0
git.example.com/infra/openbao-sdk-go/auth/providers.go:37.43,39.3 1 0
git.example.com/infra/openbao-sdk-go/auth/providers.go:40.2,40.12 1 0
git.example.com/infra/openbao-sdk-go/auth/providers.go:42.37,43.48 1 0
git.example.com/infra/openbao-sdk-go/auth/providers.go:43.48,45.3 1 0
git.example.com/infra/openbao-sdk-go/auth/providers.go:46.2,46.22 1 0
git.example.com/infra/openbao-sdk-go/auth/providers.go:46.22,47.24 1 0
git.example.com/infra/openbao-sdk-go/auth/providers.go:47.24,49.4 1 0
git.example.com/infra/openbao-sdk-go/auth/providers.go:51.2,51.13 1 0
git.example.com/infra/openbao-sdk-go/auth/providers.go:53.47,54.31 1 0
git.example.com/infra/openbao-sdk-go/auth/providers.go:54.31,54.89 1 0
git.example.com/infra/openbao-sdk-go/auth/providers.go:55.2,55.30 1 0
git.example.com/infra/openbao-sdk-go/auth/providers.go:55.30,57.3 1 0
git.example.com/infra/openbao-sdk-go/auth/providers.go:58.2,60.44 3 0
git.example.com/infra/openbao-sdk-go/auth/providers.go:69.67,72.27 3 0
git.example.com/infra/openbao-sdk-go/auth/providers.go:72.27,74.3 1 0
git.example.com/infra/openbao-sdk-go/auth/providers.go:75.2,76.16 2 0
git.example.com/infra/openbao-sdk-go/auth/providers.go:76.16,78.3 1 0
git.example.com/infra/openbao-sdk-go/auth/providers.go:79.2,79.73 1 0
git.example.com/infra/openbao-sdk-go/auth/providers.go:81.76,82.44 1 0
git.example.com/infra/openbao-sdk-go/auth/providers.go:82.44,84.3 1 0
git.example.com/infra/openbao-sdk-go/auth/providers.go:85.2,87.85 3 0
git.example.com/infra/openbao-sdk-go/auth/providers.go:96.38,98.2 1 0
git.example.com/infra/openbao-sdk-go/auth/providers.go:102.55,103.26 1 0
git.example.com/infra/openbao-sdk-go/auth/providers.go:103.26,105.3 1 0
git.example.com/infra/openbao-sdk-go/auth/providers.go:106.2,106.36 1 0
git.example.com/infra/openbao-sdk-go/auth/providers.go:108.78,109.83 1 0
git.example.com/infra/openbao-sdk-go/auth/providers.go:109.83,111.3 1 0
git.example.com/infra/openbao-sdk-go/auth/providers.go:112.2,112.49 1 0
git.example.com/infra/openbao-sdk-go/auth/providers.go:114.88,115.44 1 0
git.example.com/infra/openbao-sdk-go/auth/providers.go:115.44,117.3 1 0
git.example.com/infra/openbao-sdk-go/auth/providers.go:120.2,121.42 2 0
git.example.com/infra/openbao-sdk-go/auth/providers.go:121.42,123.3 1 0
git.example.com/infra/openbao-sdk-go/auth/providers.go:124.2,125.16 2 0
git.example.com/infra/openbao-sdk-go/auth/providers.go:125.16,127.3 1 0
git.example.com/infra/openbao-sdk-go/auth/providers.go:128.2,130.76 3 0
git.example.com/infra/openbao-sdk-go/auth/providers.go:130.76,132.3 1 0
git.example.com/infra/openbao-sdk-go/auth/providers.go:133.2,135.49 3 0
git.example.com/infra/openbao-sdk-go/auth/providers.go:135.49,137.3 1 0
git.example.com/infra/openbao-sdk-go/auth/providers.go:138.2,138.43 1 0
git.example.com/infra/openbao-sdk-go/auth/providers.go:138.43,140.3 1 0
git.example.com/infra/openbao-sdk-go/auth/providers.go:141.2,142.29 2 0
git.example.com/infra/openbao-sdk-go/auth/providers.go:142.29,144.3 1 0
git.example.com/infra/openbao-sdk-go/auth/providers.go:145.2,146.16 2 0
git.example.com/infra/openbao-sdk-go/auth/providers.go:146.16,148.3 1 0
git.example.com/infra/openbao-sdk-go/auth/providers.go:149.2,149.42 1 0
git.example.com/infra/openbao-sdk-go/auth/providers.go:151.74,153.16 2 0
git.example.com/infra/openbao-sdk-go/auth/providers.go:153.16,155.3 1 0
git.example.com/infra/openbao-sdk-go/auth/providers.go:156.2,156.52 1 0
git.example.com/infra/openbao-sdk-go/auth/providers.go:158.79,160.16 2 0
git.example.com/infra/openbao-sdk-go/auth/providers.go:160.16,162.3 1 0
git.example.com/infra/openbao-sdk-go/auth/providers.go:163.2,163.70 1 0
git.example.com/infra/openbao-sdk-go/baoerr/error.go:49.32,50.14 1 5
git.example.com/infra/openbao-sdk-go/baoerr/error.go:50.14,52.3 1 0
git.example.com/infra/openbao-sdk-go/baoerr/error.go:53.2,53.43 1 5
git.example.com/infra/openbao-sdk-go/baoerr/error.go:55.32,56.14 1 2
git.example.com/infra/openbao-sdk-go/baoerr/error.go:56.14,58.3 1 0
git.example.com/infra/openbao-sdk-go/baoerr/error.go:59.2,59.16 1 2
git.example.com/infra/openbao-sdk-go/baoerr/error.go:60.20,61.26 1 2
git.example.com/infra/openbao-sdk-go/baoerr/error.go:62.28,63.34 1 0
git.example.com/infra/openbao-sdk-go/baoerr/error.go:65.2,65.12 1 0
git.example.com/infra/openbao-sdk-go/baoerr/error.go:67.42,70.2 2 37
git.example.com/infra/openbao-sdk-go/baoerr/error.go:71.40,74.2 2 8
git.example.com/infra/openbao-sdk-go/baoerr/error.go:75.45,75.65 1 0
git.example.com/infra/openbao-sdk-go/baoerr/error.go:76.45,76.65 1 0
git.example.com/infra/openbao-sdk-go/baoerr/error.go:77.45,77.84 1 0
git.example.com/infra/openbao-sdk-go/baoerr/error.go:78.45,78.83 1 0
git.example.com/infra/openbao-sdk-go/baoerr/error.go:79.47,80.14 1 0
git.example.com/infra/openbao-sdk-go/baoerr/error.go:80.14,82.3 1 0
git.example.com/infra/openbao-sdk-go/baoerr/error.go:83.2,89.81 1 0
git.example.com/infra/openbao-sdk-go/baoerr/error.go:91.32,92.11 1 5
git.example.com/infra/openbao-sdk-go/baoerr/error.go:93.281,94.11 1 5
git.example.com/infra/openbao-sdk-go/baoerr/error.go:96.2,96.20 1 0
git.example.com/infra/openbao-sdk-go/baoerr/error.go:98.34,99.11 1 0
git.example.com/infra/openbao-sdk-go/baoerr/error.go:100.50,101.11 1 0
git.example.com/infra/openbao-sdk-go/baoerr/error.go:103.2,103.22 1 0
git.example.com/infra/openbao-sdk-go/internal/authn/approle.go:16.55,20.26 4 21
git.example.com/infra/openbao-sdk-go/internal/authn/approle.go:20.26,22.3 1 1
git.example.com/infra/openbao-sdk-go/internal/authn/approle.go:23.2,24.16 2 20
git.example.com/infra/openbao-sdk-go/internal/authn/approle.go:24.16,26.3 1 1
git.example.com/infra/openbao-sdk-go/internal/authn/approle.go:27.2,31.184 5 19
git.example.com/infra/openbao-sdk-go/internal/authn/approle.go:31.184,33.3 1 2
git.example.com/infra/openbao-sdk-go/internal/authn/approle.go:34.2,34.40 1 17
git.example.com/infra/openbao-sdk-go/internal/authn/approle.go:34.40,36.3 1 0
git.example.com/infra/openbao-sdk-go/internal/authn/approle.go:37.2,37.40 1 17
git.example.com/infra/openbao-sdk-go/internal/authn/approle.go:37.40,40.12 3 3
git.example.com/infra/openbao-sdk-go/internal/authn/approle.go:40.12,42.4 1 2
git.example.com/infra/openbao-sdk-go/internal/authn/approle.go:43.3,44.11 2 3
git.example.com/infra/openbao-sdk-go/internal/authn/approle.go:44.11,46.4 1 1
git.example.com/infra/openbao-sdk-go/internal/authn/approle.go:48.2,49.16 2 16
git.example.com/infra/openbao-sdk-go/internal/authn/approle.go:49.16,51.3 1 0
git.example.com/infra/openbao-sdk-go/internal/authn/approle.go:52.2,54.17 3 16
git.example.com/infra/openbao-sdk-go/internal/authn/approle.go:54.17,56.3 1 16
git.example.com/infra/openbao-sdk-go/internal/authn/approle.go:57.2,57.16 1 16
git.example.com/infra/openbao-sdk-go/internal/authn/approle.go:57.16,59.3 1 2
git.example.com/infra/openbao-sdk-go/internal/authn/approle.go:60.2,60.57 1 14
git.example.com/infra/openbao-sdk-go/internal/authn/approle.go:62.81,66.189 4 4
git.example.com/infra/openbao-sdk-go/internal/authn/approle.go:66.189,66.218 1 4
git.example.com/infra/openbao-sdk-go/internal/authn/approle.go:67.2,67.17 1 4
git.example.com/infra/openbao-sdk-go/internal/authn/approle.go:67.17,69.3 1 4
git.example.com/infra/openbao-sdk-go/internal/authn/approle.go:70.2,70.16 1 4
git.example.com/infra/openbao-sdk-go/internal/authn/approle.go:70.16,72.3 1 1
git.example.com/infra/openbao-sdk-go/internal/authn/approle.go:73.2,73.57 1 3
git.example.com/infra/openbao-sdk-go/internal/authn/approle.go:75.110,77.16 2 19
git.example.com/infra/openbao-sdk-go/internal/authn/approle.go:77.16,79.3 1 0
git.example.com/infra/openbao-sdk-go/internal/authn/approle.go:80.2,81.9 2 19
git.example.com/infra/openbao-sdk-go/internal/authn/approle.go:81.9,83.3 1 1
git.example.com/infra/openbao-sdk-go/internal/authn/approle.go:84.2,85.40 2 18
git.example.com/infra/openbao-sdk-go/internal/authn/approle.go:85.40,87.3 1 1
git.example.com/infra/openbao-sdk-go/internal/authn/approle.go:88.2,89.70 2 17
git.example.com/infra/openbao-sdk-go/internal/authn/approle.go:89.70,91.3 1 1
git.example.com/infra/openbao-sdk-go/internal/authn/approle.go:92.2,93.9 2 16
git.example.com/infra/openbao-sdk-go/internal/authn/approle.go:93.9,95.3 1 1
git.example.com/infra/openbao-sdk-go/internal/authn/approle.go:96.2,96.43 1 15
git.example.com/infra/openbao-sdk-go/internal/authn/approle.go:96.43,98.20 2 1
git.example.com/infra/openbao-sdk-go/internal/authn/approle.go:98.20,100.4 1 1
git.example.com/infra/openbao-sdk-go/internal/authn/approle.go:102.2,105.20 4 14
git.example.com/infra/openbao-sdk-go/internal/authn/approle.go:105.20,107.3 1 1
git.example.com/infra/openbao-sdk-go/internal/authn/approle.go:108.2,111.14 4 13
git.example.com/infra/openbao-sdk-go/internal/authn/approle.go:111.14,114.3 2 1
git.example.com/infra/openbao-sdk-go/internal/authn/approle.go:115.2,115.45 1 12
git.example.com/infra/openbao-sdk-go/internal/authn/approle.go:115.45,118.3 2 1
git.example.com/infra/openbao-sdk-go/internal/authn/approle.go:119.2,129.12 10 11
git.example.com/infra/openbao-sdk-go/internal/authn/clock.go:15.50,15.71 1 69
git.example.com/infra/openbao-sdk-go/internal/authn/clock.go:16.50,16.88 1 0
git.example.com/infra/openbao-sdk-go/internal/authn/clock.go:20.41,20.57 1 0
git.example.com/infra/openbao-sdk-go/internal/authn/clock.go:21.41,21.62 1 0
git.example.com/infra/openbao-sdk-go/internal/authn/manager.go:44.67,45.18 1 31
git.example.com/infra/openbao-sdk-go/internal/authn/manager.go:45.18,47.3 1 17
git.example.com/infra/openbao-sdk-go/internal/authn/manager.go:48.2,48.85 1 31
git.example.com/infra/openbao-sdk-go/internal/authn/manager.go:50.45,51.16 1 189
git.example.com/infra/openbao-sdk-go/internal/authn/manager.go:51.16,53.3 1 4
git.example.com/infra/openbao-sdk-go/internal/authn/manager.go:54.2,54.19 1 185
git.example.com/infra/openbao-sdk-go/internal/authn/manager.go:55.24,56.77 1 5
git.example.com/infra/openbao-sdk-go/internal/authn/manager.go:57.32,58.85 1 4
git.example.com/infra/openbao-sdk-go/internal/authn/manager.go:60.2,60.12 1 176
git.example.com/infra/openbao-sdk-go/internal/authn/manager.go:62.47,63.37 1 13
git.example.com/infra/openbao-sdk-go/internal/authn/manager.go:63.37,65.3 1 0
git.example.com/infra/openbao-sdk-go/internal/authn/manager.go:66.2,66.88 1 13
git.example.com/infra/openbao-sdk-go/internal/authn/manager.go:68.33,69.36 1 59
git.example.com/infra/openbao-sdk-go/internal/authn/manager.go:69.36,71.3 1 1
git.example.com/infra/openbao-sdk-go/internal/authn/manager.go:72.2,72.22 1 58
git.example.com/infra/openbao-sdk-go/internal/authn/manager.go:72.22,73.24 1 709
git.example.com/infra/openbao-sdk-go/internal/authn/manager.go:73.24,75.4 1 1
git.example.com/infra/openbao-sdk-go/internal/authn/manager.go:77.2,77.13 1 57
git.example.com/infra/openbao-sdk-go/internal/authn/manager.go:79.101,80.15 1 6
git.example.com/infra/openbao-sdk-go/internal/authn/manager.go:80.15,81.23 1 6
git.example.com/infra/openbao-sdk-go/internal/authn/manager.go:81.23,83.4 1 1
git.example.com/infra/openbao-sdk-go/internal/authn/manager.go:85.2,85.24 1 6
git.example.com/infra/openbao-sdk-go/internal/authn/manager.go:87.108,88.15 1 20
git.example.com/infra/openbao-sdk-go/internal/authn/manager.go:88.15,89.23 1 20
git.example.com/infra/openbao-sdk-go/internal/authn/manager.go:89.23,91.4 1 1
git.example.com/infra/openbao-sdk-go/internal/authn/manager.go:93.2,93.23 1 20
git.example.com/infra/openbao-sdk-go/internal/authn/manager.go:95.67,96.37 1 14
git.example.com/infra/openbao-sdk-go/internal/authn/manager.go:96.37,98.3 1 3
git.example.com/infra/openbao-sdk-go/internal/authn/manager.go:99.2,100.14 2 11
git.example.com/infra/openbao-sdk-go/internal/authn/manager.go:100.14,103.3 2 1
git.example.com/infra/openbao-sdk-go/internal/authn/manager.go:104.2,105.38 2 10
git.example.com/infra/openbao-sdk-go/internal/authn/manager.go:105.38,107.17 2 6
git.example.com/infra/openbao-sdk-go/internal/authn/manager.go:107.17,111.4 3 2
git.example.com/infra/openbao-sdk-go/internal/authn/manager.go:112.3,114.89 3 4
git.example.com/infra/openbao-sdk-go/internal/authn/manager.go:114.89,118.4 3 3
git.example.com/infra/openbao-sdk-go/internal/authn/manager.go:119.3,119.38 1 1
git.example.com/infra/openbao-sdk-go/internal/authn/manager.go:119.38,121.4 1 0
git.example.com/infra/openbao-sdk-go/internal/authn/manager.go:122.3,123.26 2 1
git.example.com/infra/openbao-sdk-go/internal/authn/manager.go:125.2,127.14 3 4
git.example.com/infra/openbao-sdk-go/internal/authn/manager.go:127.14,129.3 1 0
git.example.com/infra/openbao-sdk-go/internal/authn/manager.go:130.2,130.60 1 4
git.example.com/infra/openbao-sdk-go/internal/authn/manager.go:130.60,132.3 1 1
git.example.com/infra/openbao-sdk-go/internal/authn/manager.go:133.2,135.25 3 3
git.example.com/infra/openbao-sdk-go/internal/authn/manager.go:137.71,143.2 5 6
git.example.com/infra/openbao-sdk-go/internal/authn/manager.go:144.51,148.19 4 20
git.example.com/infra/openbao-sdk-go/internal/authn/manager.go:148.19,150.40 2 14
git.example.com/infra/openbao-sdk-go/internal/authn/manager.go:150.40,152.4 1 14
git.example.com/infra/openbao-sdk-go/internal/authn/manager.go:154.2,154.14 1 20
git.example.com/infra/openbao-sdk-go/internal/authn/manager.go:154.14,157.3 2 1
git.example.com/infra/openbao-sdk-go/internal/authn/manager.go:158.2,159.38 2 19
git.example.com/infra/openbao-sdk-go/internal/authn/manager.go:159.38,162.3 2 6
git.example.com/infra/openbao-sdk-go/internal/authn/manager.go:162.8,164.3 1 13
git.example.com/infra/openbao-sdk-go/internal/authn/manager.go:165.2,165.21 1 19
git.example.com/infra/openbao-sdk-go/internal/authn/manager.go:165.21,168.3 2 7
git.example.com/infra/openbao-sdk-go/internal/authn/manager.go:169.2,169.13 1 19
git.example.com/infra/openbao-sdk-go/internal/authn/manager.go:169.13,170.20 1 5
git.example.com/infra/openbao-sdk-go/internal/authn/manager.go:170.20,172.4 1 1
git.example.com/infra/openbao-sdk-go/internal/authn/manager.go:172.9,174.4 1 4
git.example.com/infra/openbao-sdk-go/internal/authn/manager.go:176.2,176.10 1 19
git.example.com/infra/openbao-sdk-go/internal/authn/manager.go:181.54,182.37 1 130
git.example.com/infra/openbao-sdk-go/internal/authn/manager.go:182.37,184.3 1 4
git.example.com/infra/openbao-sdk-go/internal/authn/manager.go:185.2,185.38 1 126
git.example.com/infra/openbao-sdk-go/internal/authn/manager.go:185.38,188.3 2 1
git.example.com/infra/openbao-sdk-go/internal/authn/manager.go:189.2,190.14 2 125
git.example.com/infra/openbao-sdk-go/internal/authn/manager.go:190.14,193.3 2 1
git.example.com/infra/openbao-sdk-go/internal/authn/manager.go:194.2,194.33 1 124
git.example.com/infra/openbao-sdk-go/internal/authn/manager.go:194.33,196.10 2 72
git.example.com/infra/openbao-sdk-go/internal/authn/manager.go:197.17,198.16 1 72
git.example.com/infra/openbao-sdk-go/internal/authn/manager.go:199.21,200.27 1 0
git.example.com/infra/openbao-sdk-go/internal/authn/manager.go:203.2,204.44 2 52
git.example.com/infra/openbao-sdk-go/internal/authn/manager.go:204.44,208.3 3 27
git.example.com/infra/openbao-sdk-go/internal/authn/manager.go:209.2,217.11 9 25
git.example.com/infra/openbao-sdk-go/internal/authn/manager.go:217.11,219.3 1 4
git.example.com/infra/openbao-sdk-go/internal/authn/manager.go:219.8,221.3 1 21
git.example.com/infra/openbao-sdk-go/internal/authn/manager.go:222.2,223.16 2 25
git.example.com/infra/openbao-sdk-go/internal/authn/manager.go:223.16,227.22 4 14
git.example.com/infra/openbao-sdk-go/internal/authn/manager.go:227.22,229.4 1 0
git.example.com/infra/openbao-sdk-go/internal/authn/manager.go:231.3,233.170 3 14
git.example.com/infra/openbao-sdk-go/internal/authn/manager.go:233.170,235.4 1 0
git.example.com/infra/openbao-sdk-go/internal/authn/manager.go:237.2,241.12 5 25
git.example.com/infra/openbao-sdk-go/internal/authn/manager.go:245.50,246.37 1 6
git.example.com/infra/openbao-sdk-go/internal/authn/manager.go:246.37,248.3 1 3
git.example.com/infra/openbao-sdk-go/internal/authn/manager.go:249.2,249.38 1 3
git.example.com/infra/openbao-sdk-go/internal/authn/manager.go:249.38,251.3 1 0
git.example.com/infra/openbao-sdk-go/internal/authn/manager.go:252.2,252.6 1 3
git.example.com/infra/openbao-sdk-go/internal/authn/manager.go:252.6,254.15 2 3
git.example.com/infra/openbao-sdk-go/internal/authn/manager.go:254.15,257.4 2 1
git.example.com/infra/openbao-sdk-go/internal/authn/manager.go:258.3,258.38 1 2
git.example.com/infra/openbao-sdk-go/internal/authn/manager.go:258.38,259.11 1 1
git.example.com/infra/openbao-sdk-go/internal/authn/manager.go:260.16,263.24 3 1
git.example.com/infra/openbao-sdk-go/internal/authn/manager.go:264.12,265.59 1 0
git.example.com/infra/openbao-sdk-go/internal/authn/manager.go:265.59,268.6 2 0
git.example.com/infra/openbao-sdk-go/internal/authn/manager.go:269.5,270.12 2 0
git.example.com/infra/openbao-sdk-go/internal/authn/manager.go:271.17,272.14 1 0
git.example.com/infra/openbao-sdk-go/internal/authn/manager.go:273.23,274.29 1 0
git.example.com/infra/openbao-sdk-go/internal/authn/manager.go:278.3,278.38 1 2
git.example.com/infra/openbao-sdk-go/internal/authn/manager.go:278.38,281.4 2 0
git.example.com/infra/openbao-sdk-go/internal/authn/manager.go:282.3,288.13 7 2
git.example.com/infra/openbao-sdk-go/internal/authn/manager.go:288.13,288.46 2 2
git.example.com/infra/openbao-sdk-go/internal/authn/manager.go:289.3,289.13 1 2
git.example.com/infra/openbao-sdk-go/internal/authn/manager.go:292.44,293.6 1 2
git.example.com/infra/openbao-sdk-go/internal/authn/manager.go:293.6,300.17 7 3
git.example.com/infra/openbao-sdk-go/internal/authn/manager.go:300.17,302.4 1 0
git.example.com/infra/openbao-sdk-go/internal/authn/manager.go:303.3,303.48 1 3
git.example.com/infra/openbao-sdk-go/internal/authn/manager.go:303.48,305.4 1 0
git.example.com/infra/openbao-sdk-go/internal/authn/manager.go:306.3,307.10 2 3
git.example.com/infra/openbao-sdk-go/internal/authn/manager.go:308.21,310.10 2 2
git.example.com/infra/openbao-sdk-go/internal/authn/manager.go:311.20,312.16 1 1
git.example.com/infra/openbao-sdk-go/internal/authn/manager.go:314.3,314.23 1 1
git.example.com/infra/openbao-sdk-go/internal/authn/manager.go:314.23,316.4 1 0
git.example.com/infra/openbao-sdk-go/internal/authn/manager.go:317.3,317.21 1 1
git.example.com/infra/openbao-sdk-go/internal/authn/manager.go:322.51,323.37 1 6
git.example.com/infra/openbao-sdk-go/internal/authn/manager.go:323.37,325.26 2 3
git.example.com/infra/openbao-sdk-go/internal/authn/manager.go:325.26,327.4 1 0
git.example.com/infra/openbao-sdk-go/internal/authn/manager.go:328.3,329.11 2 3
git.example.com/infra/openbao-sdk-go/internal/authn/manager.go:331.2,334.19 4 3
git.example.com/infra/openbao-sdk-go/internal/authn/manager.go:334.19,336.3 1 2
git.example.com/infra/openbao-sdk-go/internal/authn/manager.go:337.2,337.17 1 3
git.example.com/infra/openbao-sdk-go/internal/authn/manager.go:337.17,339.3 1 1
git.example.com/infra/openbao-sdk-go/internal/authn/manager.go:340.2,340.9 1 2
git.example.com/infra/openbao-sdk-go/internal/authn/manager.go:341.14,342.13 1 2
git.example.com/infra/openbao-sdk-go/internal/authn/manager.go:343.20,344.26 1 0
git.example.com/infra/openbao-sdk-go/internal/authn/manager.go:349.26,354.25 5 6
git.example.com/infra/openbao-sdk-go/internal/authn/manager.go:354.25,356.3 1 0
git.example.com/infra/openbao-sdk-go/internal/engine/client.go:35.56,37.2 1 16
git.example.com/infra/openbao-sdk-go/internal/engine/client.go:38.43,38.78 1 0
git.example.com/infra/openbao-sdk-go/internal/engine/client.go:39.55,40.12 1 47
git.example.com/infra/openbao-sdk-go/internal/engine/client.go:41.28,42.28 1 0
git.example.com/infra/openbao-sdk-go/internal/engine/client.go:43.20,44.28 1 37
git.example.com/infra/openbao-sdk-go/internal/engine/client.go:45.18,46.28 1 8
git.example.com/infra/openbao-sdk-go/internal/engine/client.go:48.2,48.29 1 2
git.example.com/infra/openbao-sdk-go/internal/engine/client.go:50.79,52.26 2 22
git.example.com/infra/openbao-sdk-go/internal/engine/client.go:52.26,54.3 1 0
git.example.com/infra/openbao-sdk-go/internal/engine/client.go:55.2,56.17 2 22
git.example.com/infra/openbao-sdk-go/internal/engine/client.go:56.17,58.3 1 0
git.example.com/infra/openbao-sdk-go/internal/engine/client.go:59.2,59.27 1 22
git.example.com/infra/openbao-sdk-go/internal/engine/client.go:59.27,61.3 1 0
git.example.com/infra/openbao-sdk-go/internal/engine/client.go:62.2,62.77 1 22
git.example.com/infra/openbao-sdk-go/internal/engine/client.go:62.77,64.3 1 0
git.example.com/infra/openbao-sdk-go/internal/engine/client.go:65.2,65.24 1 22
git.example.com/infra/openbao-sdk-go/internal/engine/client.go:65.24,66.54 1 21
git.example.com/infra/openbao-sdk-go/internal/engine/client.go:66.54,68.4 1 0
git.example.com/infra/openbao-sdk-go/internal/engine/client.go:70.2,72.22 3 22
git.example.com/infra/openbao-sdk-go/internal/engine/client.go:72.22,74.3 1 0
git.example.com/infra/openbao-sdk-go/internal/engine/client.go:75.2,75.51 1 22
git.example.com/infra/openbao-sdk-go/internal/engine/client.go:75.51,76.10 1 2
git.example.com/infra/openbao-sdk-go/internal/engine/client.go:77.30,78.17 1 2
git.example.com/infra/openbao-sdk-go/internal/engine/client.go:78.17,78.30 1 2
git.example.com/infra/openbao-sdk-go/internal/engine/client.go:79.21,80.68 1 0
git.example.com/infra/openbao-sdk-go/internal/engine/client.go:83.2,84.24 2 22
git.example.com/infra/openbao-sdk-go/internal/engine/client.go:84.24,86.3 1 1
git.example.com/infra/openbao-sdk-go/internal/engine/client.go:87.2,87.33 1 22
git.example.com/infra/openbao-sdk-go/internal/engine/client.go:87.33,88.23 1 22
git.example.com/infra/openbao-sdk-go/internal/engine/client.go:88.23,90.4 1 0
git.example.com/infra/openbao-sdk-go/internal/engine/client.go:91.3,92.26 2 22
git.example.com/infra/openbao-sdk-go/internal/engine/client.go:92.26,95.18 3 6
git.example.com/infra/openbao-sdk-go/internal/engine/client.go:95.18,96.25 1 0
git.example.com/infra/openbao-sdk-go/internal/engine/client.go:96.25,98.6 1 0
git.example.com/infra/openbao-sdk-go/internal/engine/client.go:99.5,100.41 2 0
git.example.com/infra/openbao-sdk-go/internal/engine/client.go:100.41,102.6 1 0
git.example.com/infra/openbao-sdk-go/internal/engine/client.go:103.5,103.96 1 0
git.example.com/infra/openbao-sdk-go/internal/engine/client.go:105.4,105.26 1 6
git.example.com/infra/openbao-sdk-go/internal/engine/client.go:105.26,107.5 1 0
git.example.com/infra/openbao-sdk-go/internal/engine/client.go:108.9,108.59 1 16
git.example.com/infra/openbao-sdk-go/internal/engine/client.go:108.59,110.4 1 0
git.example.com/infra/openbao-sdk-go/internal/engine/client.go:111.3,111.23 1 22
git.example.com/infra/openbao-sdk-go/internal/engine/client.go:111.23,113.4 1 0
git.example.com/infra/openbao-sdk-go/internal/engine/client.go:114.3,115.15 2 22
git.example.com/infra/openbao-sdk-go/internal/engine/client.go:115.15,117.4 1 3
git.example.com/infra/openbao-sdk-go/internal/engine/client.go:118.3,121.17 4 22
git.example.com/infra/openbao-sdk-go/internal/engine/client.go:121.17,123.41 2 3
git.example.com/infra/openbao-sdk-go/internal/engine/client.go:123.41,126.5 2 3
git.example.com/infra/openbao-sdk-go/internal/engine/client.go:127.9,128.29 1 19
git.example.com/infra/openbao-sdk-go/internal/engine/client.go:128.29,129.21 1 0
git.example.com/infra/openbao-sdk-go/internal/engine/client.go:130.39,131.19 1 0
git.example.com/infra/openbao-sdk-go/internal/engine/client.go:134.4,134.20 1 19
git.example.com/infra/openbao-sdk-go/internal/engine/client.go:135.13,136.36 1 18
git.example.com/infra/openbao-sdk-go/internal/engine/client.go:136.36,138.6 1 0
git.example.com/infra/openbao-sdk-go/internal/engine/client.go:139.5,139.34 1 18
git.example.com/infra/openbao-sdk-go/internal/engine/client.go:139.34,140.56 1 0
git.example.com/infra/openbao-sdk-go/internal/engine/client.go:140.56,142.7 1 0
git.example.com/infra/openbao-sdk-go/internal/engine/client.go:144.5,144.18 1 18
git.example.com/infra/openbao-sdk-go/internal/engine/client.go:145.13,146.15 1 0
git.example.com/infra/openbao-sdk-go/internal/engine/client.go:146.15,148.6 1 0
git.example.com/infra/openbao-sdk-go/internal/engine/client.go:149.5,149.46 1 0
git.example.com/infra/openbao-sdk-go/internal/engine/client.go:150.12,151.50 1 1
git.example.com/infra/openbao-sdk-go/internal/engine/client.go:154.3,154.30 1 4
git.example.com/infra/openbao-sdk-go/internal/engine/client.go:154.30,156.4 1 4
git.example.com/infra/openbao-sdk-go/internal/engine/client.go:157.3,158.13 2 0
git.example.com/infra/openbao-sdk-go/internal/engine/client.go:158.13,160.4 1 0
git.example.com/infra/openbao-sdk-go/internal/engine/client.go:161.3,162.30 2 0
git.example.com/infra/openbao-sdk-go/internal/engine/client.go:162.30,164.4 1 0
git.example.com/infra/openbao-sdk-go/internal/engine/client.go:166.2,166.89 1 0
git.example.com/infra/openbao-sdk-go/internal/engine/client.go:168.32,169.36 1 6
git.example.com/infra/openbao-sdk-go/internal/engine/client.go:169.36,171.3 1 0
git.example.com/infra/openbao-sdk-go/internal/engine/client.go:172.2,172.19 1 6
git.example.com/infra/openbao-sdk-go/internal/engine/client.go:172.19,173.33 1 90
git.example.com/infra/openbao-sdk-go/internal/engine/client.go:173.33,175.4 1 0
git.example.com/infra/openbao-sdk-go/internal/engine/client.go:177.2,177.13 1 6
git.example.com/infra/openbao-sdk-go/internal/engine/client.go:182.35,183.19 1 22
git.example.com/infra/openbao-sdk-go/internal/engine/client.go:183.19,185.3 1 3
git.example.com/infra/openbao-sdk-go/internal/engine/client.go:186.2,187.16 2 19
git.example.com/infra/openbao-sdk-go/internal/engine/client.go:187.16,189.3 1 0
git.example.com/infra/openbao-sdk-go/internal/engine/client.go:190.2,191.25 2 19
git.example.com/infra/openbao-sdk-go/internal/engine/client.go:191.25,193.3 1 19
git.example.com/infra/openbao-sdk-go/internal/engine/client.go:194.2,194.30 1 0
git.example.com/infra/openbao-sdk-go/internal/engine/client.go:194.30,195.46 1 0
git.example.com/infra/openbao-sdk-go/internal/engine/client.go:195.46,196.16 1 0
git.example.com/infra/openbao-sdk-go/internal/engine/client.go:196.16,198.5 1 0
git.example.com/infra/openbao-sdk-go/internal/engine/client.go:199.9,199.85 1 0
git.example.com/infra/openbao-sdk-go/internal/engine/client.go:199.85,201.4 1 0
git.example.com/infra/openbao-sdk-go/internal/engine/client.go:203.2,203.10 1 0
git.example.com/infra/openbao-sdk-go/internal/engine/client.go:208.70,209.14 1 19
git.example.com/infra/openbao-sdk-go/internal/engine/client.go:209.14,211.3 1 0
git.example.com/infra/openbao-sdk-go/internal/engine/client.go:212.2,213.14 2 19
git.example.com/infra/openbao-sdk-go/internal/engine/client.go:213.14,215.3 1 0
git.example.com/infra/openbao-sdk-go/internal/engine/client.go:216.2,216.30 1 19
git.example.com/infra/openbao-sdk-go/internal/engine/client.go:216.30,218.24 2 0
git.example.com/infra/openbao-sdk-go/internal/engine/client.go:218.24,220.4 1 0
git.example.com/infra/openbao-sdk-go/internal/engine/client.go:222.2,222.15 1 19
git.example.com/infra/openbao-sdk-go/internal/engine/client.go:224.62,226.14 2 0
git.example.com/infra/openbao-sdk-go/internal/engine/client.go:226.14,228.3 1 0
git.example.com/infra/openbao-sdk-go/internal/engine/client.go:229.2,230.9 2 0
git.example.com/infra/openbao-sdk-go/internal/engine/client.go:230.9,232.3 1 0
git.example.com/infra/openbao-sdk-go/internal/engine/client.go:233.2,233.15 1 0
git.example.com/infra/openbao-sdk-go/internal/engine/client.go:235.29,237.9 2 18
git.example.com/infra/openbao-sdk-go/internal/engine/client.go:237.9,239.3 1 0
git.example.com/infra/openbao-sdk-go/internal/engine/client.go:240.2,241.36 2 18
git.example.com/infra/openbao-sdk-go/internal/engine/client.go:241.36,243.3 1 0
git.example.com/infra/openbao-sdk-go/internal/engine/client.go:244.2,244.21 1 18
git.example.com/infra/openbao-sdk-go/internal/engine/errors.go:19.43,19.72 1 0
git.example.com/infra/openbao-sdk-go/internal/engine/errors.go:20.43,20.61 1 19
git.example.com/infra/openbao-sdk-go/internal/engine/errors.go:21.93,23.2 1 41
git.example.com/infra/openbao-sdk-go/internal/engine/errors.go:24.96,26.52 2 0
git.example.com/infra/openbao-sdk-go/internal/engine/errors.go:26.52,28.3 1 0
git.example.com/infra/openbao-sdk-go/internal/engine/errors.go:29.2,29.46 1 0
git.example.com/infra/openbao-sdk-go/internal/engine/errors.go:31.35,38.2 6 2
git.example.com/infra/openbao-sdk-go/internal/engine/errors.go:39.81,42.25 3 3
git.example.com/infra/openbao-sdk-go/internal/engine/errors.go:42.25,44.3 1 3
git.example.com/infra/openbao-sdk-go/internal/engine/errors.go:45.2,46.32 2 3
git.example.com/infra/openbao-sdk-go/internal/engine/errors.go:46.32,48.3 1 3
git.example.com/infra/openbao-sdk-go/internal/engine/errors.go:49.2,51.9 3 3
git.example.com/infra/openbao-sdk-go/internal/engine/errors.go:52.40,54.16 2 1
git.example.com/infra/openbao-sdk-go/internal/engine/errors.go:55.48,57.16 2 0
git.example.com/infra/openbao-sdk-go/internal/engine/errors.go:58.43,60.16 2 0
git.example.com/infra/openbao-sdk-go/internal/engine/errors.go:61.42,63.16 2 0
git.example.com/infra/openbao-sdk-go/internal/engine/errors.go:64.25,66.16 2 0
git.example.com/infra/openbao-sdk-go/internal/engine/errors.go:68.2,68.46 1 3
git.example.com/infra/openbao-sdk-go/internal/engine/errors.go:70.75,72.24 2 1
git.example.com/infra/openbao-sdk-go/internal/engine/errors.go:72.24,74.3 1 1
git.example.com/infra/openbao-sdk-go/internal/engine/errors.go:75.2,77.39 3 1
git.example.com/infra/openbao-sdk-go/internal/engine/errors.go:77.39,80.3 2 0
git.example.com/infra/openbao-sdk-go/internal/engine/errors.go:81.2,82.21 2 1
git.example.com/infra/openbao-sdk-go/internal/engine/errors.go:82.21,85.15 3 1
git.example.com/infra/openbao-sdk-go/internal/engine/errors.go:85.15,87.4 1 0
git.example.com/infra/openbao-sdk-go/internal/engine/errors.go:91.2,91.59 1 1
git.example.com/infra/openbao-sdk-go/internal/engine/errors.go:91.59,93.28 2 1
git.example.com/infra/openbao-sdk-go/internal/engine/errors.go:93.28,95.4 1 0
git.example.com/infra/openbao-sdk-go/internal/engine/errors.go:96.3,96.29 1 1
git.example.com/infra/openbao-sdk-go/internal/engine/errors.go:96.29,98.25 2 1
git.example.com/infra/openbao-sdk-go/internal/engine/errors.go:98.25,100.5 1 0
git.example.com/infra/openbao-sdk-go/internal/engine/errors.go:103.2,103.18 1 1
git.example.com/infra/openbao-sdk-go/internal/engine/errors.go:104.11,107.36 3 0
git.example.com/infra/openbao-sdk-go/internal/engine/errors.go:107.36,108.63 1 0
git.example.com/infra/openbao-sdk-go/internal/engine/errors.go:108.63,109.106 1 0
git.example.com/infra/openbao-sdk-go/internal/engine/errors.go:109.106,111.6 1 0
git.example.com/infra/openbao-sdk-go/internal/engine/errors.go:114.11,116.29 2 0
git.example.com/infra/openbao-sdk-go/internal/engine/errors.go:117.11,119.29 2 1
git.example.com/infra/openbao-sdk-go/internal/engine/errors.go:120.11,124.24 2 0
git.example.com/infra/openbao-sdk-go/internal/engine/errors.go:124.24,126.4 1 0
git.example.com/infra/openbao-sdk-go/internal/engine/errors.go:127.3,127.74 1 0
git.example.com/infra/openbao-sdk-go/internal/engine/errors.go:127.74,129.4 1 0
git.example.com/infra/openbao-sdk-go/internal/engine/errors.go:130.31,131.29 1 0
git.example.com/infra/openbao-sdk-go/internal/engine/errors.go:132.10,133.36 1 0
git.example.com/infra/openbao-sdk-go/internal/engine/errors.go:135.2,135.48 1 1
git.example.com/infra/openbao-sdk-go/internal/engine/errors.go:137.48,139.9 2 0
git.example.com/infra/openbao-sdk-go/internal/engine/errors.go:139.9,141.3 1 0
git.example.com/infra/openbao-sdk-go/internal/engine/errors.go:142.2,143.9 2 0
git.example.com/infra/openbao-sdk-go/internal/engine/errors.go:143.9,145.3 1 0
git.example.com/infra/openbao-sdk-go/internal/engine/errors.go:146.2,147.9 2 0
git.example.com/infra/openbao-sdk-go/internal/engine/errors.go:147.9,149.3 1 0
git.example.com/infra/openbao-sdk-go/internal/engine/errors.go:150.2,151.24 2 0
git.example.com/infra/openbao-sdk-go/internal/engine/errors.go:151.24,153.3 1 0
git.example.com/infra/openbao-sdk-go/internal/engine/errors.go:154.2,154.61 1 0
git.example.com/infra/openbao-sdk-go/internal/engine/errors.go:154.61,156.3 1 0
git.example.com/infra/openbao-sdk-go/internal/engine/errors.go:157.2,158.20 2 0
git.example.com/infra/openbao-sdk-go/internal/engine/errors.go:158.20,160.3 1 0
git.example.com/infra/openbao-sdk-go/internal/engine/errors.go:161.2,162.33 2 0
git.example.com/infra/openbao-sdk-go/internal/engine/errors.go:164.94,169.2 4 8
git.example.com/infra/openbao-sdk-go/internal/engine/errors.go:170.55,173.24 3 7
git.example.com/infra/openbao-sdk-go/internal/engine/errors.go:173.24,175.3 1 7
git.example.com/infra/openbao-sdk-go/internal/engine/errors.go:176.2,176.14 1 7
git.example.com/infra/openbao-sdk-go/internal/engine/errors.go:176.14,178.3 1 0
git.example.com/infra/openbao-sdk-go/internal/engine/errors.go:179.2,179.63 1 7
git.example.com/infra/openbao-sdk-go/internal/engine/errors.go:182.44,184.27 2 0
git.example.com/infra/openbao-sdk-go/internal/engine/errors.go:184.27,186.3 1 0
git.example.com/infra/openbao-sdk-go/internal/engine/errors.go:187.2,187.25 1 0
git.example.com/infra/openbao-sdk-go/internal/engine/errors.go:187.25,189.21 2 0
git.example.com/infra/openbao-sdk-go/internal/engine/errors.go:189.21,191.4 1 0
git.example.com/infra/openbao-sdk-go/internal/engine/errors.go:193.2,193.13 1 0
git.example.com/infra/openbao-sdk-go/internal/engine/operations.go:57.46,57.87 2 29
git.example.com/infra/openbao-sdk-go/internal/engine/operations.go:58.46,58.113 1 11
git.example.com/infra/openbao-sdk-go/internal/engine/path.go:10.38,11.60 1 66
git.example.com/infra/openbao-sdk-go/internal/engine/path.go:11.60,13.3 1 0
git.example.com/infra/openbao-sdk-go/internal/engine/path.go:14.2,14.30 1 66
git.example.com/infra/openbao-sdk-go/internal/engine/path.go:14.30,16.114 2 416
git.example.com/infra/openbao-sdk-go/internal/engine/path.go:16.114,18.4 1 0
git.example.com/infra/openbao-sdk-go/internal/engine/path.go:20.2,20.12 1 66
git.example.com/infra/openbao-sdk-go/internal/engine/path.go:22.35,23.13 1 22
git.example.com/infra/openbao-sdk-go/internal/engine/path.go:23.13,25.3 1 0
git.example.com/infra/openbao-sdk-go/internal/engine/path.go:26.2,26.44 1 22
git.example.com/infra/openbao-sdk-go/internal/engine/path.go:26.44,27.34 1 66
git.example.com/infra/openbao-sdk-go/internal/engine/path.go:27.34,29.4 1 0
git.example.com/infra/openbao-sdk-go/internal/engine/path.go:31.2,31.12 1 22
git.example.com/infra/openbao-sdk-go/internal/engine/retry.go:12.100,14.25 2 0
git.example.com/infra/openbao-sdk-go/internal/engine/retry.go:14.25,15.26 1 0
git.example.com/infra/openbao-sdk-go/internal/engine/retry.go:15.26,17.9 2 0
git.example.com/infra/openbao-sdk-go/internal/engine/retry.go:19.3,19.11 1 0
git.example.com/infra/openbao-sdk-go/internal/engine/retry.go:21.2,21.22 1 0
git.example.com/infra/openbao-sdk-go/internal/engine/retry.go:21.22,23.3 1 0
git.example.com/infra/openbao-sdk-go/internal/engine/retry.go:24.2,25.13 2 0
git.example.com/infra/openbao-sdk-go/internal/engine/retry.go:25.13,27.3 1 0
git.example.com/infra/openbao-sdk-go/internal/engine/retry.go:28.2,28.40 1 0
git.example.com/infra/openbao-sdk-go/internal/engine/retry.go:28.40,30.77 2 0
git.example.com/infra/openbao-sdk-go/internal/engine/retry.go:30.77,31.62 1 0
git.example.com/infra/openbao-sdk-go/internal/engine/retry.go:31.62,33.5 1 0
git.example.com/infra/openbao-sdk-go/internal/engine/retry.go:34.4,34.53 1 0
git.example.com/infra/openbao-sdk-go/internal/engine/retry.go:35.9,35.52 1 0
git.example.com/infra/openbao-sdk-go/internal/engine/retry.go:35.52,37.22 2 0
git.example.com/infra/openbao-sdk-go/internal/engine/retry.go:37.22,39.5 1 0
git.example.com/infra/openbao-sdk-go/internal/engine/retry.go:40.9,42.4 1 0
git.example.com/infra/openbao-sdk-go/internal/engine/retry.go:43.3,43.30 1 0
git.example.com/infra/openbao-sdk-go/internal/engine/retry.go:43.30,45.4 1 0
git.example.com/infra/openbao-sdk-go/internal/engine/retry.go:46.3,46.25 1 0
git.example.com/infra/openbao-sdk-go/internal/engine/retry.go:46.25,48.4 1 0
git.example.com/infra/openbao-sdk-go/internal/engine/retry.go:50.2,50.73 1 0
git.example.com/infra/openbao-sdk-go/internal/engine/retry.go:50.73,52.3 1 0
git.example.com/infra/openbao-sdk-go/internal/engine/retry.go:53.2,53.20 1 0
git.example.com/infra/openbao-sdk-go/internal/engine/retry.go:55.55,58.9 3 0
git.example.com/infra/openbao-sdk-go/internal/engine/retry.go:59.20,60.19 1 0
git.example.com/infra/openbao-sdk-go/internal/engine/retry.go:61.17,62.13 1 0
git.example.com/infra/openbao-sdk-go/internal/engine/transport.go:32.68,35.2 2 0
git.example.com/infra/openbao-sdk-go/internal/engine/transport.go:36.56,40.2 3 0
git.example.com/infra/openbao-sdk-go/internal/engine/transport.go:41.50,42.14 1 0
git.example.com/infra/openbao-sdk-go/internal/engine/transport.go:42.14,44.3 1 0
git.example.com/infra/openbao-sdk-go/internal/engine/transport.go:45.2,48.15 4 0
git.example.com/infra/openbao-sdk-go/internal/engine/transport.go:50.31,51.14 1 0
git.example.com/infra/openbao-sdk-go/internal/engine/transport.go:51.14,53.3 1 0
git.example.com/infra/openbao-sdk-go/internal/engine/transport.go:54.2,56.15 3 0
git.example.com/infra/openbao-sdk-go/internal/engine/transport.go:58.39,61.2 2 0
git.example.com/infra/openbao-sdk-go/internal/engine/transport.go:78.58,79.112 1 0
git.example.com/infra/openbao-sdk-go/internal/engine/transport.go:79.112,81.3 1 0
git.example.com/infra/openbao-sdk-go/internal/engine/transport.go:82.2,83.22 2 0
git.example.com/infra/openbao-sdk-go/internal/engine/transport.go:83.22,85.15 2 0
git.example.com/infra/openbao-sdk-go/internal/engine/transport.go:85.15,87.4 1 0
git.example.com/infra/openbao-sdk-go/internal/engine/transport.go:88.3,88.29 1 0
git.example.com/infra/openbao-sdk-go/internal/engine/transport.go:90.2,90.58 1 0
git.example.com/infra/openbao-sdk-go/internal/engine/transport.go:92.44,92.77 1 0
git.example.com/infra/openbao-sdk-go/internal/engine/transport.go:93.74,95.32 2 0
git.example.com/infra/openbao-sdk-go/internal/engine/transport.go:95.32,97.3 1 0
git.example.com/infra/openbao-sdk-go/internal/engine/transport.go:98.2,100.16 3 0
git.example.com/infra/openbao-sdk-go/internal/engine/transport.go:100.16,103.3 2 0
git.example.com/infra/openbao-sdk-go/internal/engine/transport.go:104.2,107.81 4 0
git.example.com/infra/openbao-sdk-go/internal/engine/transport.go:107.81,108.20 1 0
git.example.com/infra/openbao-sdk-go/internal/engine/transport.go:108.20,111.4 2 0
git.example.com/infra/openbao-sdk-go/internal/engine/transport.go:112.3,113.15 2 0
git.example.com/infra/openbao-sdk-go/internal/engine/transport.go:113.15,116.4 2 0
git.example.com/infra/openbao-sdk-go/internal/engine/transport.go:117.3,122.27 6 0
git.example.com/infra/openbao-sdk-go/internal/engine/transport.go:124.2,125.30 2 0
git.example.com/infra/openbao-sdk-go/internal/engine/transport.go:125.30,129.3 3 0
git.example.com/infra/openbao-sdk-go/internal/engine/transport.go:130.2,130.14 1 0
git.example.com/infra/openbao-sdk-go/internal/engine/transport.go:130.14,134.3 3 0
git.example.com/infra/openbao-sdk-go/internal/engine/transport.go:135.2,138.18 4 0
git.example.com/infra/openbao-sdk-go/internal/engine/transport.go:143.47,144.106 1 0
git.example.com/infra/openbao-sdk-go/internal/engine/transport.go:144.106,144.140 1 0
git.example.com/infra/openbao-sdk-go/internal/engine/types.go:22.27,23.14 1 20
git.example.com/infra/openbao-sdk-go/internal/engine/types.go:23.14,26.3 2 20
git.example.com/infra/openbao-sdk-go/internal/jsondoc/json.go:19.54,20.22 1 60
git.example.com/infra/openbao-sdk-go/internal/jsondoc/json.go:20.22,22.3 1 0
git.example.com/infra/openbao-sdk-go/internal/jsondoc/json.go:23.2,26.14 4 60
git.example.com/infra/openbao-sdk-go/internal/jsondoc/json.go:26.14,28.3 1 0
git.example.com/infra/openbao-sdk-go/internal/jsondoc/json.go:29.2,29.35 1 60
git.example.com/infra/openbao-sdk-go/internal/jsondoc/json.go:29.35,31.3 1 0
git.example.com/infra/openbao-sdk-go/internal/jsondoc/json.go:32.2,32.16 1 60
git.example.com/infra/openbao-sdk-go/internal/jsondoc/json.go:32.16,33.39 1 60
git.example.com/infra/openbao-sdk-go/internal/jsondoc/json.go:33.39,35.4 1 0
git.example.com/infra/openbao-sdk-go/internal/jsondoc/json.go:37.2,37.15 1 60
git.example.com/infra/openbao-sdk-go/internal/jsondoc/json.go:39.53,41.14 2 228
git.example.com/infra/openbao-sdk-go/internal/jsondoc/json.go:41.14,43.3 1 0
git.example.com/infra/openbao-sdk-go/internal/jsondoc/json.go:44.2,44.39 1 228
git.example.com/infra/openbao-sdk-go/internal/jsondoc/json.go:44.39,45.24 1 98
git.example.com/infra/openbao-sdk-go/internal/jsondoc/json.go:45.24,47.4 1 0
git.example.com/infra/openbao-sdk-go/internal/jsondoc/json.go:48.3,48.16 1 98
git.example.com/infra/openbao-sdk-go/internal/jsondoc/json.go:49.12,51.17 2 96
git.example.com/infra/openbao-sdk-go/internal/jsondoc/json.go:51.17,53.17 2 166
git.example.com/infra/openbao-sdk-go/internal/jsondoc/json.go:53.17,55.6 1 0
git.example.com/infra/openbao-sdk-go/internal/jsondoc/json.go:56.5,57.12 2 166
git.example.com/infra/openbao-sdk-go/internal/jsondoc/json.go:57.12,59.6 1 0
git.example.com/infra/openbao-sdk-go/internal/jsondoc/json.go:60.5,60.36 1 166
git.example.com/infra/openbao-sdk-go/internal/jsondoc/json.go:60.36,62.6 1 0
git.example.com/infra/openbao-sdk-go/internal/jsondoc/json.go:63.5,64.17 2 166
git.example.com/infra/openbao-sdk-go/internal/jsondoc/json.go:64.17,66.6 1 0
git.example.com/infra/openbao-sdk-go/internal/jsondoc/json.go:67.5,67.15 1 166
git.example.com/infra/openbao-sdk-go/internal/jsondoc/json.go:69.4,70.42 2 96
git.example.com/infra/openbao-sdk-go/internal/jsondoc/json.go:70.42,72.5 1 0
git.example.com/infra/openbao-sdk-go/internal/jsondoc/json.go:73.4,73.17 1 96
git.example.com/infra/openbao-sdk-go/internal/jsondoc/json.go:74.12,76.17 2 2
git.example.com/infra/openbao-sdk-go/internal/jsondoc/json.go:76.17,78.17 2 2
git.example.com/infra/openbao-sdk-go/internal/jsondoc/json.go:78.17,80.6 1 0
git.example.com/infra/openbao-sdk-go/internal/jsondoc/json.go:81.5,81.21 1 2
git.example.com/infra/openbao-sdk-go/internal/jsondoc/json.go:83.4,84.42 2 2
git.example.com/infra/openbao-sdk-go/internal/jsondoc/json.go:84.42,86.5 1 0
git.example.com/infra/openbao-sdk-go/internal/jsondoc/json.go:87.4,87.17 1 2
git.example.com/infra/openbao-sdk-go/internal/jsondoc/json.go:88.11,89.26 1 0
git.example.com/infra/openbao-sdk-go/internal/jsondoc/json.go:92.2,92.20 1 130
git.example.com/infra/openbao-sdk-go/internal/jsondoc/json.go:93.38,94.18 1 130
git.example.com/infra/openbao-sdk-go/internal/jsondoc/json.go:95.10,96.25 1 0
git.example.com/infra/openbao-sdk-go/internal/jsondoc/json.go:99.49,101.14 2 60
git.example.com/infra/openbao-sdk-go/internal/jsondoc/json.go:101.14,103.3 1 0
git.example.com/infra/openbao-sdk-go/internal/jsondoc/json.go:104.2,104.32 1 60
git.example.com/infra/openbao-sdk-go/internal/pkiutil/parse.go:19.70,20.50 1 0
git.example.com/infra/openbao-sdk-go/internal/pkiutil/parse.go:20.50,22.3 1 0
git.example.com/infra/openbao-sdk-go/internal/pkiutil/parse.go:23.2,26.20 4 0
git.example.com/infra/openbao-sdk-go/internal/pkiutil/parse.go:26.20,27.88 1 0
git.example.com/infra/openbao-sdk-go/internal/pkiutil/parse.go:27.88,29.4 1 0
git.example.com/infra/openbao-sdk-go/internal/pkiutil/parse.go:30.3,31.65 2 0
git.example.com/infra/openbao-sdk-go/internal/pkiutil/parse.go:31.65,33.4 1 0
git.example.com/infra/openbao-sdk-go/internal/pkiutil/parse.go:34.3,35.104 2 0
git.example.com/infra/openbao-sdk-go/internal/pkiutil/parse.go:35.104,37.4 1 0
git.example.com/infra/openbao-sdk-go/internal/pkiutil/parse.go:38.3,40.31 3 0
git.example.com/infra/openbao-sdk-go/internal/pkiutil/parse.go:42.2,42.21 1 0
git.example.com/infra/openbao-sdk-go/internal/pkiutil/parse.go:42.21,44.3 1 0
git.example.com/infra/openbao-sdk-go/internal/pkiutil/parse.go:45.2,45.27 1 0
git.example.com/infra/openbao-sdk-go/internal/pkiutil/parse.go:47.56,48.50 1 0
git.example.com/infra/openbao-sdk-go/internal/pkiutil/parse.go:48.50,50.3 1 0
git.example.com/infra/openbao-sdk-go/internal/pkiutil/parse.go:51.2,52.152 2 0
git.example.com/infra/openbao-sdk-go/internal/pkiutil/parse.go:52.152,54.3 1 0
git.example.com/infra/openbao-sdk-go/internal/pkiutil/parse.go:55.2,56.146 2 0
git.example.com/infra/openbao-sdk-go/internal/pkiutil/parse.go:56.146,58.3 1 0
git.example.com/infra/openbao-sdk-go/internal/pkiutil/parse.go:59.2,60.45 2 0
git.example.com/infra/openbao-sdk-go/internal/pkiutil/parse.go:60.45,62.3 1 0
git.example.com/infra/openbao-sdk-go/internal/pkiutil/parse.go:63.2,63.17 1 0
git.example.com/infra/openbao-sdk-go/internal/pkiutil/parse.go:65.52,66.50 1 0
git.example.com/infra/openbao-sdk-go/internal/pkiutil/parse.go:66.50,68.3 1 0
git.example.com/infra/openbao-sdk-go/internal/pkiutil/parse.go:69.2,70.67 2 0
git.example.com/infra/openbao-sdk-go/internal/pkiutil/parse.go:70.67,72.3 1 0
git.example.com/infra/openbao-sdk-go/internal/pkiutil/parse.go:73.2,74.97 2 0
git.example.com/infra/openbao-sdk-go/internal/pkiutil/parse.go:74.97,76.3 1 0
git.example.com/infra/openbao-sdk-go/internal/pkiutil/parse.go:77.2,79.14 3 0
git.example.com/infra/openbao-sdk-go/internal/pkiutil/parse.go:79.14,81.3 1 0
git.example.com/infra/openbao-sdk-go/internal/pkiutil/parse.go:82.2,83.9 2 0
git.example.com/infra/openbao-sdk-go/internal/pkiutil/parse.go:83.9,85.3 1 0
git.example.com/infra/openbao-sdk-go/internal/pkiutil/parse.go:86.2,86.15 1 0
git.example.com/infra/openbao-sdk-go/internal/pkiutil/parse.go:88.32,90.14 2 0
git.example.com/infra/openbao-sdk-go/internal/pkiutil/parse.go:90.14,92.3 1 0
git.example.com/infra/openbao-sdk-go/internal/pkiutil/parse.go:93.2,94.38 2 0
git.example.com/infra/openbao-sdk-go/internal/pkiutil/parse.go:96.32,97.31 1 0
git.example.com/infra/openbao-sdk-go/internal/pkiutil/parse.go:97.31,99.3 1 0
git.example.com/infra/openbao-sdk-go/internal/pkiutil/parse.go:100.2,102.35 3 0
git.example.com/infra/openbao-sdk-go/internal/pkiutil/parse.go:102.35,104.3 1 0
git.example.com/infra/openbao-sdk-go/internal/pkiutil/parse.go:105.2,105.33 1 0
git.example.com/infra/openbao-sdk-go/internal/pkiutil/parse.go:107.48,108.62 1 0
git.example.com/infra/openbao-sdk-go/internal/pkiutil/parse.go:108.62,110.3 1 0
git.example.com/infra/openbao-sdk-go/internal/pkiutil/parse.go:111.2,112.30 2 0
git.example.com/infra/openbao-sdk-go/internal/pkiutil/parse.go:112.30,114.3 1 0
git.example.com/infra/openbao-sdk-go/internal/pkiutil/parse.go:115.2,115.30 1 0
git.example.com/infra/openbao-sdk-go/internal/pkiutil/parse.go:115.30,116.22 1 0
git.example.com/infra/openbao-sdk-go/internal/pkiutil/parse.go:116.22,118.4 1 0
git.example.com/infra/openbao-sdk-go/internal/pkiutil/parse.go:119.3,119.18 1 0
git.example.com/infra/openbao-sdk-go/internal/pkiutil/parse.go:121.2,122.21 2 0
git.example.com/infra/openbao-sdk-go/internal/pkiutil/parse.go:122.21,124.27 2 0
git.example.com/infra/openbao-sdk-go/internal/pkiutil/parse.go:124.27,125.19 1 0
git.example.com/infra/openbao-sdk-go/internal/pkiutil/parse.go:125.19,127.5 1 0
git.example.com/infra/openbao-sdk-go/internal/pkiutil/parse.go:129.3,129.32 1 0
git.example.com/infra/openbao-sdk-go/internal/pkiutil/parse.go:131.2,131.21 1 0
git.example.com/infra/openbao-sdk-go/internal/pkiutil/parse.go:131.21,133.3 1 0
git.example.com/infra/openbao-sdk-go/internal/pkiutil/parse.go:134.2,134.19 1 0
git.example.com/infra/openbao-sdk-go/internal/pkiutil/parse.go:134.19,136.3 1 0
git.example.com/infra/openbao-sdk-go/internal/pkiutil/parse.go:137.2,138.14 2 0
git.example.com/infra/openbao-sdk-go/internal/pkiutil/parse.go:138.14,140.3 1 0
git.example.com/infra/openbao-sdk-go/internal/pkiutil/parse.go:141.2,142.19 2 0
git.example.com/infra/openbao-sdk-go/internal/pkiutil/parse.go:142.19,144.3 1 0
git.example.com/infra/openbao-sdk-go/internal/pkiutil/parse.go:145.2,145.23 1 0
git.example.com/infra/openbao-sdk-go/internal/transitutil/encoding.go:29.53,30.45 1 0
git.example.com/infra/openbao-sdk-go/internal/transitutil/encoding.go:30.45,32.3 1 0
git.example.com/infra/openbao-sdk-go/internal/transitutil/encoding.go:33.2,34.87 2 0
git.example.com/infra/openbao-sdk-go/internal/transitutil/encoding.go:34.87,36.3 1 0
git.example.com/infra/openbao-sdk-go/internal/transitutil/encoding.go:37.2,38.59 2 0
git.example.com/infra/openbao-sdk-go/internal/transitutil/encoding.go:38.59,40.3 1 0
git.example.com/infra/openbao-sdk-go/internal/transitutil/encoding.go:41.2,42.81 2 0
git.example.com/infra/openbao-sdk-go/internal/transitutil/encoding.go:42.81,45.3 2 0
git.example.com/infra/openbao-sdk-go/internal/transitutil/encoding.go:46.2,46.18 1 0
git.example.com/infra/openbao-sdk-go/internal/transitutil/encoding.go:48.56,49.11 1 0
git.example.com/infra/openbao-sdk-go/internal/transitutil/encoding.go:50.57,51.14 1 0
git.example.com/infra/openbao-sdk-go/internal/transitutil/encoding.go:52.30,53.17 1 0
git.example.com/infra/openbao-sdk-go/internal/transitutil/encoding.go:55.2,55.14 1 0
git.example.com/infra/openbao-sdk-go/internal/transitutil/encoding.go:57.65,59.11 2 0
git.example.com/infra/openbao-sdk-go/internal/transitutil/encoding.go:60.35,62.37 2 0
git.example.com/infra/openbao-sdk-go/internal/transitutil/encoding.go:63.28,66.28 3 0
git.example.com/infra/openbao-sdk-go/internal/transitutil/encoding.go:67.30,68.31 1 0
git.example.com/infra/openbao-sdk-go/internal/transitutil/encoding.go:70.2,70.10 1 0
git.example.com/infra/openbao-sdk-go/internal/transitutil/encoding.go:72.55,73.11 1 0
git.example.com/infra/openbao-sdk-go/internal/transitutil/encoding.go:74.35,77.67 3 0
git.example.com/infra/openbao-sdk-go/internal/transitutil/encoding.go:77.67,79.4 1 0
git.example.com/infra/openbao-sdk-go/internal/transitutil/encoding.go:80.3,81.90 2 0
git.example.com/infra/openbao-sdk-go/internal/transitutil/encoding.go:82.28,83.41 1 0
git.example.com/infra/openbao-sdk-go/internal/transitutil/encoding.go:84.30,85.41 1 0
git.example.com/infra/openbao-sdk-go/internal/transitutil/encoding.go:87.2,87.14 1 0
git.example.com/infra/openbao-sdk-go/internal/transitutil/encoding.go:91.74,92.41 1 0
git.example.com/infra/openbao-sdk-go/internal/transitutil/encoding.go:92.41,94.3 1 0
git.example.com/infra/openbao-sdk-go/internal/transitutil/encoding.go:95.2,96.64 2 0
git.example.com/infra/openbao-sdk-go/internal/transitutil/encoding.go:96.64,98.98 2 0
git.example.com/infra/openbao-sdk-go/internal/transitutil/encoding.go:98.98,100.4 1 0
git.example.com/infra/openbao-sdk-go/internal/transitutil/encoding.go:101.3,101.29 1 0
git.example.com/infra/openbao-sdk-go/internal/transitutil/encoding.go:102.8,105.174 3 0
git.example.com/infra/openbao-sdk-go/internal/transitutil/encoding.go:105.174,107.4 1 0
git.example.com/infra/openbao-sdk-go/internal/transitutil/encoding.go:108.3,110.15 3 0
git.example.com/infra/openbao-sdk-go/internal/transitutil/encoding.go:110.15,112.4 1 0
git.example.com/infra/openbao-sdk-go/internal/transitutil/encoding.go:114.2,114.14 1 0
git.example.com/infra/openbao-sdk-go/internal/transitutil/encoding.go:115.20,117.72 2 0
git.example.com/infra/openbao-sdk-go/internal/transitutil/encoding.go:117.72,119.4 1 0
git.example.com/infra/openbao-sdk-go/internal/transitutil/encoding.go:120.42,123.73 3 0
git.example.com/infra/openbao-sdk-go/internal/transitutil/encoding.go:123.73,125.4 1 0
git.example.com/infra/openbao-sdk-go/internal/transitutil/encoding.go:126.17,127.60 1 0
git.example.com/infra/openbao-sdk-go/internal/transitutil/encoding.go:127.60,129.4 1 0
git.example.com/infra/openbao-sdk-go/internal/transitutil/encoding.go:130.10,131.36 1 0
git.example.com/infra/openbao-sdk-go/internal/transitutil/encoding.go:133.2,134.14 2 0
git.example.com/infra/openbao-sdk-go/internal/transitutil/encoding.go:134.14,136.3 1 0
git.example.com/infra/openbao-sdk-go/internal/transitutil/encoding.go:137.2,137.86 1 0
git.example.com/infra/openbao-sdk-go/internal/transitutil/encoding.go:139.54,140.11 1 0
git.example.com/infra/openbao-sdk-go/internal/transitutil/encoding.go:141.35,142.30 1 0
git.example.com/infra/openbao-sdk-go/internal/transitutil/encoding.go:143.28,144.72 1 0
git.example.com/infra/openbao-sdk-go/internal/transitutil/encoding.go:145.30,146.27 1 0
git.example.com/infra/openbao-sdk-go/internal/transitutil/encoding.go:148.2,148.14 1 0
git.example.com/infra/openbao-sdk-go/internal/transitutil/encoding.go:150.106,151.60 1 0
git.example.com/infra/openbao-sdk-go/internal/transitutil/encoding.go:151.60,153.3 1 0
git.example.com/infra/openbao-sdk-go/internal/transitutil/encoding.go:154.2,154.33 1 0
git.example.com/infra/openbao-sdk-go/internal/transitutil/encoding.go:154.33,157.3 2 0
git.example.com/infra/openbao-sdk-go/internal/transitutil/encoding.go:158.2,159.16 2 0
git.example.com/infra/openbao-sdk-go/internal/transitutil/encoding.go:159.16,162.3 2 0
git.example.com/infra/openbao-sdk-go/internal/transitutil/encoding.go:162.8,162.25 1 0
git.example.com/infra/openbao-sdk-go/internal/transitutil/encoding.go:162.25,164.3 1 0
git.example.com/infra/openbao-sdk-go/internal/transitutil/encoding.go:165.2,165.25 1 0
git.example.com/infra/openbao-sdk-go/internal/transitutil/encoding.go:166.24,167.73 1 0
git.example.com/infra/openbao-sdk-go/internal/transitutil/encoding.go:168.22,169.164 1 0
git.example.com/infra/openbao-sdk-go/internal/transitutil/encoding.go:171.2,171.14 1 0
git.example.com/infra/openbao-sdk-go/kv/document.go:18.47,20.14 2 0
git.example.com/infra/openbao-sdk-go/kv/document.go:20.14,22.3 1 0
git.example.com/infra/openbao-sdk-go/kv/document.go:23.2,24.27 2 0
git.example.com/infra/openbao-sdk-go/kv/document.go:26.50,27.43 1 0
git.example.com/infra/openbao-sdk-go/kv/document.go:27.43,29.3 1 0
git.example.com/infra/openbao-sdk-go/kv/document.go:30.2,30.52 1 0
git.example.com/infra/openbao-sdk-go/kv/document.go:32.41,35.19 3 0
git.example.com/infra/openbao-sdk-go/kv/document.go:35.19,37.3 1 0
git.example.com/infra/openbao-sdk-go/kv/document.go:38.2,40.40 3 0
git.example.com/infra/openbao-sdk-go/kv/document.go:40.40,42.3 1 0
git.example.com/infra/openbao-sdk-go/kv/document.go:43.2,43.12 1 0
git.example.com/infra/openbao-sdk-go/kv/document.go:45.39,45.68 1 0
git.example.com/infra/openbao-sdk-go/kv/document.go:46.27,47.14 1 0
git.example.com/infra/openbao-sdk-go/kv/document.go:47.14,49.3 1 0
git.example.com/infra/openbao-sdk-go/kv/document.go:51.54,51.77 1 0
git.example.com/infra/openbao-sdk-go/kv/document.go:52.54,52.77 1 0
git.example.com/infra/openbao-sdk-go/kv/document.go:53.54,53.100 1 0
git.example.com/infra/openbao-sdk-go/kv/document.go:54.54,54.95 1 0
git.example.com/infra/openbao-sdk-go/kv/document.go:55.49,57.2 1 0
git.example.com/infra/openbao-sdk-go/pki/validate.go:11.30,13.2 1 0
git.example.com/infra/openbao-sdk-go/pki/validate.go:16.36,17.40 1 0
git.example.com/infra/openbao-sdk-go/pki/validate.go:17.40,19.3 1 0
git.example.com/infra/openbao-sdk-go/pki/validate.go:20.2,20.12 1 0
git.example.com/infra/openbao-sdk-go/pki/validate.go:25.74,27.170 2 0
git.example.com/infra/openbao-sdk-go/pki/validate.go:27.170,29.3 1 0
git.example.com/infra/openbao-sdk-go/pki/validate.go:30.2,31.14 2 0
git.example.com/infra/openbao-sdk-go/pki/validate.go:31.14,33.3 1 0
git.example.com/infra/openbao-sdk-go/pki/validate.go:34.2,38.71 5 0
git.example.com/infra/openbao-sdk-go/pki/validate.go:38.71,40.3 1 0
git.example.com/infra/openbao-sdk-go/pki/validate.go:41.2,42.45 2 0
git.example.com/infra/openbao-sdk-go/pki/validate.go:42.45,44.15 2 0
git.example.com/infra/openbao-sdk-go/pki/validate.go:44.15,46.4 1 0
git.example.com/infra/openbao-sdk-go/pki/validate.go:47.3,47.24 1 0
git.example.com/infra/openbao-sdk-go/pki/validate.go:47.24,48.15 1 0
git.example.com/infra/openbao-sdk-go/pki/validate.go:48.15,50.5 1 0
git.example.com/infra/openbao-sdk-go/pki/validate.go:51.4,51.20 1 0
git.example.com/infra/openbao-sdk-go/pki/validate.go:54.2,55.30 2 0
git.example.com/infra/openbao-sdk-go/pki/validate.go:55.30,57.3 1 0
git.example.com/infra/openbao-sdk-go/pki/validate.go:58.2,59.46 2 0
git.example.com/infra/openbao-sdk-go/pki/validate.go:59.46,61.3 1 0
git.example.com/infra/openbao-sdk-go/pki/validate.go:62.2,62.25 1 0
git.example.com/infra/openbao-sdk-go/pki/validate.go:62.25,64.3 1 0
git.example.com/infra/openbao-sdk-go/pki/validate.go:65.2,65.32 1 0
git.example.com/infra/openbao-sdk-go/pki/validate.go:65.32,67.15 2 0
git.example.com/infra/openbao-sdk-go/pki/validate.go:67.15,69.4 1 0
git.example.com/infra/openbao-sdk-go/pki/validate.go:70.3,70.24 1 0
git.example.com/infra/openbao-sdk-go/pki/validate.go:70.24,72.4 1 0
git.example.com/infra/openbao-sdk-go/pki/validate.go:74.2,75.18 2 0
git.example.com/infra/openbao-sdk-go/pki/validate.go:75.18,77.3 1 0
git.example.com/infra/openbao-sdk-go/pki/validate.go:78.2,78.113 1 0
git.example.com/infra/openbao-sdk-go/pki/validate.go:78.113,80.3 1 0
git.example.com/infra/openbao-sdk-go/pki/validate.go:81.2,81.193 1 0
git.example.com/infra/openbao-sdk-go/pki/validate.go:81.193,83.3 1 0
git.example.com/infra/openbao-sdk-go/pki/validate.go:84.2,84.43 1 0
git.example.com/infra/openbao-sdk-go/pki/validate.go:84.43,86.62 2 0
git.example.com/infra/openbao-sdk-go/pki/validate.go:86.62,88.4 1 0
git.example.com/infra/openbao-sdk-go/pki/validate.go:90.2,90.77 1 0
git.example.com/infra/openbao-sdk-go/pki/validate.go:90.77,92.3 1 0
git.example.com/infra/openbao-sdk-go/pki/validate.go:93.2,93.42 1 0
git.example.com/infra/openbao-sdk-go/pki/validate.go:93.42,95.40 2 0
git.example.com/infra/openbao-sdk-go/pki/validate.go:95.40,96.39 1 0
git.example.com/infra/openbao-sdk-go/pki/validate.go:96.39,98.5 1 0
git.example.com/infra/openbao-sdk-go/pki/validate.go:100.3,100.13 1 0
git.example.com/infra/openbao-sdk-go/pki/validate.go:100.13,102.4 1 0
git.example.com/infra/openbao-sdk-go/pki/validate.go:104.2,104.42 1 0
git.example.com/infra/openbao-sdk-go/pki/validate.go:104.42,106.36 2 0
git.example.com/infra/openbao-sdk-go/pki/validate.go:106.36,107.31 1 0
git.example.com/infra/openbao-sdk-go/pki/validate.go:107.31,109.5 1 0
git.example.com/infra/openbao-sdk-go/pki/validate.go:111.3,111.13 1 0
git.example.com/infra/openbao-sdk-go/pki/validate.go:111.13,113.4 1 0
git.example.com/infra/openbao-sdk-go/pki/validate.go:115.2,115.44 1 0
git.example.com/infra/openbao-sdk-go/pki/validate.go:115.44,116.156 1 0
git.example.com/infra/openbao-sdk-go/pki/validate.go:116.156,118.4 1 0
git.example.com/infra/openbao-sdk-go/pki/validate.go:120.2,120.12 1 0
git.example.com/infra/openbao-sdk-go/sensitive/bytes.go:22.35,22.102 1 56
git.example.com/infra/openbao-sdk-go/sensitive/bytes.go:23.36,24.19 1 70
git.example.com/infra/openbao-sdk-go/sensitive/bytes.go:24.19,26.3 1 21
git.example.com/infra/openbao-sdk-go/sensitive/bytes.go:27.2,29.45 3 49
git.example.com/infra/openbao-sdk-go/sensitive/bytes.go:31.24,32.31 1 19
git.example.com/infra/openbao-sdk-go/sensitive/bytes.go:32.31,34.3 1 11
git.example.com/infra/openbao-sdk-go/sensitive/bytes.go:35.2,38.20 4 8
git.example.com/infra/openbao-sdk-go/sensitive/bytes.go:40.26,41.19 1 21
git.example.com/infra/openbao-sdk-go/sensitive/bytes.go:41.19,43.3 1 8
git.example.com/infra/openbao-sdk-go/sensitive/bytes.go:44.2,46.26 3 13
git.example.com/infra/openbao-sdk-go/sensitive/bytes.go:48.51,48.74 1 0
git.example.com/infra/openbao-sdk-go/sensitive/bytes.go:49.51,49.74 1 0
git.example.com/infra/openbao-sdk-go/sensitive/bytes.go:50.51,50.97 1 0
git.example.com/infra/openbao-sdk-go/sensitive/bytes.go:51.51,51.92 1 0
git.example.com/infra/openbao-sdk-go/sensitive/bytes.go:52.46,54.2 1 0
git.example.com/infra/openbao-sdk-go/auth/providers.go:27.41,29.2 1 0
git.example.com/infra/openbao-sdk-go/auth/providers.go:30.48,31.16 1 0
git.example.com/infra/openbao-sdk-go/auth/providers.go:31.16,33.3 1 0
git.example.com/infra/openbao-sdk-go/auth/providers.go:34.2,34.35 1 0
git.example.com/infra/openbao-sdk-go/auth/providers.go:34.35,36.3 1 0
git.example.com/infra/openbao-sdk-go/auth/providers.go:37.2,37.43 1 0
git.example.com/infra/openbao-sdk-go/auth/providers.go:37.43,39.3 1 0
git.example.com/infra/openbao-sdk-go/auth/providers.go:40.2,40.12 1 0
git.example.com/infra/openbao-sdk-go/auth/providers.go:42.37,43.48 1 0
git.example.com/infra/openbao-sdk-go/auth/providers.go:43.48,45.3 1 0
git.example.com/infra/openbao-sdk-go/auth/providers.go:46.2,46.22 1 0
git.example.com/infra/openbao-sdk-go/auth/providers.go:46.22,47.24 1 0
git.example.com/infra/openbao-sdk-go/auth/providers.go:47.24,49.4 1 0
git.example.com/infra/openbao-sdk-go/auth/providers.go:51.2,51.13 1 0
git.example.com/infra/openbao-sdk-go/auth/providers.go:53.47,54.31 1 0
git.example.com/infra/openbao-sdk-go/auth/providers.go:54.31,54.89 1 0
git.example.com/infra/openbao-sdk-go/auth/providers.go:55.2,55.30 1 0
git.example.com/infra/openbao-sdk-go/auth/providers.go:55.30,57.3 1 0
git.example.com/infra/openbao-sdk-go/auth/providers.go:58.2,60.44 3 0
git.example.com/infra/openbao-sdk-go/auth/providers.go:69.67,72.27 3 0
git.example.com/infra/openbao-sdk-go/auth/providers.go:72.27,74.3 1 0
git.example.com/infra/openbao-sdk-go/auth/providers.go:75.2,76.16 2 0
git.example.com/infra/openbao-sdk-go/auth/providers.go:76.16,78.3 1 0
git.example.com/infra/openbao-sdk-go/auth/providers.go:79.2,79.73 1 0
git.example.com/infra/openbao-sdk-go/auth/providers.go:81.76,82.44 1 0
git.example.com/infra/openbao-sdk-go/auth/providers.go:82.44,84.3 1 0
git.example.com/infra/openbao-sdk-go/auth/providers.go:85.2,87.85 3 0
git.example.com/infra/openbao-sdk-go/auth/providers.go:96.38,98.2 1 0
git.example.com/infra/openbao-sdk-go/auth/providers.go:102.55,103.26 1 0
git.example.com/infra/openbao-sdk-go/auth/providers.go:103.26,105.3 1 0
git.example.com/infra/openbao-sdk-go/auth/providers.go:106.2,106.36 1 0
git.example.com/infra/openbao-sdk-go/auth/providers.go:108.78,109.83 1 0
git.example.com/infra/openbao-sdk-go/auth/providers.go:109.83,111.3 1 0
git.example.com/infra/openbao-sdk-go/auth/providers.go:112.2,112.49 1 0
git.example.com/infra/openbao-sdk-go/auth/providers.go:114.88,115.44 1 0
git.example.com/infra/openbao-sdk-go/auth/providers.go:115.44,117.3 1 0
git.example.com/infra/openbao-sdk-go/auth/providers.go:120.2,121.42 2 0
git.example.com/infra/openbao-sdk-go/auth/providers.go:121.42,123.3 1 0
git.example.com/infra/openbao-sdk-go/auth/providers.go:124.2,125.16 2 0
git.example.com/infra/openbao-sdk-go/auth/providers.go:125.16,127.3 1 0
git.example.com/infra/openbao-sdk-go/auth/providers.go:128.2,130.76 3 0
git.example.com/infra/openbao-sdk-go/auth/providers.go:130.76,132.3 1 0
git.example.com/infra/openbao-sdk-go/auth/providers.go:133.2,135.49 3 0
git.example.com/infra/openbao-sdk-go/auth/providers.go:135.49,137.3 1 0
git.example.com/infra/openbao-sdk-go/auth/providers.go:138.2,138.43 1 0
git.example.com/infra/openbao-sdk-go/auth/providers.go:138.43,140.3 1 0
git.example.com/infra/openbao-sdk-go/auth/providers.go:141.2,142.29 2 0
git.example.com/infra/openbao-sdk-go/auth/providers.go:142.29,144.3 1 0
git.example.com/infra/openbao-sdk-go/auth/providers.go:145.2,146.16 2 0
git.example.com/infra/openbao-sdk-go/auth/providers.go:146.16,148.3 1 0
git.example.com/infra/openbao-sdk-go/auth/providers.go:149.2,149.42 1 0
git.example.com/infra/openbao-sdk-go/auth/providers.go:151.74,153.16 2 0
git.example.com/infra/openbao-sdk-go/auth/providers.go:153.16,155.3 1 0
git.example.com/infra/openbao-sdk-go/auth/providers.go:156.2,156.52 1 0
git.example.com/infra/openbao-sdk-go/auth/providers.go:158.79,160.16 2 0
git.example.com/infra/openbao-sdk-go/auth/providers.go:160.16,162.3 1 0
git.example.com/infra/openbao-sdk-go/auth/providers.go:163.2,163.70 1 0
git.example.com/infra/openbao-sdk-go/baoerr/error.go:49.32,50.14 1 0
git.example.com/infra/openbao-sdk-go/baoerr/error.go:50.14,52.3 1 0
git.example.com/infra/openbao-sdk-go/baoerr/error.go:53.2,53.43 1 0
git.example.com/infra/openbao-sdk-go/baoerr/error.go:55.32,56.14 1 0
git.example.com/infra/openbao-sdk-go/baoerr/error.go:56.14,58.3 1 0
git.example.com/infra/openbao-sdk-go/baoerr/error.go:59.2,59.16 1 0
git.example.com/infra/openbao-sdk-go/baoerr/error.go:60.20,61.26 1 0
git.example.com/infra/openbao-sdk-go/baoerr/error.go:62.28,63.34 1 0
git.example.com/infra/openbao-sdk-go/baoerr/error.go:65.2,65.12 1 0
git.example.com/infra/openbao-sdk-go/baoerr/error.go:67.42,70.2 2 0
git.example.com/infra/openbao-sdk-go/baoerr/error.go:71.40,74.2 2 0
git.example.com/infra/openbao-sdk-go/baoerr/error.go:75.45,75.65 1 0
git.example.com/infra/openbao-sdk-go/baoerr/error.go:76.45,76.65 1 0
git.example.com/infra/openbao-sdk-go/baoerr/error.go:77.45,77.84 1 0
git.example.com/infra/openbao-sdk-go/baoerr/error.go:78.45,78.83 1 0
git.example.com/infra/openbao-sdk-go/baoerr/error.go:79.47,80.14 1 0
git.example.com/infra/openbao-sdk-go/baoerr/error.go:80.14,82.3 1 0
git.example.com/infra/openbao-sdk-go/baoerr/error.go:83.2,89.81 1 0
git.example.com/infra/openbao-sdk-go/baoerr/error.go:91.32,92.11 1 0
git.example.com/infra/openbao-sdk-go/baoerr/error.go:93.281,94.11 1 0
git.example.com/infra/openbao-sdk-go/baoerr/error.go:96.2,96.20 1 0
git.example.com/infra/openbao-sdk-go/baoerr/error.go:98.34,99.11 1 0
git.example.com/infra/openbao-sdk-go/baoerr/error.go:100.50,101.11 1 0
git.example.com/infra/openbao-sdk-go/baoerr/error.go:103.2,103.22 1 0
git.example.com/infra/openbao-sdk-go/internal/authn/approle.go:16.55,20.26 4 0
git.example.com/infra/openbao-sdk-go/internal/authn/approle.go:20.26,22.3 1 0
git.example.com/infra/openbao-sdk-go/internal/authn/approle.go:23.2,24.16 2 0
git.example.com/infra/openbao-sdk-go/internal/authn/approle.go:24.16,26.3 1 0
git.example.com/infra/openbao-sdk-go/internal/authn/approle.go:27.2,31.184 5 0
git.example.com/infra/openbao-sdk-go/internal/authn/approle.go:31.184,33.3 1 0
git.example.com/infra/openbao-sdk-go/internal/authn/approle.go:34.2,34.40 1 0
git.example.com/infra/openbao-sdk-go/internal/authn/approle.go:34.40,36.3 1 0
git.example.com/infra/openbao-sdk-go/internal/authn/approle.go:37.2,37.40 1 0
git.example.com/infra/openbao-sdk-go/internal/authn/approle.go:37.40,40.12 3 0
git.example.com/infra/openbao-sdk-go/internal/authn/approle.go:40.12,42.4 1 0
git.example.com/infra/openbao-sdk-go/internal/authn/approle.go:43.3,44.11 2 0
git.example.com/infra/openbao-sdk-go/internal/authn/approle.go:44.11,46.4 1 0
git.example.com/infra/openbao-sdk-go/internal/authn/approle.go:48.2,49.16 2 0
git.example.com/infra/openbao-sdk-go/internal/authn/approle.go:49.16,51.3 1 0
git.example.com/infra/openbao-sdk-go/internal/authn/approle.go:52.2,54.17 3 0
git.example.com/infra/openbao-sdk-go/internal/authn/approle.go:54.17,56.3 1 0
git.example.com/infra/openbao-sdk-go/internal/authn/approle.go:57.2,57.16 1 0
git.example.com/infra/openbao-sdk-go/internal/authn/approle.go:57.16,59.3 1 0
git.example.com/infra/openbao-sdk-go/internal/authn/approle.go:60.2,60.57 1 0
git.example.com/infra/openbao-sdk-go/internal/authn/approle.go:62.81,66.189 4 0
git.example.com/infra/openbao-sdk-go/internal/authn/approle.go:66.189,66.218 1 0
git.example.com/infra/openbao-sdk-go/internal/authn/approle.go:67.2,67.17 1 0
git.example.com/infra/openbao-sdk-go/internal/authn/approle.go:67.17,69.3 1 0
git.example.com/infra/openbao-sdk-go/internal/authn/approle.go:70.2,70.16 1 0
git.example.com/infra/openbao-sdk-go/internal/authn/approle.go:70.16,72.3 1 0
git.example.com/infra/openbao-sdk-go/internal/authn/approle.go:73.2,73.57 1 0
git.example.com/infra/openbao-sdk-go/internal/authn/approle.go:75.110,77.16 2 0
git.example.com/infra/openbao-sdk-go/internal/authn/approle.go:77.16,79.3 1 0
git.example.com/infra/openbao-sdk-go/internal/authn/approle.go:80.2,81.9 2 0
git.example.com/infra/openbao-sdk-go/internal/authn/approle.go:81.9,83.3 1 0
git.example.com/infra/openbao-sdk-go/internal/authn/approle.go:84.2,85.40 2 0
git.example.com/infra/openbao-sdk-go/internal/authn/approle.go:85.40,87.3 1 0
git.example.com/infra/openbao-sdk-go/internal/authn/approle.go:88.2,89.70 2 0
git.example.com/infra/openbao-sdk-go/internal/authn/approle.go:89.70,91.3 1 0
git.example.com/infra/openbao-sdk-go/internal/authn/approle.go:92.2,93.9 2 0
git.example.com/infra/openbao-sdk-go/internal/authn/approle.go:93.9,95.3 1 0
git.example.com/infra/openbao-sdk-go/internal/authn/approle.go:96.2,96.43 1 0
git.example.com/infra/openbao-sdk-go/internal/authn/approle.go:96.43,98.20 2 0
git.example.com/infra/openbao-sdk-go/internal/authn/approle.go:98.20,100.4 1 0
git.example.com/infra/openbao-sdk-go/internal/authn/approle.go:102.2,105.20 4 0
git.example.com/infra/openbao-sdk-go/internal/authn/approle.go:105.20,107.3 1 0
git.example.com/infra/openbao-sdk-go/internal/authn/approle.go:108.2,111.14 4 0
git.example.com/infra/openbao-sdk-go/internal/authn/approle.go:111.14,114.3 2 0
git.example.com/infra/openbao-sdk-go/internal/authn/approle.go:115.2,115.45 1 0
git.example.com/infra/openbao-sdk-go/internal/authn/approle.go:115.45,118.3 2 0
git.example.com/infra/openbao-sdk-go/internal/authn/approle.go:119.2,129.12 10 0
git.example.com/infra/openbao-sdk-go/internal/authn/clock.go:15.50,15.71 1 0
git.example.com/infra/openbao-sdk-go/internal/authn/clock.go:16.50,16.88 1 0
git.example.com/infra/openbao-sdk-go/internal/authn/clock.go:20.41,20.57 1 0
git.example.com/infra/openbao-sdk-go/internal/authn/clock.go:21.41,21.62 1 0
git.example.com/infra/openbao-sdk-go/internal/authn/manager.go:44.67,45.18 1 0
git.example.com/infra/openbao-sdk-go/internal/authn/manager.go:45.18,47.3 1 0
git.example.com/infra/openbao-sdk-go/internal/authn/manager.go:48.2,48.85 1 0
git.example.com/infra/openbao-sdk-go/internal/authn/manager.go:50.45,51.16 1 0
git.example.com/infra/openbao-sdk-go/internal/authn/manager.go:51.16,53.3 1 0
git.example.com/infra/openbao-sdk-go/internal/authn/manager.go:54.2,54.19 1 0
git.example.com/infra/openbao-sdk-go/internal/authn/manager.go:55.24,56.77 1 0
git.example.com/infra/openbao-sdk-go/internal/authn/manager.go:57.32,58.85 1 0
git.example.com/infra/openbao-sdk-go/internal/authn/manager.go:60.2,60.12 1 0
git.example.com/infra/openbao-sdk-go/internal/authn/manager.go:62.47,63.37 1 0
git.example.com/infra/openbao-sdk-go/internal/authn/manager.go:63.37,65.3 1 0
git.example.com/infra/openbao-sdk-go/internal/authn/manager.go:66.2,66.88 1 0
git.example.com/infra/openbao-sdk-go/internal/authn/manager.go:68.33,69.36 1 0
git.example.com/infra/openbao-sdk-go/internal/authn/manager.go:69.36,71.3 1 0
git.example.com/infra/openbao-sdk-go/internal/authn/manager.go:72.2,72.22 1 0
git.example.com/infra/openbao-sdk-go/internal/authn/manager.go:72.22,73.24 1 0
git.example.com/infra/openbao-sdk-go/internal/authn/manager.go:73.24,75.4 1 0
git.example.com/infra/openbao-sdk-go/internal/authn/manager.go:77.2,77.13 1 0
git.example.com/infra/openbao-sdk-go/internal/authn/manager.go:79.101,80.15 1 0
git.example.com/infra/openbao-sdk-go/internal/authn/manager.go:80.15,81.23 1 0
git.example.com/infra/openbao-sdk-go/internal/authn/manager.go:81.23,83.4 1 0
git.example.com/infra/openbao-sdk-go/internal/authn/manager.go:85.2,85.24 1 0
git.example.com/infra/openbao-sdk-go/internal/authn/manager.go:87.108,88.15 1 0
git.example.com/infra/openbao-sdk-go/internal/authn/manager.go:88.15,89.23 1 0
git.example.com/infra/openbao-sdk-go/internal/authn/manager.go:89.23,91.4 1 0
git.example.com/infra/openbao-sdk-go/internal/authn/manager.go:93.2,93.23 1 0
git.example.com/infra/openbao-sdk-go/internal/authn/manager.go:95.67,96.37 1 0
git.example.com/infra/openbao-sdk-go/internal/authn/manager.go:96.37,98.3 1 0
git.example.com/infra/openbao-sdk-go/internal/authn/manager.go:99.2,100.14 2 0
git.example.com/infra/openbao-sdk-go/internal/authn/manager.go:100.14,103.3 2 0
git.example.com/infra/openbao-sdk-go/internal/authn/manager.go:104.2,105.38 2 0
git.example.com/infra/openbao-sdk-go/internal/authn/manager.go:105.38,107.17 2 0
git.example.com/infra/openbao-sdk-go/internal/authn/manager.go:107.17,111.4 3 0
git.example.com/infra/openbao-sdk-go/internal/authn/manager.go:112.3,114.89 3 0
git.example.com/infra/openbao-sdk-go/internal/authn/manager.go:114.89,118.4 3 0
git.example.com/infra/openbao-sdk-go/internal/authn/manager.go:119.3,119.38 1 0
git.example.com/infra/openbao-sdk-go/internal/authn/manager.go:119.38,121.4 1 0
git.example.com/infra/openbao-sdk-go/internal/authn/manager.go:122.3,123.26 2 0
git.example.com/infra/openbao-sdk-go/internal/authn/manager.go:125.2,127.14 3 0
git.example.com/infra/openbao-sdk-go/internal/authn/manager.go:127.14,129.3 1 0
git.example.com/infra/openbao-sdk-go/internal/authn/manager.go:130.2,130.60 1 0
git.example.com/infra/openbao-sdk-go/internal/authn/manager.go:130.60,132.3 1 0
git.example.com/infra/openbao-sdk-go/internal/authn/manager.go:133.2,135.25 3 0
git.example.com/infra/openbao-sdk-go/internal/authn/manager.go:137.71,143.2 5 0
git.example.com/infra/openbao-sdk-go/internal/authn/manager.go:144.51,148.19 4 0
git.example.com/infra/openbao-sdk-go/internal/authn/manager.go:148.19,150.40 2 0
git.example.com/infra/openbao-sdk-go/internal/authn/manager.go:150.40,152.4 1 0
git.example.com/infra/openbao-sdk-go/internal/authn/manager.go:154.2,154.14 1 0
git.example.com/infra/openbao-sdk-go/internal/authn/manager.go:154.14,157.3 2 0
git.example.com/infra/openbao-sdk-go/internal/authn/manager.go:158.2,159.38 2 0
git.example.com/infra/openbao-sdk-go/internal/authn/manager.go:159.38,162.3 2 0
git.example.com/infra/openbao-sdk-go/internal/authn/manager.go:162.8,164.3 1 0
git.example.com/infra/openbao-sdk-go/internal/authn/manager.go:165.2,165.21 1 0
git.example.com/infra/openbao-sdk-go/internal/authn/manager.go:165.21,168.3 2 0
git.example.com/infra/openbao-sdk-go/internal/authn/manager.go:169.2,169.13 1 0
git.example.com/infra/openbao-sdk-go/internal/authn/manager.go:169.13,170.20 1 0
git.example.com/infra/openbao-sdk-go/internal/authn/manager.go:170.20,172.4 1 0
git.example.com/infra/openbao-sdk-go/internal/authn/manager.go:172.9,174.4 1 0
git.example.com/infra/openbao-sdk-go/internal/authn/manager.go:176.2,176.10 1 0
git.example.com/infra/openbao-sdk-go/internal/authn/manager.go:181.54,182.37 1 0
git.example.com/infra/openbao-sdk-go/internal/authn/manager.go:182.37,184.3 1 0
git.example.com/infra/openbao-sdk-go/internal/authn/manager.go:185.2,185.38 1 0
git.example.com/infra/openbao-sdk-go/internal/authn/manager.go:185.38,188.3 2 0
git.example.com/infra/openbao-sdk-go/internal/authn/manager.go:189.2,190.14 2 0
git.example.com/infra/openbao-sdk-go/internal/authn/manager.go:190.14,193.3 2 0
git.example.com/infra/openbao-sdk-go/internal/authn/manager.go:194.2,194.33 1 0
git.example.com/infra/openbao-sdk-go/internal/authn/manager.go:194.33,196.10 2 0
git.example.com/infra/openbao-sdk-go/internal/authn/manager.go:197.17,198.16 1 0
git.example.com/infra/openbao-sdk-go/internal/authn/manager.go:199.21,200.27 1 0
git.example.com/infra/openbao-sdk-go/internal/authn/manager.go:203.2,204.44 2 0
git.example.com/infra/openbao-sdk-go/internal/authn/manager.go:204.44,208.3 3 0
git.example.com/infra/openbao-sdk-go/internal/authn/manager.go:209.2,217.11 9 0
git.example.com/infra/openbao-sdk-go/internal/authn/manager.go:217.11,219.3 1 0
git.example.com/infra/openbao-sdk-go/internal/authn/manager.go:219.8,221.3 1 0
git.example.com/infra/openbao-sdk-go/internal/authn/manager.go:222.2,223.16 2 0
git.example.com/infra/openbao-sdk-go/internal/authn/manager.go:223.16,227.22 4 0
git.example.com/infra/openbao-sdk-go/internal/authn/manager.go:227.22,229.4 1 0
git.example.com/infra/openbao-sdk-go/internal/authn/manager.go:231.3,233.170 3 0
git.example.com/infra/openbao-sdk-go/internal/authn/manager.go:233.170,235.4 1 0
git.example.com/infra/openbao-sdk-go/internal/authn/manager.go:237.2,241.12 5 0
git.example.com/infra/openbao-sdk-go/internal/authn/manager.go:245.50,246.37 1 0
git.example.com/infra/openbao-sdk-go/internal/authn/manager.go:246.37,248.3 1 0
git.example.com/infra/openbao-sdk-go/internal/authn/manager.go:249.2,249.38 1 0
git.example.com/infra/openbao-sdk-go/internal/authn/manager.go:249.38,251.3 1 0
git.example.com/infra/openbao-sdk-go/internal/authn/manager.go:252.2,252.6 1 0
git.example.com/infra/openbao-sdk-go/internal/authn/manager.go:252.6,254.15 2 0
git.example.com/infra/openbao-sdk-go/internal/authn/manager.go:254.15,257.4 2 0
git.example.com/infra/openbao-sdk-go/internal/authn/manager.go:258.3,258.38 1 0
git.example.com/infra/openbao-sdk-go/internal/authn/manager.go:258.38,259.11 1 0
git.example.com/infra/openbao-sdk-go/internal/authn/manager.go:260.16,263.24 3 0
git.example.com/infra/openbao-sdk-go/internal/authn/manager.go:264.12,265.59 1 0
git.example.com/infra/openbao-sdk-go/internal/authn/manager.go:265.59,268.6 2 0
git.example.com/infra/openbao-sdk-go/internal/authn/manager.go:269.5,270.12 2 0
git.example.com/infra/openbao-sdk-go/internal/authn/manager.go:271.17,272.14 1 0
git.example.com/infra/openbao-sdk-go/internal/authn/manager.go:273.23,274.29 1 0
git.example.com/infra/openbao-sdk-go/internal/authn/manager.go:278.3,278.38 1 0
git.example.com/infra/openbao-sdk-go/internal/authn/manager.go:278.38,281.4 2 0
git.example.com/infra/openbao-sdk-go/internal/authn/manager.go:282.3,288.13 7 0
git.example.com/infra/openbao-sdk-go/internal/authn/manager.go:288.13,288.46 2 0
git.example.com/infra/openbao-sdk-go/internal/authn/manager.go:289.3,289.13 1 0
git.example.com/infra/openbao-sdk-go/internal/authn/manager.go:292.44,293.6 1 0
git.example.com/infra/openbao-sdk-go/internal/authn/manager.go:293.6,300.17 7 0
git.example.com/infra/openbao-sdk-go/internal/authn/manager.go:300.17,302.4 1 0
git.example.com/infra/openbao-sdk-go/internal/authn/manager.go:303.3,303.48 1 0
git.example.com/infra/openbao-sdk-go/internal/authn/manager.go:303.48,305.4 1 0
git.example.com/infra/openbao-sdk-go/internal/authn/manager.go:306.3,307.10 2 0
git.example.com/infra/openbao-sdk-go/internal/authn/manager.go:308.21,310.10 2 0
git.example.com/infra/openbao-sdk-go/internal/authn/manager.go:311.20,312.16 1 0
git.example.com/infra/openbao-sdk-go/internal/authn/manager.go:314.3,314.23 1 0
git.example.com/infra/openbao-sdk-go/internal/authn/manager.go:314.23,316.4 1 0
git.example.com/infra/openbao-sdk-go/internal/authn/manager.go:317.3,317.21 1 0
git.example.com/infra/openbao-sdk-go/internal/authn/manager.go:322.51,323.37 1 0
git.example.com/infra/openbao-sdk-go/internal/authn/manager.go:323.37,325.26 2 0
git.example.com/infra/openbao-sdk-go/internal/authn/manager.go:325.26,327.4 1 0
git.example.com/infra/openbao-sdk-go/internal/authn/manager.go:328.3,329.11 2 0
git.example.com/infra/openbao-sdk-go/internal/authn/manager.go:331.2,334.19 4 0
git.example.com/infra/openbao-sdk-go/internal/authn/manager.go:334.19,336.3 1 0
git.example.com/infra/openbao-sdk-go/internal/authn/manager.go:337.2,337.17 1 0
git.example.com/infra/openbao-sdk-go/internal/authn/manager.go:337.17,339.3 1 0
git.example.com/infra/openbao-sdk-go/internal/authn/manager.go:340.2,340.9 1 0
git.example.com/infra/openbao-sdk-go/internal/authn/manager.go:341.14,342.13 1 0
git.example.com/infra/openbao-sdk-go/internal/authn/manager.go:343.20,344.26 1 0
git.example.com/infra/openbao-sdk-go/internal/authn/manager.go:349.26,354.25 5 0
git.example.com/infra/openbao-sdk-go/internal/authn/manager.go:354.25,356.3 1 0
git.example.com/infra/openbao-sdk-go/internal/engine/client.go:35.56,37.2 1 0
git.example.com/infra/openbao-sdk-go/internal/engine/client.go:38.43,38.78 1 0
git.example.com/infra/openbao-sdk-go/internal/engine/client.go:39.55,40.12 1 0
git.example.com/infra/openbao-sdk-go/internal/engine/client.go:41.28,42.28 1 0
git.example.com/infra/openbao-sdk-go/internal/engine/client.go:43.20,44.28 1 0
git.example.com/infra/openbao-sdk-go/internal/engine/client.go:45.18,46.28 1 0
git.example.com/infra/openbao-sdk-go/internal/engine/client.go:48.2,48.29 1 0
git.example.com/infra/openbao-sdk-go/internal/engine/client.go:50.79,52.26 2 0
git.example.com/infra/openbao-sdk-go/internal/engine/client.go:52.26,54.3 1 0
git.example.com/infra/openbao-sdk-go/internal/engine/client.go:55.2,56.17 2 0
git.example.com/infra/openbao-sdk-go/internal/engine/client.go:56.17,58.3 1 0
git.example.com/infra/openbao-sdk-go/internal/engine/client.go:59.2,59.27 1 0
git.example.com/infra/openbao-sdk-go/internal/engine/client.go:59.27,61.3 1 0
git.example.com/infra/openbao-sdk-go/internal/engine/client.go:62.2,62.77 1 0
git.example.com/infra/openbao-sdk-go/internal/engine/client.go:62.77,64.3 1 0
git.example.com/infra/openbao-sdk-go/internal/engine/client.go:65.2,65.24 1 0
git.example.com/infra/openbao-sdk-go/internal/engine/client.go:65.24,66.54 1 0
git.example.com/infra/openbao-sdk-go/internal/engine/client.go:66.54,68.4 1 0
git.example.com/infra/openbao-sdk-go/internal/engine/client.go:70.2,72.22 3 0
git.example.com/infra/openbao-sdk-go/internal/engine/client.go:72.22,74.3 1 0
git.example.com/infra/openbao-sdk-go/internal/engine/client.go:75.2,75.51 1 0
git.example.com/infra/openbao-sdk-go/internal/engine/client.go:75.51,76.10 1 0
git.example.com/infra/openbao-sdk-go/internal/engine/client.go:77.30,78.17 1 0
git.example.com/infra/openbao-sdk-go/internal/engine/client.go:78.17,78.30 1 0
git.example.com/infra/openbao-sdk-go/internal/engine/client.go:79.21,80.68 1 0
git.example.com/infra/openbao-sdk-go/internal/engine/client.go:83.2,84.24 2 0
git.example.com/infra/openbao-sdk-go/internal/engine/client.go:84.24,86.3 1 0
git.example.com/infra/openbao-sdk-go/internal/engine/client.go:87.2,87.33 1 0
git.example.com/infra/openbao-sdk-go/internal/engine/client.go:87.33,88.23 1 0
git.example.com/infra/openbao-sdk-go/internal/engine/client.go:88.23,90.4 1 0
git.example.com/infra/openbao-sdk-go/internal/engine/client.go:91.3,92.26 2 0
git.example.com/infra/openbao-sdk-go/internal/engine/client.go:92.26,95.18 3 0
git.example.com/infra/openbao-sdk-go/internal/engine/client.go:95.18,96.25 1 0
git.example.com/infra/openbao-sdk-go/internal/engine/client.go:96.25,98.6 1 0
git.example.com/infra/openbao-sdk-go/internal/engine/client.go:99.5,100.41 2 0
git.example.com/infra/openbao-sdk-go/internal/engine/client.go:100.41,102.6 1 0
git.example.com/infra/openbao-sdk-go/internal/engine/client.go:103.5,103.96 1 0
git.example.com/infra/openbao-sdk-go/internal/engine/client.go:105.4,105.26 1 0
git.example.com/infra/openbao-sdk-go/internal/engine/client.go:105.26,107.5 1 0
git.example.com/infra/openbao-sdk-go/internal/engine/client.go:108.9,108.59 1 0
git.example.com/infra/openbao-sdk-go/internal/engine/client.go:108.59,110.4 1 0
git.example.com/infra/openbao-sdk-go/internal/engine/client.go:111.3,111.23 1 0
git.example.com/infra/openbao-sdk-go/internal/engine/client.go:111.23,113.4 1 0
git.example.com/infra/openbao-sdk-go/internal/engine/client.go:114.3,115.15 2 0
git.example.com/infra/openbao-sdk-go/internal/engine/client.go:115.15,117.4 1 0
git.example.com/infra/openbao-sdk-go/internal/engine/client.go:118.3,121.17 4 0
git.example.com/infra/openbao-sdk-go/internal/engine/client.go:121.17,123.41 2 0
git.example.com/infra/openbao-sdk-go/internal/engine/client.go:123.41,126.5 2 0
git.example.com/infra/openbao-sdk-go/internal/engine/client.go:127.9,128.29 1 0
git.example.com/infra/openbao-sdk-go/internal/engine/client.go:128.29,129.21 1 0
git.example.com/infra/openbao-sdk-go/internal/engine/client.go:130.39,131.19 1 0
git.example.com/infra/openbao-sdk-go/internal/engine/client.go:134.4,134.20 1 0
git.example.com/infra/openbao-sdk-go/internal/engine/client.go:135.13,136.36 1 0
git.example.com/infra/openbao-sdk-go/internal/engine/client.go:136.36,138.6 1 0
git.example.com/infra/openbao-sdk-go/internal/engine/client.go:139.5,139.34 1 0
git.example.com/infra/openbao-sdk-go/internal/engine/client.go:139.34,140.56 1 0
git.example.com/infra/openbao-sdk-go/internal/engine/client.go:140.56,142.7 1 0
git.example.com/infra/openbao-sdk-go/internal/engine/client.go:144.5,144.18 1 0
git.example.com/infra/openbao-sdk-go/internal/engine/client.go:145.13,146.15 1 0
git.example.com/infra/openbao-sdk-go/internal/engine/client.go:146.15,148.6 1 0
git.example.com/infra/openbao-sdk-go/internal/engine/client.go:149.5,149.46 1 0
git.example.com/infra/openbao-sdk-go/internal/engine/client.go:150.12,151.50 1 0
git.example.com/infra/openbao-sdk-go/internal/engine/client.go:154.3,154.30 1 0
git.example.com/infra/openbao-sdk-go/internal/engine/client.go:154.30,156.4 1 0
git.example.com/infra/openbao-sdk-go/internal/engine/client.go:157.3,158.13 2 0
git.example.com/infra/openbao-sdk-go/internal/engine/client.go:158.13,160.4 1 0
git.example.com/infra/openbao-sdk-go/internal/engine/client.go:161.3,162.30 2 0
git.example.com/infra/openbao-sdk-go/internal/engine/client.go:162.30,164.4 1 0
git.example.com/infra/openbao-sdk-go/internal/engine/client.go:166.2,166.89 1 0
git.example.com/infra/openbao-sdk-go/internal/engine/client.go:168.32,169.36 1 0
git.example.com/infra/openbao-sdk-go/internal/engine/client.go:169.36,171.3 1 0
git.example.com/infra/openbao-sdk-go/internal/engine/client.go:172.2,172.19 1 0
git.example.com/infra/openbao-sdk-go/internal/engine/client.go:172.19,173.33 1 0
git.example.com/infra/openbao-sdk-go/internal/engine/client.go:173.33,175.4 1 0
git.example.com/infra/openbao-sdk-go/internal/engine/client.go:177.2,177.13 1 0
git.example.com/infra/openbao-sdk-go/internal/engine/client.go:182.35,183.19 1 0
git.example.com/infra/openbao-sdk-go/internal/engine/client.go:183.19,185.3 1 0
git.example.com/infra/openbao-sdk-go/internal/engine/client.go:186.2,187.16 2 0
git.example.com/infra/openbao-sdk-go/internal/engine/client.go:187.16,189.3 1 0
git.example.com/infra/openbao-sdk-go/internal/engine/client.go:190.2,191.25 2 0
git.example.com/infra/openbao-sdk-go/internal/engine/client.go:191.25,193.3 1 0
git.example.com/infra/openbao-sdk-go/internal/engine/client.go:194.2,194.30 1 0
git.example.com/infra/openbao-sdk-go/internal/engine/client.go:194.30,195.46 1 0
git.example.com/infra/openbao-sdk-go/internal/engine/client.go:195.46,196.16 1 0
git.example.com/infra/openbao-sdk-go/internal/engine/client.go:196.16,198.5 1 0
git.example.com/infra/openbao-sdk-go/internal/engine/client.go:199.9,199.85 1 0
git.example.com/infra/openbao-sdk-go/internal/engine/client.go:199.85,201.4 1 0
git.example.com/infra/openbao-sdk-go/internal/engine/client.go:203.2,203.10 1 0
git.example.com/infra/openbao-sdk-go/internal/engine/client.go:208.70,209.14 1 0
git.example.com/infra/openbao-sdk-go/internal/engine/client.go:209.14,211.3 1 0
git.example.com/infra/openbao-sdk-go/internal/engine/client.go:212.2,213.14 2 0
git.example.com/infra/openbao-sdk-go/internal/engine/client.go:213.14,215.3 1 0
git.example.com/infra/openbao-sdk-go/internal/engine/client.go:216.2,216.30 1 0
git.example.com/infra/openbao-sdk-go/internal/engine/client.go:216.30,218.24 2 0
git.example.com/infra/openbao-sdk-go/internal/engine/client.go:218.24,220.4 1 0
git.example.com/infra/openbao-sdk-go/internal/engine/client.go:222.2,222.15 1 0
git.example.com/infra/openbao-sdk-go/internal/engine/client.go:224.62,226.14 2 0
git.example.com/infra/openbao-sdk-go/internal/engine/client.go:226.14,228.3 1 0
git.example.com/infra/openbao-sdk-go/internal/engine/client.go:229.2,230.9 2 0
git.example.com/infra/openbao-sdk-go/internal/engine/client.go:230.9,232.3 1 0
git.example.com/infra/openbao-sdk-go/internal/engine/client.go:233.2,233.15 1 0
git.example.com/infra/openbao-sdk-go/internal/engine/client.go:235.29,237.9 2 0
git.example.com/infra/openbao-sdk-go/internal/engine/client.go:237.9,239.3 1 0
git.example.com/infra/openbao-sdk-go/internal/engine/client.go:240.2,241.36 2 0
git.example.com/infra/openbao-sdk-go/internal/engine/client.go:241.36,243.3 1 0
git.example.com/infra/openbao-sdk-go/internal/engine/client.go:244.2,244.21 1 0
git.example.com/infra/openbao-sdk-go/internal/engine/errors.go:19.43,19.72 1 0
git.example.com/infra/openbao-sdk-go/internal/engine/errors.go:20.43,20.61 1 0
git.example.com/infra/openbao-sdk-go/internal/engine/errors.go:21.93,23.2 1 0
git.example.com/infra/openbao-sdk-go/internal/engine/errors.go:24.96,26.52 2 0
git.example.com/infra/openbao-sdk-go/internal/engine/errors.go:26.52,28.3 1 0
git.example.com/infra/openbao-sdk-go/internal/engine/errors.go:29.2,29.46 1 0
git.example.com/infra/openbao-sdk-go/internal/engine/errors.go:31.35,38.2 6 0
git.example.com/infra/openbao-sdk-go/internal/engine/errors.go:39.81,42.25 3 0
git.example.com/infra/openbao-sdk-go/internal/engine/errors.go:42.25,44.3 1 0
git.example.com/infra/openbao-sdk-go/internal/engine/errors.go:45.2,46.32 2 0
git.example.com/infra/openbao-sdk-go/internal/engine/errors.go:46.32,48.3 1 0
git.example.com/infra/openbao-sdk-go/internal/engine/errors.go:49.2,51.9 3 0
git.example.com/infra/openbao-sdk-go/internal/engine/errors.go:52.40,54.16 2 0
git.example.com/infra/openbao-sdk-go/internal/engine/errors.go:55.48,57.16 2 0
git.example.com/infra/openbao-sdk-go/internal/engine/errors.go:58.43,60.16 2 0
git.example.com/infra/openbao-sdk-go/internal/engine/errors.go:61.42,63.16 2 0
git.example.com/infra/openbao-sdk-go/internal/engine/errors.go:64.25,66.16 2 0
git.example.com/infra/openbao-sdk-go/internal/engine/errors.go:68.2,68.46 1 0
git.example.com/infra/openbao-sdk-go/internal/engine/errors.go:70.75,72.24 2 0
git.example.com/infra/openbao-sdk-go/internal/engine/errors.go:72.24,74.3 1 0
git.example.com/infra/openbao-sdk-go/internal/engine/errors.go:75.2,77.39 3 0
git.example.com/infra/openbao-sdk-go/internal/engine/errors.go:77.39,80.3 2 0
git.example.com/infra/openbao-sdk-go/internal/engine/errors.go:81.2,82.21 2 0
git.example.com/infra/openbao-sdk-go/internal/engine/errors.go:82.21,85.15 3 0
git.example.com/infra/openbao-sdk-go/internal/engine/errors.go:85.15,87.4 1 0
git.example.com/infra/openbao-sdk-go/internal/engine/errors.go:91.2,91.59 1 0
git.example.com/infra/openbao-sdk-go/internal/engine/errors.go:91.59,93.28 2 0
git.example.com/infra/openbao-sdk-go/internal/engine/errors.go:93.28,95.4 1 0
git.example.com/infra/openbao-sdk-go/internal/engine/errors.go:96.3,96.29 1 0
git.example.com/infra/openbao-sdk-go/internal/engine/errors.go:96.29,98.25 2 0
git.example.com/infra/openbao-sdk-go/internal/engine/errors.go:98.25,100.5 1 0
git.example.com/infra/openbao-sdk-go/internal/engine/errors.go:103.2,103.18 1 0
git.example.com/infra/openbao-sdk-go/internal/engine/errors.go:104.11,107.36 3 0
git.example.com/infra/openbao-sdk-go/internal/engine/errors.go:107.36,108.63 1 0
git.example.com/infra/openbao-sdk-go/internal/engine/errors.go:108.63,109.106 1 0
git.example.com/infra/openbao-sdk-go/internal/engine/errors.go:109.106,111.6 1 0
git.example.com/infra/openbao-sdk-go/internal/engine/errors.go:114.11,116.29 2 0
git.example.com/infra/openbao-sdk-go/internal/engine/errors.go:117.11,119.29 2 0
git.example.com/infra/openbao-sdk-go/internal/engine/errors.go:120.11,124.24 2 0
git.example.com/infra/openbao-sdk-go/internal/engine/errors.go:124.24,126.4 1 0
git.example.com/infra/openbao-sdk-go/internal/engine/errors.go:127.3,127.74 1 0
git.example.com/infra/openbao-sdk-go/internal/engine/errors.go:127.74,129.4 1 0
git.example.com/infra/openbao-sdk-go/internal/engine/errors.go:130.31,131.29 1 0
git.example.com/infra/openbao-sdk-go/internal/engine/errors.go:132.10,133.36 1 0
git.example.com/infra/openbao-sdk-go/internal/engine/errors.go:135.2,135.48 1 0
git.example.com/infra/openbao-sdk-go/internal/engine/errors.go:137.48,139.9 2 0
git.example.com/infra/openbao-sdk-go/internal/engine/errors.go:139.9,141.3 1 0
git.example.com/infra/openbao-sdk-go/internal/engine/errors.go:142.2,143.9 2 0
git.example.com/infra/openbao-sdk-go/internal/engine/errors.go:143.9,145.3 1 0
git.example.com/infra/openbao-sdk-go/internal/engine/errors.go:146.2,147.9 2 0
git.example.com/infra/openbao-sdk-go/internal/engine/errors.go:147.9,149.3 1 0
git.example.com/infra/openbao-sdk-go/internal/engine/errors.go:150.2,151.24 2 0
git.example.com/infra/openbao-sdk-go/internal/engine/errors.go:151.24,153.3 1 0
git.example.com/infra/openbao-sdk-go/internal/engine/errors.go:154.2,154.61 1 0
git.example.com/infra/openbao-sdk-go/internal/engine/errors.go:154.61,156.3 1 0
git.example.com/infra/openbao-sdk-go/internal/engine/errors.go:157.2,158.20 2 0
git.example.com/infra/openbao-sdk-go/internal/engine/errors.go:158.20,160.3 1 0
git.example.com/infra/openbao-sdk-go/internal/engine/errors.go:161.2,162.33 2 0
git.example.com/infra/openbao-sdk-go/internal/engine/errors.go:164.94,169.2 4 0
git.example.com/infra/openbao-sdk-go/internal/engine/errors.go:170.55,173.24 3 0
git.example.com/infra/openbao-sdk-go/internal/engine/errors.go:173.24,175.3 1 0
git.example.com/infra/openbao-sdk-go/internal/engine/errors.go:176.2,176.14 1 0
git.example.com/infra/openbao-sdk-go/internal/engine/errors.go:176.14,178.3 1 0
git.example.com/infra/openbao-sdk-go/internal/engine/errors.go:179.2,179.63 1 0
git.example.com/infra/openbao-sdk-go/internal/engine/errors.go:182.44,184.27 2 0
git.example.com/infra/openbao-sdk-go/internal/engine/errors.go:184.27,186.3 1 0
git.example.com/infra/openbao-sdk-go/internal/engine/errors.go:187.2,187.25 1 0
git.example.com/infra/openbao-sdk-go/internal/engine/errors.go:187.25,189.21 2 0
git.example.com/infra/openbao-sdk-go/internal/engine/errors.go:189.21,191.4 1 0
git.example.com/infra/openbao-sdk-go/internal/engine/errors.go:193.2,193.13 1 0
git.example.com/infra/openbao-sdk-go/internal/engine/operations.go:57.46,57.87 2 0
git.example.com/infra/openbao-sdk-go/internal/engine/operations.go:58.46,58.113 1 0
git.example.com/infra/openbao-sdk-go/internal/engine/path.go:10.38,11.60 1 0
git.example.com/infra/openbao-sdk-go/internal/engine/path.go:11.60,13.3 1 0
git.example.com/infra/openbao-sdk-go/internal/engine/path.go:14.2,14.30 1 0
git.example.com/infra/openbao-sdk-go/internal/engine/path.go:14.30,16.114 2 0
git.example.com/infra/openbao-sdk-go/internal/engine/path.go:16.114,18.4 1 0
git.example.com/infra/openbao-sdk-go/internal/engine/path.go:20.2,20.12 1 0
git.example.com/infra/openbao-sdk-go/internal/engine/path.go:22.35,23.13 1 0
git.example.com/infra/openbao-sdk-go/internal/engine/path.go:23.13,25.3 1 0
git.example.com/infra/openbao-sdk-go/internal/engine/path.go:26.2,26.44 1 0
git.example.com/infra/openbao-sdk-go/internal/engine/path.go:26.44,27.34 1 0
git.example.com/infra/openbao-sdk-go/internal/engine/path.go:27.34,29.4 1 0
git.example.com/infra/openbao-sdk-go/internal/engine/path.go:31.2,31.12 1 0
git.example.com/infra/openbao-sdk-go/internal/engine/retry.go:12.100,14.25 2 0
git.example.com/infra/openbao-sdk-go/internal/engine/retry.go:14.25,15.26 1 0
git.example.com/infra/openbao-sdk-go/internal/engine/retry.go:15.26,17.9 2 0
git.example.com/infra/openbao-sdk-go/internal/engine/retry.go:19.3,19.11 1 0
git.example.com/infra/openbao-sdk-go/internal/engine/retry.go:21.2,21.22 1 0
git.example.com/infra/openbao-sdk-go/internal/engine/retry.go:21.22,23.3 1 0
git.example.com/infra/openbao-sdk-go/internal/engine/retry.go:24.2,25.13 2 0
git.example.com/infra/openbao-sdk-go/internal/engine/retry.go:25.13,27.3 1 0
git.example.com/infra/openbao-sdk-go/internal/engine/retry.go:28.2,28.40 1 0
git.example.com/infra/openbao-sdk-go/internal/engine/retry.go:28.40,30.77 2 0
git.example.com/infra/openbao-sdk-go/internal/engine/retry.go:30.77,31.62 1 0
git.example.com/infra/openbao-sdk-go/internal/engine/retry.go:31.62,33.5 1 0
git.example.com/infra/openbao-sdk-go/internal/engine/retry.go:34.4,34.53 1 0
git.example.com/infra/openbao-sdk-go/internal/engine/retry.go:35.9,35.52 1 0
git.example.com/infra/openbao-sdk-go/internal/engine/retry.go:35.52,37.22 2 0
git.example.com/infra/openbao-sdk-go/internal/engine/retry.go:37.22,39.5 1 0
git.example.com/infra/openbao-sdk-go/internal/engine/retry.go:40.9,42.4 1 0
git.example.com/infra/openbao-sdk-go/internal/engine/retry.go:43.3,43.30 1 0
git.example.com/infra/openbao-sdk-go/internal/engine/retry.go:43.30,45.4 1 0
git.example.com/infra/openbao-sdk-go/internal/engine/retry.go:46.3,46.25 1 0
git.example.com/infra/openbao-sdk-go/internal/engine/retry.go:46.25,48.4 1 0
git.example.com/infra/openbao-sdk-go/internal/engine/retry.go:50.2,50.73 1 0
git.example.com/infra/openbao-sdk-go/internal/engine/retry.go:50.73,52.3 1 0
git.example.com/infra/openbao-sdk-go/internal/engine/retry.go:53.2,53.20 1 0
git.example.com/infra/openbao-sdk-go/internal/engine/retry.go:55.55,58.9 3 0
git.example.com/infra/openbao-sdk-go/internal/engine/retry.go:59.20,60.19 1 0
git.example.com/infra/openbao-sdk-go/internal/engine/retry.go:61.17,62.13 1 0
git.example.com/infra/openbao-sdk-go/internal/engine/transport.go:32.68,35.2 2 0
git.example.com/infra/openbao-sdk-go/internal/engine/transport.go:36.56,40.2 3 0
git.example.com/infra/openbao-sdk-go/internal/engine/transport.go:41.50,42.14 1 0
git.example.com/infra/openbao-sdk-go/internal/engine/transport.go:42.14,44.3 1 0
git.example.com/infra/openbao-sdk-go/internal/engine/transport.go:45.2,48.15 4 0
git.example.com/infra/openbao-sdk-go/internal/engine/transport.go:50.31,51.14 1 0
git.example.com/infra/openbao-sdk-go/internal/engine/transport.go:51.14,53.3 1 0
git.example.com/infra/openbao-sdk-go/internal/engine/transport.go:54.2,56.15 3 0
git.example.com/infra/openbao-sdk-go/internal/engine/transport.go:58.39,61.2 2 0
git.example.com/infra/openbao-sdk-go/internal/engine/transport.go:78.58,79.112 1 0
git.example.com/infra/openbao-sdk-go/internal/engine/transport.go:79.112,81.3 1 0
git.example.com/infra/openbao-sdk-go/internal/engine/transport.go:82.2,83.22 2 0
git.example.com/infra/openbao-sdk-go/internal/engine/transport.go:83.22,85.15 2 0
git.example.com/infra/openbao-sdk-go/internal/engine/transport.go:85.15,87.4 1 0
git.example.com/infra/openbao-sdk-go/internal/engine/transport.go:88.3,88.29 1 0
git.example.com/infra/openbao-sdk-go/internal/engine/transport.go:90.2,90.58 1 0
git.example.com/infra/openbao-sdk-go/internal/engine/transport.go:92.44,92.77 1 0
git.example.com/infra/openbao-sdk-go/internal/engine/transport.go:93.74,95.32 2 0
git.example.com/infra/openbao-sdk-go/internal/engine/transport.go:95.32,97.3 1 0
git.example.com/infra/openbao-sdk-go/internal/engine/transport.go:98.2,100.16 3 0
git.example.com/infra/openbao-sdk-go/internal/engine/transport.go:100.16,103.3 2 0
git.example.com/infra/openbao-sdk-go/internal/engine/transport.go:104.2,107.81 4 0
git.example.com/infra/openbao-sdk-go/internal/engine/transport.go:107.81,108.20 1 0
git.example.com/infra/openbao-sdk-go/internal/engine/transport.go:108.20,111.4 2 0
git.example.com/infra/openbao-sdk-go/internal/engine/transport.go:112.3,113.15 2 0
git.example.com/infra/openbao-sdk-go/internal/engine/transport.go:113.15,116.4 2 0
git.example.com/infra/openbao-sdk-go/internal/engine/transport.go:117.3,122.27 6 0
git.example.com/infra/openbao-sdk-go/internal/engine/transport.go:124.2,125.30 2 0
git.example.com/infra/openbao-sdk-go/internal/engine/transport.go:125.30,129.3 3 0
git.example.com/infra/openbao-sdk-go/internal/engine/transport.go:130.2,130.14 1 0
git.example.com/infra/openbao-sdk-go/internal/engine/transport.go:130.14,134.3 3 0
git.example.com/infra/openbao-sdk-go/internal/engine/transport.go:135.2,138.18 4 0
git.example.com/infra/openbao-sdk-go/internal/engine/transport.go:143.47,144.106 1 0
git.example.com/infra/openbao-sdk-go/internal/engine/transport.go:144.106,144.140 1 0
git.example.com/infra/openbao-sdk-go/internal/engine/types.go:22.27,23.14 1 0
git.example.com/infra/openbao-sdk-go/internal/engine/types.go:23.14,26.3 2 0
git.example.com/infra/openbao-sdk-go/internal/jsondoc/json.go:19.54,20.22 1 0
git.example.com/infra/openbao-sdk-go/internal/jsondoc/json.go:20.22,22.3 1 0
git.example.com/infra/openbao-sdk-go/internal/jsondoc/json.go:23.2,26.14 4 0
git.example.com/infra/openbao-sdk-go/internal/jsondoc/json.go:26.14,28.3 1 0
git.example.com/infra/openbao-sdk-go/internal/jsondoc/json.go:29.2,29.35 1 0
git.example.com/infra/openbao-sdk-go/internal/jsondoc/json.go:29.35,31.3 1 0
git.example.com/infra/openbao-sdk-go/internal/jsondoc/json.go:32.2,32.16 1 0
git.example.com/infra/openbao-sdk-go/internal/jsondoc/json.go:32.16,33.39 1 0
git.example.com/infra/openbao-sdk-go/internal/jsondoc/json.go:33.39,35.4 1 0
git.example.com/infra/openbao-sdk-go/internal/jsondoc/json.go:37.2,37.15 1 0
git.example.com/infra/openbao-sdk-go/internal/jsondoc/json.go:39.53,41.14 2 0
git.example.com/infra/openbao-sdk-go/internal/jsondoc/json.go:41.14,43.3 1 0
git.example.com/infra/openbao-sdk-go/internal/jsondoc/json.go:44.2,44.39 1 0
git.example.com/infra/openbao-sdk-go/internal/jsondoc/json.go:44.39,45.24 1 0
git.example.com/infra/openbao-sdk-go/internal/jsondoc/json.go:45.24,47.4 1 0
git.example.com/infra/openbao-sdk-go/internal/jsondoc/json.go:48.3,48.16 1 0
git.example.com/infra/openbao-sdk-go/internal/jsondoc/json.go:49.12,51.17 2 0
git.example.com/infra/openbao-sdk-go/internal/jsondoc/json.go:51.17,53.17 2 0
git.example.com/infra/openbao-sdk-go/internal/jsondoc/json.go:53.17,55.6 1 0
git.example.com/infra/openbao-sdk-go/internal/jsondoc/json.go:56.5,57.12 2 0
git.example.com/infra/openbao-sdk-go/internal/jsondoc/json.go:57.12,59.6 1 0
git.example.com/infra/openbao-sdk-go/internal/jsondoc/json.go:60.5,60.36 1 0
git.example.com/infra/openbao-sdk-go/internal/jsondoc/json.go:60.36,62.6 1 0
git.example.com/infra/openbao-sdk-go/internal/jsondoc/json.go:63.5,64.17 2 0
git.example.com/infra/openbao-sdk-go/internal/jsondoc/json.go:64.17,66.6 1 0
git.example.com/infra/openbao-sdk-go/internal/jsondoc/json.go:67.5,67.15 1 0
git.example.com/infra/openbao-sdk-go/internal/jsondoc/json.go:69.4,70.42 2 0
git.example.com/infra/openbao-sdk-go/internal/jsondoc/json.go:70.42,72.5 1 0
git.example.com/infra/openbao-sdk-go/internal/jsondoc/json.go:73.4,73.17 1 0
git.example.com/infra/openbao-sdk-go/internal/jsondoc/json.go:74.12,76.17 2 0
git.example.com/infra/openbao-sdk-go/internal/jsondoc/json.go:76.17,78.17 2 0
git.example.com/infra/openbao-sdk-go/internal/jsondoc/json.go:78.17,80.6 1 0
git.example.com/infra/openbao-sdk-go/internal/jsondoc/json.go:81.5,81.21 1 0
git.example.com/infra/openbao-sdk-go/internal/jsondoc/json.go:83.4,84.42 2 0
git.example.com/infra/openbao-sdk-go/internal/jsondoc/json.go:84.42,86.5 1 0
git.example.com/infra/openbao-sdk-go/internal/jsondoc/json.go:87.4,87.17 1 0
git.example.com/infra/openbao-sdk-go/internal/jsondoc/json.go:88.11,89.26 1 0
git.example.com/infra/openbao-sdk-go/internal/jsondoc/json.go:92.2,92.20 1 0
git.example.com/infra/openbao-sdk-go/internal/jsondoc/json.go:93.38,94.18 1 0
git.example.com/infra/openbao-sdk-go/internal/jsondoc/json.go:95.10,96.25 1 0
git.example.com/infra/openbao-sdk-go/internal/jsondoc/json.go:99.49,101.14 2 0
git.example.com/infra/openbao-sdk-go/internal/jsondoc/json.go:101.14,103.3 1 0
git.example.com/infra/openbao-sdk-go/internal/jsondoc/json.go:104.2,104.32 1 0
git.example.com/infra/openbao-sdk-go/internal/pkiutil/parse.go:19.70,20.50 1 10
git.example.com/infra/openbao-sdk-go/internal/pkiutil/parse.go:20.50,22.3 1 2
git.example.com/infra/openbao-sdk-go/internal/pkiutil/parse.go:23.2,26.20 4 8
git.example.com/infra/openbao-sdk-go/internal/pkiutil/parse.go:26.20,27.88 1 74
git.example.com/infra/openbao-sdk-go/internal/pkiutil/parse.go:27.88,29.4 1 4
git.example.com/infra/openbao-sdk-go/internal/pkiutil/parse.go:30.3,31.65 2 70
git.example.com/infra/openbao-sdk-go/internal/pkiutil/parse.go:31.65,33.4 1 2
git.example.com/infra/openbao-sdk-go/internal/pkiutil/parse.go:34.3,35.104 2 68
git.example.com/infra/openbao-sdk-go/internal/pkiutil/parse.go:35.104,37.4 1 1
git.example.com/infra/openbao-sdk-go/internal/pkiutil/parse.go:38.3,40.31 3 67
git.example.com/infra/openbao-sdk-go/internal/pkiutil/parse.go:42.2,42.21 1 1
git.example.com/infra/openbao-sdk-go/internal/pkiutil/parse.go:42.21,44.3 1 0
git.example.com/infra/openbao-sdk-go/internal/pkiutil/parse.go:45.2,45.27 1 1
git.example.com/infra/openbao-sdk-go/internal/pkiutil/parse.go:47.56,48.50 1 0
git.example.com/infra/openbao-sdk-go/internal/pkiutil/parse.go:48.50,50.3 1 0
git.example.com/infra/openbao-sdk-go/internal/pkiutil/parse.go:51.2,52.152 2 0
git.example.com/infra/openbao-sdk-go/internal/pkiutil/parse.go:52.152,54.3 1 0
git.example.com/infra/openbao-sdk-go/internal/pkiutil/parse.go:55.2,56.146 2 0
git.example.com/infra/openbao-sdk-go/internal/pkiutil/parse.go:56.146,58.3 1 0
git.example.com/infra/openbao-sdk-go/internal/pkiutil/parse.go:59.2,60.45 2 0
git.example.com/infra/openbao-sdk-go/internal/pkiutil/parse.go:60.45,62.3 1 0
git.example.com/infra/openbao-sdk-go/internal/pkiutil/parse.go:63.2,63.17 1 0
git.example.com/infra/openbao-sdk-go/internal/pkiutil/parse.go:65.52,66.50 1 7
git.example.com/infra/openbao-sdk-go/internal/pkiutil/parse.go:66.50,68.3 1 2
git.example.com/infra/openbao-sdk-go/internal/pkiutil/parse.go:69.2,70.67 2 5
git.example.com/infra/openbao-sdk-go/internal/pkiutil/parse.go:70.67,72.3 1 1
git.example.com/infra/openbao-sdk-go/internal/pkiutil/parse.go:73.2,74.97 2 4
git.example.com/infra/openbao-sdk-go/internal/pkiutil/parse.go:74.97,76.3 1 2
git.example.com/infra/openbao-sdk-go/internal/pkiutil/parse.go:77.2,79.14 3 2
git.example.com/infra/openbao-sdk-go/internal/pkiutil/parse.go:79.14,81.3 1 1
git.example.com/infra/openbao-sdk-go/internal/pkiutil/parse.go:82.2,83.9 2 1
git.example.com/infra/openbao-sdk-go/internal/pkiutil/parse.go:83.9,85.3 1 0
git.example.com/infra/openbao-sdk-go/internal/pkiutil/parse.go:86.2,86.15 1 1
git.example.com/infra/openbao-sdk-go/internal/pkiutil/parse.go:88.32,90.14 2 3
git.example.com/infra/openbao-sdk-go/internal/pkiutil/parse.go:90.14,92.3 1 1
git.example.com/infra/openbao-sdk-go/internal/pkiutil/parse.go:93.2,94.38 2 2
git.example.com/infra/openbao-sdk-go/internal/pkiutil/parse.go:96.32,97.31 1 6
git.example.com/infra/openbao-sdk-go/internal/pkiutil/parse.go:97.31,99.3 1 2
git.example.com/infra/openbao-sdk-go/internal/pkiutil/parse.go:100.2,102.35 3 4
git.example.com/infra/openbao-sdk-go/internal/pkiutil/parse.go:102.35,104.3 1 6
git.example.com/infra/openbao-sdk-go/internal/pkiutil/parse.go:105.2,105.33 1 4
git.example.com/infra/openbao-sdk-go/internal/pkiutil/parse.go:107.48,108.62 1 13
git.example.com/infra/openbao-sdk-go/internal/pkiutil/parse.go:108.62,110.3 1 3
git.example.com/infra/openbao-sdk-go/internal/pkiutil/parse.go:111.2,112.30 2 10
git.example.com/infra/openbao-sdk-go/internal/pkiutil/parse.go:112.30,114.3 1 3
git.example.com/infra/openbao-sdk-go/internal/pkiutil/parse.go:115.2,115.30 1 10
git.example.com/infra/openbao-sdk-go/internal/pkiutil/parse.go:115.30,116.22 1 2
git.example.com/infra/openbao-sdk-go/internal/pkiutil/parse.go:116.22,118.4 1 1
git.example.com/infra/openbao-sdk-go/internal/pkiutil/parse.go:119.3,119.18 1 1
git.example.com/infra/openbao-sdk-go/internal/pkiutil/parse.go:121.2,122.21 2 9
git.example.com/infra/openbao-sdk-go/internal/pkiutil/parse.go:122.21,124.27 2 3
git.example.com/infra/openbao-sdk-go/internal/pkiutil/parse.go:124.27,125.19 1 5
git.example.com/infra/openbao-sdk-go/internal/pkiutil/parse.go:125.19,127.5 1 1
git.example.com/infra/openbao-sdk-go/internal/pkiutil/parse.go:129.3,129.32 1 2
git.example.com/infra/openbao-sdk-go/internal/pkiutil/parse.go:131.2,131.21 1 8
git.example.com/infra/openbao-sdk-go/internal/pkiutil/parse.go:131.21,133.3 1 2
git.example.com/infra/openbao-sdk-go/internal/pkiutil/parse.go:134.2,134.19 1 8
git.example.com/infra/openbao-sdk-go/internal/pkiutil/parse.go:134.19,136.3 1 1
git.example.com/infra/openbao-sdk-go/internal/pkiutil/parse.go:137.2,138.14 2 7
git.example.com/infra/openbao-sdk-go/internal/pkiutil/parse.go:138.14,140.3 1 1
git.example.com/infra/openbao-sdk-go/internal/pkiutil/parse.go:141.2,142.19 2 6
git.example.com/infra/openbao-sdk-go/internal/pkiutil/parse.go:142.19,144.3 1 2
git.example.com/infra/openbao-sdk-go/internal/pkiutil/parse.go:145.2,145.23 1 4
git.example.com/infra/openbao-sdk-go/internal/transitutil/encoding.go:29.53,30.45 1 0
git.example.com/infra/openbao-sdk-go/internal/transitutil/encoding.go:30.45,32.3 1 0
git.example.com/infra/openbao-sdk-go/internal/transitutil/encoding.go:33.2,34.87 2 0
git.example.com/infra/openbao-sdk-go/internal/transitutil/encoding.go:34.87,36.3 1 0
git.example.com/infra/openbao-sdk-go/internal/transitutil/encoding.go:37.2,38.59 2 0
git.example.com/infra/openbao-sdk-go/internal/transitutil/encoding.go:38.59,40.3 1 0
git.example.com/infra/openbao-sdk-go/internal/transitutil/encoding.go:41.2,42.81 2 0
git.example.com/infra/openbao-sdk-go/internal/transitutil/encoding.go:42.81,45.3 2 0
git.example.com/infra/openbao-sdk-go/internal/transitutil/encoding.go:46.2,46.18 1 0
git.example.com/infra/openbao-sdk-go/internal/transitutil/encoding.go:48.56,49.11 1 0
git.example.com/infra/openbao-sdk-go/internal/transitutil/encoding.go:50.57,51.14 1 0
git.example.com/infra/openbao-sdk-go/internal/transitutil/encoding.go:52.30,53.17 1 0
git.example.com/infra/openbao-sdk-go/internal/transitutil/encoding.go:55.2,55.14 1 0
git.example.com/infra/openbao-sdk-go/internal/transitutil/encoding.go:57.65,59.11 2 0
git.example.com/infra/openbao-sdk-go/internal/transitutil/encoding.go:60.35,62.37 2 0
git.example.com/infra/openbao-sdk-go/internal/transitutil/encoding.go:63.28,66.28 3 0
git.example.com/infra/openbao-sdk-go/internal/transitutil/encoding.go:67.30,68.31 1 0
git.example.com/infra/openbao-sdk-go/internal/transitutil/encoding.go:70.2,70.10 1 0
git.example.com/infra/openbao-sdk-go/internal/transitutil/encoding.go:72.55,73.11 1 0
git.example.com/infra/openbao-sdk-go/internal/transitutil/encoding.go:74.35,77.67 3 0
git.example.com/infra/openbao-sdk-go/internal/transitutil/encoding.go:77.67,79.4 1 0
git.example.com/infra/openbao-sdk-go/internal/transitutil/encoding.go:80.3,81.90 2 0
git.example.com/infra/openbao-sdk-go/internal/transitutil/encoding.go:82.28,83.41 1 0
git.example.com/infra/openbao-sdk-go/internal/transitutil/encoding.go:84.30,85.41 1 0
git.example.com/infra/openbao-sdk-go/internal/transitutil/encoding.go:87.2,87.14 1 0
git.example.com/infra/openbao-sdk-go/internal/transitutil/encoding.go:91.74,92.41 1 0
git.example.com/infra/openbao-sdk-go/internal/transitutil/encoding.go:92.41,94.3 1 0
git.example.com/infra/openbao-sdk-go/internal/transitutil/encoding.go:95.2,96.64 2 0
git.example.com/infra/openbao-sdk-go/internal/transitutil/encoding.go:96.64,98.98 2 0
git.example.com/infra/openbao-sdk-go/internal/transitutil/encoding.go:98.98,100.4 1 0
git.example.com/infra/openbao-sdk-go/internal/transitutil/encoding.go:101.3,101.29 1 0
git.example.com/infra/openbao-sdk-go/internal/transitutil/encoding.go:102.8,105.174 3 0
git.example.com/infra/openbao-sdk-go/internal/transitutil/encoding.go:105.174,107.4 1 0
git.example.com/infra/openbao-sdk-go/internal/transitutil/encoding.go:108.3,110.15 3 0
git.example.com/infra/openbao-sdk-go/internal/transitutil/encoding.go:110.15,112.4 1 0
git.example.com/infra/openbao-sdk-go/internal/transitutil/encoding.go:114.2,114.14 1 0
git.example.com/infra/openbao-sdk-go/internal/transitutil/encoding.go:115.20,117.72 2 0
git.example.com/infra/openbao-sdk-go/internal/transitutil/encoding.go:117.72,119.4 1 0
git.example.com/infra/openbao-sdk-go/internal/transitutil/encoding.go:120.42,123.73 3 0
git.example.com/infra/openbao-sdk-go/internal/transitutil/encoding.go:123.73,125.4 1 0
git.example.com/infra/openbao-sdk-go/internal/transitutil/encoding.go:126.17,127.60 1 0
git.example.com/infra/openbao-sdk-go/internal/transitutil/encoding.go:127.60,129.4 1 0
git.example.com/infra/openbao-sdk-go/internal/transitutil/encoding.go:130.10,131.36 1 0
git.example.com/infra/openbao-sdk-go/internal/transitutil/encoding.go:133.2,134.14 2 0
git.example.com/infra/openbao-sdk-go/internal/transitutil/encoding.go:134.14,136.3 1 0
git.example.com/infra/openbao-sdk-go/internal/transitutil/encoding.go:137.2,137.86 1 0
git.example.com/infra/openbao-sdk-go/internal/transitutil/encoding.go:139.54,140.11 1 0
git.example.com/infra/openbao-sdk-go/internal/transitutil/encoding.go:141.35,142.30 1 0
git.example.com/infra/openbao-sdk-go/internal/transitutil/encoding.go:143.28,144.72 1 0
git.example.com/infra/openbao-sdk-go/internal/transitutil/encoding.go:145.30,146.27 1 0
git.example.com/infra/openbao-sdk-go/internal/transitutil/encoding.go:148.2,148.14 1 0
git.example.com/infra/openbao-sdk-go/internal/transitutil/encoding.go:150.106,151.60 1 0
git.example.com/infra/openbao-sdk-go/internal/transitutil/encoding.go:151.60,153.3 1 0
git.example.com/infra/openbao-sdk-go/internal/transitutil/encoding.go:154.2,154.33 1 0
git.example.com/infra/openbao-sdk-go/internal/transitutil/encoding.go:154.33,157.3 2 0
git.example.com/infra/openbao-sdk-go/internal/transitutil/encoding.go:158.2,159.16 2 0
git.example.com/infra/openbao-sdk-go/internal/transitutil/encoding.go:159.16,162.3 2 0
git.example.com/infra/openbao-sdk-go/internal/transitutil/encoding.go:162.8,162.25 1 0
git.example.com/infra/openbao-sdk-go/internal/transitutil/encoding.go:162.25,164.3 1 0
git.example.com/infra/openbao-sdk-go/internal/transitutil/encoding.go:165.2,165.25 1 0
git.example.com/infra/openbao-sdk-go/internal/transitutil/encoding.go:166.24,167.73 1 0
git.example.com/infra/openbao-sdk-go/internal/transitutil/encoding.go:168.22,169.164 1 0
git.example.com/infra/openbao-sdk-go/internal/transitutil/encoding.go:171.2,171.14 1 0
git.example.com/infra/openbao-sdk-go/kv/document.go:18.47,20.14 2 0
git.example.com/infra/openbao-sdk-go/kv/document.go:20.14,22.3 1 0
git.example.com/infra/openbao-sdk-go/kv/document.go:23.2,24.27 2 0
git.example.com/infra/openbao-sdk-go/kv/document.go:26.50,27.43 1 0
git.example.com/infra/openbao-sdk-go/kv/document.go:27.43,29.3 1 0
git.example.com/infra/openbao-sdk-go/kv/document.go:30.2,30.52 1 0
git.example.com/infra/openbao-sdk-go/kv/document.go:32.41,35.19 3 0
git.example.com/infra/openbao-sdk-go/kv/document.go:35.19,37.3 1 0
git.example.com/infra/openbao-sdk-go/kv/document.go:38.2,40.40 3 0
git.example.com/infra/openbao-sdk-go/kv/document.go:40.40,42.3 1 0
git.example.com/infra/openbao-sdk-go/kv/document.go:43.2,43.12 1 0
git.example.com/infra/openbao-sdk-go/kv/document.go:45.39,45.68 1 0
git.example.com/infra/openbao-sdk-go/kv/document.go:46.27,47.14 1 0
git.example.com/infra/openbao-sdk-go/kv/document.go:47.14,49.3 1 0
git.example.com/infra/openbao-sdk-go/kv/document.go:51.54,51.77 1 0
git.example.com/infra/openbao-sdk-go/kv/document.go:52.54,52.77 1 0
git.example.com/infra/openbao-sdk-go/kv/document.go:53.54,53.100 1 0
git.example.com/infra/openbao-sdk-go/kv/document.go:54.54,54.95 1 0
git.example.com/infra/openbao-sdk-go/kv/document.go:55.49,57.2 1 0
git.example.com/infra/openbao-sdk-go/pki/validate.go:11.30,13.2 1 0
git.example.com/infra/openbao-sdk-go/pki/validate.go:16.36,17.40 1 0
git.example.com/infra/openbao-sdk-go/pki/validate.go:17.40,19.3 1 0
git.example.com/infra/openbao-sdk-go/pki/validate.go:20.2,20.12 1 0
git.example.com/infra/openbao-sdk-go/pki/validate.go:25.74,27.170 2 0
git.example.com/infra/openbao-sdk-go/pki/validate.go:27.170,29.3 1 0
git.example.com/infra/openbao-sdk-go/pki/validate.go:30.2,31.14 2 0
git.example.com/infra/openbao-sdk-go/pki/validate.go:31.14,33.3 1 0
git.example.com/infra/openbao-sdk-go/pki/validate.go:34.2,38.71 5 0
git.example.com/infra/openbao-sdk-go/pki/validate.go:38.71,40.3 1 0
git.example.com/infra/openbao-sdk-go/pki/validate.go:41.2,42.45 2 0
git.example.com/infra/openbao-sdk-go/pki/validate.go:42.45,44.15 2 0
git.example.com/infra/openbao-sdk-go/pki/validate.go:44.15,46.4 1 0
git.example.com/infra/openbao-sdk-go/pki/validate.go:47.3,47.24 1 0
git.example.com/infra/openbao-sdk-go/pki/validate.go:47.24,48.15 1 0
git.example.com/infra/openbao-sdk-go/pki/validate.go:48.15,50.5 1 0
git.example.com/infra/openbao-sdk-go/pki/validate.go:51.4,51.20 1 0
git.example.com/infra/openbao-sdk-go/pki/validate.go:54.2,55.30 2 0
git.example.com/infra/openbao-sdk-go/pki/validate.go:55.30,57.3 1 0
git.example.com/infra/openbao-sdk-go/pki/validate.go:58.2,59.46 2 0
git.example.com/infra/openbao-sdk-go/pki/validate.go:59.46,61.3 1 0
git.example.com/infra/openbao-sdk-go/pki/validate.go:62.2,62.25 1 0
git.example.com/infra/openbao-sdk-go/pki/validate.go:62.25,64.3 1 0
git.example.com/infra/openbao-sdk-go/pki/validate.go:65.2,65.32 1 0
git.example.com/infra/openbao-sdk-go/pki/validate.go:65.32,67.15 2 0
git.example.com/infra/openbao-sdk-go/pki/validate.go:67.15,69.4 1 0
git.example.com/infra/openbao-sdk-go/pki/validate.go:70.3,70.24 1 0
git.example.com/infra/openbao-sdk-go/pki/validate.go:70.24,72.4 1 0
git.example.com/infra/openbao-sdk-go/pki/validate.go:74.2,75.18 2 0
git.example.com/infra/openbao-sdk-go/pki/validate.go:75.18,77.3 1 0
git.example.com/infra/openbao-sdk-go/pki/validate.go:78.2,78.113 1 0
git.example.com/infra/openbao-sdk-go/pki/validate.go:78.113,80.3 1 0
git.example.com/infra/openbao-sdk-go/pki/validate.go:81.2,81.193 1 0
git.example.com/infra/openbao-sdk-go/pki/validate.go:81.193,83.3 1 0
git.example.com/infra/openbao-sdk-go/pki/validate.go:84.2,84.43 1 0
git.example.com/infra/openbao-sdk-go/pki/validate.go:84.43,86.62 2 0
git.example.com/infra/openbao-sdk-go/pki/validate.go:86.62,88.4 1 0
git.example.com/infra/openbao-sdk-go/pki/validate.go:90.2,90.77 1 0
git.example.com/infra/openbao-sdk-go/pki/validate.go:90.77,92.3 1 0
git.example.com/infra/openbao-sdk-go/pki/validate.go:93.2,93.42 1 0
git.example.com/infra/openbao-sdk-go/pki/validate.go:93.42,95.40 2 0
git.example.com/infra/openbao-sdk-go/pki/validate.go:95.40,96.39 1 0
git.example.com/infra/openbao-sdk-go/pki/validate.go:96.39,98.5 1 0
git.example.com/infra/openbao-sdk-go/pki/validate.go:100.3,100.13 1 0
git.example.com/infra/openbao-sdk-go/pki/validate.go:100.13,102.4 1 0
git.example.com/infra/openbao-sdk-go/pki/validate.go:104.2,104.42 1 0
git.example.com/infra/openbao-sdk-go/pki/validate.go:104.42,106.36 2 0
git.example.com/infra/openbao-sdk-go/pki/validate.go:106.36,107.31 1 0
git.example.com/infra/openbao-sdk-go/pki/validate.go:107.31,109.5 1 0
git.example.com/infra/openbao-sdk-go/pki/validate.go:111.3,111.13 1 0
git.example.com/infra/openbao-sdk-go/pki/validate.go:111.13,113.4 1 0
git.example.com/infra/openbao-sdk-go/pki/validate.go:115.2,115.44 1 0
git.example.com/infra/openbao-sdk-go/pki/validate.go:115.44,116.156 1 0
git.example.com/infra/openbao-sdk-go/pki/validate.go:116.156,118.4 1 0
git.example.com/infra/openbao-sdk-go/pki/validate.go:120.2,120.12 1 0
git.example.com/infra/openbao-sdk-go/sensitive/bytes.go:22.35,22.102 1 0
git.example.com/infra/openbao-sdk-go/sensitive/bytes.go:23.36,24.19 1 0
git.example.com/infra/openbao-sdk-go/sensitive/bytes.go:24.19,26.3 1 0
git.example.com/infra/openbao-sdk-go/sensitive/bytes.go:27.2,29.45 3 0
git.example.com/infra/openbao-sdk-go/sensitive/bytes.go:31.24,32.31 1 0
git.example.com/infra/openbao-sdk-go/sensitive/bytes.go:32.31,34.3 1 0
git.example.com/infra/openbao-sdk-go/sensitive/bytes.go:35.2,38.20 4 0
git.example.com/infra/openbao-sdk-go/sensitive/bytes.go:40.26,41.19 1 0
git.example.com/infra/openbao-sdk-go/sensitive/bytes.go:41.19,43.3 1 0
git.example.com/infra/openbao-sdk-go/sensitive/bytes.go:44.2,46.26 3 0
git.example.com/infra/openbao-sdk-go/sensitive/bytes.go:48.51,48.74 1 0
git.example.com/infra/openbao-sdk-go/sensitive/bytes.go:49.51,49.74 1 0
git.example.com/infra/openbao-sdk-go/sensitive/bytes.go:50.51,50.97 1 0
git.example.com/infra/openbao-sdk-go/sensitive/bytes.go:51.51,51.92 1 0
git.example.com/infra/openbao-sdk-go/sensitive/bytes.go:52.46,54.2 1 0
git.example.com/infra/openbao-sdk-go/auth/providers.go:27.41,29.2 1 0
git.example.com/infra/openbao-sdk-go/auth/providers.go:30.48,31.16 1 0
git.example.com/infra/openbao-sdk-go/auth/providers.go:31.16,33.3 1 0
git.example.com/infra/openbao-sdk-go/auth/providers.go:34.2,34.35 1 0
git.example.com/infra/openbao-sdk-go/auth/providers.go:34.35,36.3 1 0
git.example.com/infra/openbao-sdk-go/auth/providers.go:37.2,37.43 1 0
git.example.com/infra/openbao-sdk-go/auth/providers.go:37.43,39.3 1 0
git.example.com/infra/openbao-sdk-go/auth/providers.go:40.2,40.12 1 0
git.example.com/infra/openbao-sdk-go/auth/providers.go:42.37,43.48 1 0
git.example.com/infra/openbao-sdk-go/auth/providers.go:43.48,45.3 1 0
git.example.com/infra/openbao-sdk-go/auth/providers.go:46.2,46.22 1 0
git.example.com/infra/openbao-sdk-go/auth/providers.go:46.22,47.24 1 0
git.example.com/infra/openbao-sdk-go/auth/providers.go:47.24,49.4 1 0
git.example.com/infra/openbao-sdk-go/auth/providers.go:51.2,51.13 1 0
git.example.com/infra/openbao-sdk-go/auth/providers.go:53.47,54.31 1 0
git.example.com/infra/openbao-sdk-go/auth/providers.go:54.31,54.89 1 0
git.example.com/infra/openbao-sdk-go/auth/providers.go:55.2,55.30 1 0
git.example.com/infra/openbao-sdk-go/auth/providers.go:55.30,57.3 1 0
git.example.com/infra/openbao-sdk-go/auth/providers.go:58.2,60.44 3 0
git.example.com/infra/openbao-sdk-go/auth/providers.go:69.67,72.27 3 0
git.example.com/infra/openbao-sdk-go/auth/providers.go:72.27,74.3 1 0
git.example.com/infra/openbao-sdk-go/auth/providers.go:75.2,76.16 2 0
git.example.com/infra/openbao-sdk-go/auth/providers.go:76.16,78.3 1 0
git.example.com/infra/openbao-sdk-go/auth/providers.go:79.2,79.73 1 0
git.example.com/infra/openbao-sdk-go/auth/providers.go:81.76,82.44 1 0
git.example.com/infra/openbao-sdk-go/auth/providers.go:82.44,84.3 1 0
git.example.com/infra/openbao-sdk-go/auth/providers.go:85.2,87.85 3 0
git.example.com/infra/openbao-sdk-go/auth/providers.go:96.38,98.2 1 0
git.example.com/infra/openbao-sdk-go/auth/providers.go:102.55,103.26 1 0
git.example.com/infra/openbao-sdk-go/auth/providers.go:103.26,105.3 1 0
git.example.com/infra/openbao-sdk-go/auth/providers.go:106.2,106.36 1 0
git.example.com/infra/openbao-sdk-go/auth/providers.go:108.78,109.83 1 0
git.example.com/infra/openbao-sdk-go/auth/providers.go:109.83,111.3 1 0
git.example.com/infra/openbao-sdk-go/auth/providers.go:112.2,112.49 1 0
git.example.com/infra/openbao-sdk-go/auth/providers.go:114.88,115.44 1 0
git.example.com/infra/openbao-sdk-go/auth/providers.go:115.44,117.3 1 0
git.example.com/infra/openbao-sdk-go/auth/providers.go:120.2,121.42 2 0
git.example.com/infra/openbao-sdk-go/auth/providers.go:121.42,123.3 1 0
git.example.com/infra/openbao-sdk-go/auth/providers.go:124.2,125.16 2 0
git.example.com/infra/openbao-sdk-go/auth/providers.go:125.16,127.3 1 0
git.example.com/infra/openbao-sdk-go/auth/providers.go:128.2,130.76 3 0
git.example.com/infra/openbao-sdk-go/auth/providers.go:130.76,132.3 1 0
git.example.com/infra/openbao-sdk-go/auth/providers.go:133.2,135.49 3 0
git.example.com/infra/openbao-sdk-go/auth/providers.go:135.49,137.3 1 0
git.example.com/infra/openbao-sdk-go/auth/providers.go:138.2,138.43 1 0
git.example.com/infra/openbao-sdk-go/auth/providers.go:138.43,140.3 1 0
git.example.com/infra/openbao-sdk-go/auth/providers.go:141.2,142.29 2 0
git.example.com/infra/openbao-sdk-go/auth/providers.go:142.29,144.3 1 0
git.example.com/infra/openbao-sdk-go/auth/providers.go:145.2,146.16 2 0
git.example.com/infra/openbao-sdk-go/auth/providers.go:146.16,148.3 1 0
git.example.com/infra/openbao-sdk-go/auth/providers.go:149.2,149.42 1 0
git.example.com/infra/openbao-sdk-go/auth/providers.go:151.74,153.16 2 0
git.example.com/infra/openbao-sdk-go/auth/providers.go:153.16,155.3 1 0
git.example.com/infra/openbao-sdk-go/auth/providers.go:156.2,156.52 1 0
git.example.com/infra/openbao-sdk-go/auth/providers.go:158.79,160.16 2 0
git.example.com/infra/openbao-sdk-go/auth/providers.go:160.16,162.3 1 0
git.example.com/infra/openbao-sdk-go/auth/providers.go:163.2,163.70 1 0
git.example.com/infra/openbao-sdk-go/baoerr/error.go:49.32,50.14 1 0
git.example.com/infra/openbao-sdk-go/baoerr/error.go:50.14,52.3 1 0
git.example.com/infra/openbao-sdk-go/baoerr/error.go:53.2,53.43 1 0
git.example.com/infra/openbao-sdk-go/baoerr/error.go:55.32,56.14 1 2
git.example.com/infra/openbao-sdk-go/baoerr/error.go:56.14,58.3 1 0
git.example.com/infra/openbao-sdk-go/baoerr/error.go:59.2,59.16 1 2
git.example.com/infra/openbao-sdk-go/baoerr/error.go:60.20,61.26 1 1
git.example.com/infra/openbao-sdk-go/baoerr/error.go:62.28,63.34 1 1
git.example.com/infra/openbao-sdk-go/baoerr/error.go:65.2,65.12 1 0
git.example.com/infra/openbao-sdk-go/baoerr/error.go:67.42,70.2 2 7
git.example.com/infra/openbao-sdk-go/baoerr/error.go:71.40,74.2 2 10
git.example.com/infra/openbao-sdk-go/baoerr/error.go:75.45,75.65 1 0
git.example.com/infra/openbao-sdk-go/baoerr/error.go:76.45,76.65 1 0
git.example.com/infra/openbao-sdk-go/baoerr/error.go:77.45,77.84 1 0
git.example.com/infra/openbao-sdk-go/baoerr/error.go:78.45,78.83 1 0
git.example.com/infra/openbao-sdk-go/baoerr/error.go:79.47,80.14 1 0
git.example.com/infra/openbao-sdk-go/baoerr/error.go:80.14,82.3 1 0
git.example.com/infra/openbao-sdk-go/baoerr/error.go:83.2,89.81 1 0
git.example.com/infra/openbao-sdk-go/baoerr/error.go:91.32,92.11 1 0
git.example.com/infra/openbao-sdk-go/baoerr/error.go:93.281,94.11 1 0
git.example.com/infra/openbao-sdk-go/baoerr/error.go:96.2,96.20 1 0
git.example.com/infra/openbao-sdk-go/baoerr/error.go:98.34,99.11 1 0
git.example.com/infra/openbao-sdk-go/baoerr/error.go:100.50,101.11 1 0
git.example.com/infra/openbao-sdk-go/baoerr/error.go:103.2,103.22 1 0
git.example.com/infra/openbao-sdk-go/internal/authn/approle.go:16.55,20.26 4 0
git.example.com/infra/openbao-sdk-go/internal/authn/approle.go:20.26,22.3 1 0
git.example.com/infra/openbao-sdk-go/internal/authn/approle.go:23.2,24.16 2 0
git.example.com/infra/openbao-sdk-go/internal/authn/approle.go:24.16,26.3 1 0
git.example.com/infra/openbao-sdk-go/internal/authn/approle.go:27.2,31.184 5 0
git.example.com/infra/openbao-sdk-go/internal/authn/approle.go:31.184,33.3 1 0
git.example.com/infra/openbao-sdk-go/internal/authn/approle.go:34.2,34.40 1 0
git.example.com/infra/openbao-sdk-go/internal/authn/approle.go:34.40,36.3 1 0
git.example.com/infra/openbao-sdk-go/internal/authn/approle.go:37.2,37.40 1 0
git.example.com/infra/openbao-sdk-go/internal/authn/approle.go:37.40,40.12 3 0
git.example.com/infra/openbao-sdk-go/internal/authn/approle.go:40.12,42.4 1 0
git.example.com/infra/openbao-sdk-go/internal/authn/approle.go:43.3,44.11 2 0
git.example.com/infra/openbao-sdk-go/internal/authn/approle.go:44.11,46.4 1 0
git.example.com/infra/openbao-sdk-go/internal/authn/approle.go:48.2,49.16 2 0
git.example.com/infra/openbao-sdk-go/internal/authn/approle.go:49.16,51.3 1 0
git.example.com/infra/openbao-sdk-go/internal/authn/approle.go:52.2,54.17 3 0
git.example.com/infra/openbao-sdk-go/internal/authn/approle.go:54.17,56.3 1 0
git.example.com/infra/openbao-sdk-go/internal/authn/approle.go:57.2,57.16 1 0
git.example.com/infra/openbao-sdk-go/internal/authn/approle.go:57.16,59.3 1 0
git.example.com/infra/openbao-sdk-go/internal/authn/approle.go:60.2,60.57 1 0
git.example.com/infra/openbao-sdk-go/internal/authn/approle.go:62.81,66.189 4 0
git.example.com/infra/openbao-sdk-go/internal/authn/approle.go:66.189,66.218 1 0
git.example.com/infra/openbao-sdk-go/internal/authn/approle.go:67.2,67.17 1 0
git.example.com/infra/openbao-sdk-go/internal/authn/approle.go:67.17,69.3 1 0
git.example.com/infra/openbao-sdk-go/internal/authn/approle.go:70.2,70.16 1 0
git.example.com/infra/openbao-sdk-go/internal/authn/approle.go:70.16,72.3 1 0
git.example.com/infra/openbao-sdk-go/internal/authn/approle.go:73.2,73.57 1 0
git.example.com/infra/openbao-sdk-go/internal/authn/approle.go:75.110,77.16 2 0
git.example.com/infra/openbao-sdk-go/internal/authn/approle.go:77.16,79.3 1 0
git.example.com/infra/openbao-sdk-go/internal/authn/approle.go:80.2,81.9 2 0
git.example.com/infra/openbao-sdk-go/internal/authn/approle.go:81.9,83.3 1 0
git.example.com/infra/openbao-sdk-go/internal/authn/approle.go:84.2,85.40 2 0
git.example.com/infra/openbao-sdk-go/internal/authn/approle.go:85.40,87.3 1 0
git.example.com/infra/openbao-sdk-go/internal/authn/approle.go:88.2,89.70 2 0
git.example.com/infra/openbao-sdk-go/internal/authn/approle.go:89.70,91.3 1 0
git.example.com/infra/openbao-sdk-go/internal/authn/approle.go:92.2,93.9 2 0
git.example.com/infra/openbao-sdk-go/internal/authn/approle.go:93.9,95.3 1 0
git.example.com/infra/openbao-sdk-go/internal/authn/approle.go:96.2,96.43 1 0
git.example.com/infra/openbao-sdk-go/internal/authn/approle.go:96.43,98.20 2 0
git.example.com/infra/openbao-sdk-go/internal/authn/approle.go:98.20,100.4 1 0
git.example.com/infra/openbao-sdk-go/internal/authn/approle.go:102.2,105.20 4 0
git.example.com/infra/openbao-sdk-go/internal/authn/approle.go:105.20,107.3 1 0
git.example.com/infra/openbao-sdk-go/internal/authn/approle.go:108.2,111.14 4 0
git.example.com/infra/openbao-sdk-go/internal/authn/approle.go:111.14,114.3 2 0
git.example.com/infra/openbao-sdk-go/internal/authn/approle.go:115.2,115.45 1 0
git.example.com/infra/openbao-sdk-go/internal/authn/approle.go:115.45,118.3 2 0
git.example.com/infra/openbao-sdk-go/internal/authn/approle.go:119.2,129.12 10 0
git.example.com/infra/openbao-sdk-go/internal/authn/clock.go:15.50,15.71 1 0
git.example.com/infra/openbao-sdk-go/internal/authn/clock.go:16.50,16.88 1 0
git.example.com/infra/openbao-sdk-go/internal/authn/clock.go:20.41,20.57 1 0
git.example.com/infra/openbao-sdk-go/internal/authn/clock.go:21.41,21.62 1 0
git.example.com/infra/openbao-sdk-go/internal/authn/manager.go:44.67,45.18 1 0
git.example.com/infra/openbao-sdk-go/internal/authn/manager.go:45.18,47.3 1 0
git.example.com/infra/openbao-sdk-go/internal/authn/manager.go:48.2,48.85 1 0
git.example.com/infra/openbao-sdk-go/internal/authn/manager.go:50.45,51.16 1 0
git.example.com/infra/openbao-sdk-go/internal/authn/manager.go:51.16,53.3 1 0
git.example.com/infra/openbao-sdk-go/internal/authn/manager.go:54.2,54.19 1 0
git.example.com/infra/openbao-sdk-go/internal/authn/manager.go:55.24,56.77 1 0
git.example.com/infra/openbao-sdk-go/internal/authn/manager.go:57.32,58.85 1 0
git.example.com/infra/openbao-sdk-go/internal/authn/manager.go:60.2,60.12 1 0
git.example.com/infra/openbao-sdk-go/internal/authn/manager.go:62.47,63.37 1 0
git.example.com/infra/openbao-sdk-go/internal/authn/manager.go:63.37,65.3 1 0
git.example.com/infra/openbao-sdk-go/internal/authn/manager.go:66.2,66.88 1 0
git.example.com/infra/openbao-sdk-go/internal/authn/manager.go:68.33,69.36 1 0
git.example.com/infra/openbao-sdk-go/internal/authn/manager.go:69.36,71.3 1 0
git.example.com/infra/openbao-sdk-go/internal/authn/manager.go:72.2,72.22 1 0
git.example.com/infra/openbao-sdk-go/internal/authn/manager.go:72.22,73.24 1 0
git.example.com/infra/openbao-sdk-go/internal/authn/manager.go:73.24,75.4 1 0
git.example.com/infra/openbao-sdk-go/internal/authn/manager.go:77.2,77.13 1 0
git.example.com/infra/openbao-sdk-go/internal/authn/manager.go:79.101,80.15 1 0
git.example.com/infra/openbao-sdk-go/internal/authn/manager.go:80.15,81.23 1 0
git.example.com/infra/openbao-sdk-go/internal/authn/manager.go:81.23,83.4 1 0
git.example.com/infra/openbao-sdk-go/internal/authn/manager.go:85.2,85.24 1 0
git.example.com/infra/openbao-sdk-go/internal/authn/manager.go:87.108,88.15 1 0
git.example.com/infra/openbao-sdk-go/internal/authn/manager.go:88.15,89.23 1 0
git.example.com/infra/openbao-sdk-go/internal/authn/manager.go:89.23,91.4 1 0
git.example.com/infra/openbao-sdk-go/internal/authn/manager.go:93.2,93.23 1 0
git.example.com/infra/openbao-sdk-go/internal/authn/manager.go:95.67,96.37 1 0
git.example.com/infra/openbao-sdk-go/internal/authn/manager.go:96.37,98.3 1 0
git.example.com/infra/openbao-sdk-go/internal/authn/manager.go:99.2,100.14 2 0
git.example.com/infra/openbao-sdk-go/internal/authn/manager.go:100.14,103.3 2 0
git.example.com/infra/openbao-sdk-go/internal/authn/manager.go:104.2,105.38 2 0
git.example.com/infra/openbao-sdk-go/internal/authn/manager.go:105.38,107.17 2 0
git.example.com/infra/openbao-sdk-go/internal/authn/manager.go:107.17,111.4 3 0
git.example.com/infra/openbao-sdk-go/internal/authn/manager.go:112.3,114.89 3 0
git.example.com/infra/openbao-sdk-go/internal/authn/manager.go:114.89,118.4 3 0
git.example.com/infra/openbao-sdk-go/internal/authn/manager.go:119.3,119.38 1 0
git.example.com/infra/openbao-sdk-go/internal/authn/manager.go:119.38,121.4 1 0
git.example.com/infra/openbao-sdk-go/internal/authn/manager.go:122.3,123.26 2 0
git.example.com/infra/openbao-sdk-go/internal/authn/manager.go:125.2,127.14 3 0
git.example.com/infra/openbao-sdk-go/internal/authn/manager.go:127.14,129.3 1 0
git.example.com/infra/openbao-sdk-go/internal/authn/manager.go:130.2,130.60 1 0
git.example.com/infra/openbao-sdk-go/internal/authn/manager.go:130.60,132.3 1 0
git.example.com/infra/openbao-sdk-go/internal/authn/manager.go:133.2,135.25 3 0
git.example.com/infra/openbao-sdk-go/internal/authn/manager.go:137.71,143.2 5 0
git.example.com/infra/openbao-sdk-go/internal/authn/manager.go:144.51,148.19 4 0
git.example.com/infra/openbao-sdk-go/internal/authn/manager.go:148.19,150.40 2 0
git.example.com/infra/openbao-sdk-go/internal/authn/manager.go:150.40,152.4 1 0
git.example.com/infra/openbao-sdk-go/internal/authn/manager.go:154.2,154.14 1 0
git.example.com/infra/openbao-sdk-go/internal/authn/manager.go:154.14,157.3 2 0
git.example.com/infra/openbao-sdk-go/internal/authn/manager.go:158.2,159.38 2 0
git.example.com/infra/openbao-sdk-go/internal/authn/manager.go:159.38,162.3 2 0
git.example.com/infra/openbao-sdk-go/internal/authn/manager.go:162.8,164.3 1 0
git.example.com/infra/openbao-sdk-go/internal/authn/manager.go:165.2,165.21 1 0
git.example.com/infra/openbao-sdk-go/internal/authn/manager.go:165.21,168.3 2 0
git.example.com/infra/openbao-sdk-go/internal/authn/manager.go:169.2,169.13 1 0
git.example.com/infra/openbao-sdk-go/internal/authn/manager.go:169.13,170.20 1 0
git.example.com/infra/openbao-sdk-go/internal/authn/manager.go:170.20,172.4 1 0
git.example.com/infra/openbao-sdk-go/internal/authn/manager.go:172.9,174.4 1 0
git.example.com/infra/openbao-sdk-go/internal/authn/manager.go:176.2,176.10 1 0
git.example.com/infra/openbao-sdk-go/internal/authn/manager.go:181.54,182.37 1 0
git.example.com/infra/openbao-sdk-go/internal/authn/manager.go:182.37,184.3 1 0
git.example.com/infra/openbao-sdk-go/internal/authn/manager.go:185.2,185.38 1 0
git.example.com/infra/openbao-sdk-go/internal/authn/manager.go:185.38,188.3 2 0
git.example.com/infra/openbao-sdk-go/internal/authn/manager.go:189.2,190.14 2 0
git.example.com/infra/openbao-sdk-go/internal/authn/manager.go:190.14,193.3 2 0
git.example.com/infra/openbao-sdk-go/internal/authn/manager.go:194.2,194.33 1 0
git.example.com/infra/openbao-sdk-go/internal/authn/manager.go:194.33,196.10 2 0
git.example.com/infra/openbao-sdk-go/internal/authn/manager.go:197.17,198.16 1 0
git.example.com/infra/openbao-sdk-go/internal/authn/manager.go:199.21,200.27 1 0
git.example.com/infra/openbao-sdk-go/internal/authn/manager.go:203.2,204.44 2 0
git.example.com/infra/openbao-sdk-go/internal/authn/manager.go:204.44,208.3 3 0
git.example.com/infra/openbao-sdk-go/internal/authn/manager.go:209.2,217.11 9 0
git.example.com/infra/openbao-sdk-go/internal/authn/manager.go:217.11,219.3 1 0
git.example.com/infra/openbao-sdk-go/internal/authn/manager.go:219.8,221.3 1 0
git.example.com/infra/openbao-sdk-go/internal/authn/manager.go:222.2,223.16 2 0
git.example.com/infra/openbao-sdk-go/internal/authn/manager.go:223.16,227.22 4 0
git.example.com/infra/openbao-sdk-go/internal/authn/manager.go:227.22,229.4 1 0
git.example.com/infra/openbao-sdk-go/internal/authn/manager.go:231.3,233.170 3 0
git.example.com/infra/openbao-sdk-go/internal/authn/manager.go:233.170,235.4 1 0
git.example.com/infra/openbao-sdk-go/internal/authn/manager.go:237.2,241.12 5 0
git.example.com/infra/openbao-sdk-go/internal/authn/manager.go:245.50,246.37 1 0
git.example.com/infra/openbao-sdk-go/internal/authn/manager.go:246.37,248.3 1 0
git.example.com/infra/openbao-sdk-go/internal/authn/manager.go:249.2,249.38 1 0
git.example.com/infra/openbao-sdk-go/internal/authn/manager.go:249.38,251.3 1 0
git.example.com/infra/openbao-sdk-go/internal/authn/manager.go:252.2,252.6 1 0
git.example.com/infra/openbao-sdk-go/internal/authn/manager.go:252.6,254.15 2 0
git.example.com/infra/openbao-sdk-go/internal/authn/manager.go:254.15,257.4 2 0
git.example.com/infra/openbao-sdk-go/internal/authn/manager.go:258.3,258.38 1 0
git.example.com/infra/openbao-sdk-go/internal/authn/manager.go:258.38,259.11 1 0
git.example.com/infra/openbao-sdk-go/internal/authn/manager.go:260.16,263.24 3 0
git.example.com/infra/openbao-sdk-go/internal/authn/manager.go:264.12,265.59 1 0
git.example.com/infra/openbao-sdk-go/internal/authn/manager.go:265.59,268.6 2 0
git.example.com/infra/openbao-sdk-go/internal/authn/manager.go:269.5,270.12 2 0
git.example.com/infra/openbao-sdk-go/internal/authn/manager.go:271.17,272.14 1 0
git.example.com/infra/openbao-sdk-go/internal/authn/manager.go:273.23,274.29 1 0
git.example.com/infra/openbao-sdk-go/internal/authn/manager.go:278.3,278.38 1 0
git.example.com/infra/openbao-sdk-go/internal/authn/manager.go:278.38,281.4 2 0
git.example.com/infra/openbao-sdk-go/internal/authn/manager.go:282.3,288.13 7 0
git.example.com/infra/openbao-sdk-go/internal/authn/manager.go:288.13,288.46 2 0
git.example.com/infra/openbao-sdk-go/internal/authn/manager.go:289.3,289.13 1 0
git.example.com/infra/openbao-sdk-go/internal/authn/manager.go:292.44,293.6 1 0
git.example.com/infra/openbao-sdk-go/internal/authn/manager.go:293.6,300.17 7 0
git.example.com/infra/openbao-sdk-go/internal/authn/manager.go:300.17,302.4 1 0
git.example.com/infra/openbao-sdk-go/internal/authn/manager.go:303.3,303.48 1 0
git.example.com/infra/openbao-sdk-go/internal/authn/manager.go:303.48,305.4 1 0
git.example.com/infra/openbao-sdk-go/internal/authn/manager.go:306.3,307.10 2 0
git.example.com/infra/openbao-sdk-go/internal/authn/manager.go:308.21,310.10 2 0
git.example.com/infra/openbao-sdk-go/internal/authn/manager.go:311.20,312.16 1 0
git.example.com/infra/openbao-sdk-go/internal/authn/manager.go:314.3,314.23 1 0
git.example.com/infra/openbao-sdk-go/internal/authn/manager.go:314.23,316.4 1 0
git.example.com/infra/openbao-sdk-go/internal/authn/manager.go:317.3,317.21 1 0
git.example.com/infra/openbao-sdk-go/internal/authn/manager.go:322.51,323.37 1 0
git.example.com/infra/openbao-sdk-go/internal/authn/manager.go:323.37,325.26 2 0
git.example.com/infra/openbao-sdk-go/internal/authn/manager.go:325.26,327.4 1 0
git.example.com/infra/openbao-sdk-go/internal/authn/manager.go:328.3,329.11 2 0
git.example.com/infra/openbao-sdk-go/internal/authn/manager.go:331.2,334.19 4 0
git.example.com/infra/openbao-sdk-go/internal/authn/manager.go:334.19,336.3 1 0
git.example.com/infra/openbao-sdk-go/internal/authn/manager.go:337.2,337.17 1 0
git.example.com/infra/openbao-sdk-go/internal/authn/manager.go:337.17,339.3 1 0
git.example.com/infra/openbao-sdk-go/internal/authn/manager.go:340.2,340.9 1 0
git.example.com/infra/openbao-sdk-go/internal/authn/manager.go:341.14,342.13 1 0
git.example.com/infra/openbao-sdk-go/internal/authn/manager.go:343.20,344.26 1 0
git.example.com/infra/openbao-sdk-go/internal/authn/manager.go:349.26,354.25 5 0
git.example.com/infra/openbao-sdk-go/internal/authn/manager.go:354.25,356.3 1 0
git.example.com/infra/openbao-sdk-go/internal/engine/client.go:35.56,37.2 1 5
git.example.com/infra/openbao-sdk-go/internal/engine/client.go:38.43,38.78 1 0
git.example.com/infra/openbao-sdk-go/internal/engine/client.go:39.55,40.12 1 6
git.example.com/infra/openbao-sdk-go/internal/engine/client.go:41.28,42.28 1 1
git.example.com/infra/openbao-sdk-go/internal/engine/client.go:43.20,44.28 1 0
git.example.com/infra/openbao-sdk-go/internal/engine/client.go:45.18,46.28 1 0
git.example.com/infra/openbao-sdk-go/internal/engine/client.go:48.2,48.29 1 5
git.example.com/infra/openbao-sdk-go/internal/engine/client.go:50.79,52.26 2 6
git.example.com/infra/openbao-sdk-go/internal/engine/client.go:52.26,54.3 1 0
git.example.com/infra/openbao-sdk-go/internal/engine/client.go:55.2,56.17 2 6
git.example.com/infra/openbao-sdk-go/internal/engine/client.go:56.17,58.3 1 0
git.example.com/infra/openbao-sdk-go/internal/engine/client.go:59.2,59.27 1 6
git.example.com/infra/openbao-sdk-go/internal/engine/client.go:59.27,61.3 1 0
git.example.com/infra/openbao-sdk-go/internal/engine/client.go:62.2,62.77 1 6
git.example.com/infra/openbao-sdk-go/internal/engine/client.go:62.77,64.3 1 0
git.example.com/infra/openbao-sdk-go/internal/engine/client.go:65.2,65.24 1 6
git.example.com/infra/openbao-sdk-go/internal/engine/client.go:65.24,66.54 1 5
git.example.com/infra/openbao-sdk-go/internal/engine/client.go:66.54,68.4 1 0
git.example.com/infra/openbao-sdk-go/internal/engine/client.go:70.2,72.22 3 6
git.example.com/infra/openbao-sdk-go/internal/engine/client.go:72.22,74.3 1 1
git.example.com/infra/openbao-sdk-go/internal/engine/client.go:75.2,75.51 1 5
git.example.com/infra/openbao-sdk-go/internal/engine/client.go:75.51,76.10 1 5
git.example.com/infra/openbao-sdk-go/internal/engine/client.go:77.30,78.17 1 5
git.example.com/infra/openbao-sdk-go/internal/engine/client.go:78.17,78.30 1 5
git.example.com/infra/openbao-sdk-go/internal/engine/client.go:79.21,80.68 1 0
git.example.com/infra/openbao-sdk-go/internal/engine/client.go:83.2,84.24 2 5
git.example.com/infra/openbao-sdk-go/internal/engine/client.go:84.24,86.3 1 1
git.example.com/infra/openbao-sdk-go/internal/engine/client.go:87.2,87.33 1 5
git.example.com/infra/openbao-sdk-go/internal/engine/client.go:87.33,88.23 1 7
git.example.com/infra/openbao-sdk-go/internal/engine/client.go:88.23,90.4 1 0
git.example.com/infra/openbao-sdk-go/internal/engine/client.go:91.3,92.26 2 7
git.example.com/infra/openbao-sdk-go/internal/engine/client.go:92.26,95.18 3 7
git.example.com/infra/openbao-sdk-go/internal/engine/client.go:95.18,96.25 1 0
git.example.com/infra/openbao-sdk-go/internal/engine/client.go:96.25,98.6 1 0
git.example.com/infra/openbao-sdk-go/internal/engine/client.go:99.5,100.41 2 0
git.example.com/infra/openbao-sdk-go/internal/engine/client.go:100.41,102.6 1 0
git.example.com/infra/openbao-sdk-go/internal/engine/client.go:103.5,103.96 1 0
git.example.com/infra/openbao-sdk-go/internal/engine/client.go:105.4,105.26 1 7
git.example.com/infra/openbao-sdk-go/internal/engine/client.go:105.26,107.5 1 0
git.example.com/infra/openbao-sdk-go/internal/engine/client.go:108.9,108.59 1 0
git.example.com/infra/openbao-sdk-go/internal/engine/client.go:108.59,110.4 1 0
git.example.com/infra/openbao-sdk-go/internal/engine/client.go:111.3,111.23 1 7
git.example.com/infra/openbao-sdk-go/internal/engine/client.go:111.23,113.4 1 0
git.example.com/infra/openbao-sdk-go/internal/engine/client.go:114.3,115.15 2 7
git.example.com/infra/openbao-sdk-go/internal/engine/client.go:115.15,117.4 1 1
git.example.com/infra/openbao-sdk-go/internal/engine/client.go:118.3,121.17 4 7
git.example.com/infra/openbao-sdk-go/internal/engine/client.go:121.17,123.41 2 2
git.example.com/infra/openbao-sdk-go/internal/engine/client.go:123.41,126.5 2 2
git.example.com/infra/openbao-sdk-go/internal/engine/client.go:127.9,128.29 1 5
git.example.com/infra/openbao-sdk-go/internal/engine/client.go:128.29,129.21 1 0
git.example.com/infra/openbao-sdk-go/internal/engine/client.go:130.39,131.19 1 0
git.example.com/infra/openbao-sdk-go/internal/engine/client.go:134.4,134.20 1 5
git.example.com/infra/openbao-sdk-go/internal/engine/client.go:135.13,136.36 1 1
git.example.com/infra/openbao-sdk-go/internal/engine/client.go:136.36,138.6 1 0
git.example.com/infra/openbao-sdk-go/internal/engine/client.go:139.5,139.34 1 1
git.example.com/infra/openbao-sdk-go/internal/engine/client.go:139.34,140.56 1 0
git.example.com/infra/openbao-sdk-go/internal/engine/client.go:140.56,142.7 1 0
git.example.com/infra/openbao-sdk-go/internal/engine/client.go:144.5,144.18 1 1
git.example.com/infra/openbao-sdk-go/internal/engine/client.go:145.13,146.15 1 0
git.example.com/infra/openbao-sdk-go/internal/engine/client.go:146.15,148.6 1 0
git.example.com/infra/openbao-sdk-go/internal/engine/client.go:149.5,149.46 1 0
git.example.com/infra/openbao-sdk-go/internal/engine/client.go:150.12,151.50 1 4
git.example.com/infra/openbao-sdk-go/internal/engine/client.go:154.3,154.30 1 6
git.example.com/infra/openbao-sdk-go/internal/engine/client.go:154.30,156.4 1 4
git.example.com/infra/openbao-sdk-go/internal/engine/client.go:157.3,158.13 2 2
git.example.com/infra/openbao-sdk-go/internal/engine/client.go:158.13,160.4 1 0
git.example.com/infra/openbao-sdk-go/internal/engine/client.go:161.3,162.30 2 2
git.example.com/infra/openbao-sdk-go/internal/engine/client.go:162.30,164.4 1 0
git.example.com/infra/openbao-sdk-go/internal/engine/client.go:166.2,166.89 1 0
git.example.com/infra/openbao-sdk-go/internal/engine/client.go:168.32,169.36 1 9
git.example.com/infra/openbao-sdk-go/internal/engine/client.go:169.36,171.3 1 1
git.example.com/infra/openbao-sdk-go/internal/engine/client.go:172.2,172.19 1 8
git.example.com/infra/openbao-sdk-go/internal/engine/client.go:172.19,173.33 1 93
git.example.com/infra/openbao-sdk-go/internal/engine/client.go:173.33,175.4 1 1
git.example.com/infra/openbao-sdk-go/internal/engine/client.go:177.2,177.13 1 7
git.example.com/infra/openbao-sdk-go/internal/engine/client.go:182.35,183.19 1 12
git.example.com/infra/openbao-sdk-go/internal/engine/client.go:183.19,185.3 1 3
git.example.com/infra/openbao-sdk-go/internal/engine/client.go:186.2,187.16 2 9
git.example.com/infra/openbao-sdk-go/internal/engine/client.go:187.16,189.3 1 1
git.example.com/infra/openbao-sdk-go/internal/engine/client.go:190.2,191.25 2 8
git.example.com/infra/openbao-sdk-go/internal/engine/client.go:191.25,193.3 1 5
git.example.com/infra/openbao-sdk-go/internal/engine/client.go:194.2,194.30 1 3
git.example.com/infra/openbao-sdk-go/internal/engine/client.go:194.30,195.46 1 81
git.example.com/infra/openbao-sdk-go/internal/engine/client.go:195.46,196.16 1 9
git.example.com/infra/openbao-sdk-go/internal/engine/client.go:196.16,198.5 1 1
git.example.com/infra/openbao-sdk-go/internal/engine/client.go:199.9,199.85 1 72
git.example.com/infra/openbao-sdk-go/internal/engine/client.go:199.85,201.4 1 1
git.example.com/infra/openbao-sdk-go/internal/engine/client.go:203.2,203.10 1 1
git.example.com/infra/openbao-sdk-go/internal/engine/client.go:208.70,209.14 1 6
git.example.com/infra/openbao-sdk-go/internal/engine/client.go:209.14,211.3 1 1
git.example.com/infra/openbao-sdk-go/internal/engine/client.go:212.2,213.14 2 5
git.example.com/infra/openbao-sdk-go/internal/engine/client.go:213.14,215.3 1 1
git.example.com/infra/openbao-sdk-go/internal/engine/client.go:216.2,216.30 1 4
git.example.com/infra/openbao-sdk-go/internal/engine/client.go:216.30,218.24 2 2
git.example.com/infra/openbao-sdk-go/internal/engine/client.go:218.24,220.4 1 2
git.example.com/infra/openbao-sdk-go/internal/engine/client.go:222.2,222.15 1 2
git.example.com/infra/openbao-sdk-go/internal/engine/client.go:224.62,226.14 2 5
git.example.com/infra/openbao-sdk-go/internal/engine/client.go:226.14,228.3 1 3
git.example.com/infra/openbao-sdk-go/internal/engine/client.go:229.2,230.9 2 2
git.example.com/infra/openbao-sdk-go/internal/engine/client.go:230.9,232.3 1 2
git.example.com/infra/openbao-sdk-go/internal/engine/client.go:233.2,233.15 1 0
git.example.com/infra/openbao-sdk-go/internal/engine/client.go:235.29,237.9 2 5
git.example.com/infra/openbao-sdk-go/internal/engine/client.go:237.9,239.3 1 3
git.example.com/infra/openbao-sdk-go/internal/engine/client.go:240.2,241.36 2 2
git.example.com/infra/openbao-sdk-go/internal/engine/client.go:241.36,243.3 1 2
git.example.com/infra/openbao-sdk-go/internal/engine/client.go:244.2,244.21 1 0
git.example.com/infra/openbao-sdk-go/internal/engine/errors.go:19.43,19.72 1 0
git.example.com/infra/openbao-sdk-go/internal/engine/errors.go:20.43,20.61 1 5
git.example.com/infra/openbao-sdk-go/internal/engine/errors.go:21.93,23.2 1 18
git.example.com/infra/openbao-sdk-go/internal/engine/errors.go:24.96,26.52 2 1
git.example.com/infra/openbao-sdk-go/internal/engine/errors.go:26.52,28.3 1 0
git.example.com/infra/openbao-sdk-go/internal/engine/errors.go:29.2,29.46 1 1
git.example.com/infra/openbao-sdk-go/internal/engine/errors.go:31.35,38.2 6 0
git.example.com/infra/openbao-sdk-go/internal/engine/errors.go:39.81,42.25 3 2
git.example.com/infra/openbao-sdk-go/internal/engine/errors.go:42.25,44.3 1 2
git.example.com/infra/openbao-sdk-go/internal/engine/errors.go:45.2,46.32 2 2
git.example.com/infra/openbao-sdk-go/internal/engine/errors.go:46.32,48.3 1 2
git.example.com/infra/openbao-sdk-go/internal/engine/errors.go:49.2,51.9 3 2
git.example.com/infra/openbao-sdk-go/internal/engine/errors.go:52.40,54.16 2 0
git.example.com/infra/openbao-sdk-go/internal/engine/errors.go:55.48,57.16 2 1
git.example.com/infra/openbao-sdk-go/internal/engine/errors.go:58.43,60.16 2 1
git.example.com/infra/openbao-sdk-go/internal/engine/errors.go:61.42,63.16 2 0
git.example.com/infra/openbao-sdk-go/internal/engine/errors.go:64.25,66.16 2 0
git.example.com/infra/openbao-sdk-go/internal/engine/errors.go:68.2,68.46 1 2
git.example.com/infra/openbao-sdk-go/internal/engine/errors.go:70.75,72.24 2 9
git.example.com/infra/openbao-sdk-go/internal/engine/errors.go:72.24,74.3 1 7
git.example.com/infra/openbao-sdk-go/internal/engine/errors.go:75.2,77.39 3 9
git.example.com/infra/openbao-sdk-go/internal/engine/errors.go:77.39,80.3 2 1
git.example.com/infra/openbao-sdk-go/internal/engine/errors.go:81.2,82.21 2 8
git.example.com/infra/openbao-sdk-go/internal/engine/errors.go:82.21,85.15 3 8
git.example.com/infra/openbao-sdk-go/internal/engine/errors.go:85.15,87.4 1 0
git.example.com/infra/openbao-sdk-go/internal/engine/errors.go:91.2,91.59 1 8
git.example.com/infra/openbao-sdk-go/internal/engine/errors.go:91.59,93.28 2 0
git.example.com/infra/openbao-sdk-go/internal/engine/errors.go:93.28,95.4 1 0
git.example.com/infra/openbao-sdk-go/internal/engine/errors.go:96.3,96.29 1 0
git.example.com/infra/openbao-sdk-go/internal/engine/errors.go:96.29,98.25 2 0
git.example.com/infra/openbao-sdk-go/internal/engine/errors.go:98.25,100.5 1 0
git.example.com/infra/openbao-sdk-go/internal/engine/errors.go:103.2,103.18 1 8
git.example.com/infra/openbao-sdk-go/internal/engine/errors.go:104.11,107.36 3 0
git.example.com/infra/openbao-sdk-go/internal/engine/errors.go:107.36,108.63 1 0
git.example.com/infra/openbao-sdk-go/internal/engine/errors.go:108.63,109.106 1 0
git.example.com/infra/openbao-sdk-go/internal/engine/errors.go:109.106,111.6 1 0
git.example.com/infra/openbao-sdk-go/internal/engine/errors.go:114.11,116.29 2 0
git.example.com/infra/openbao-sdk-go/internal/engine/errors.go:117.11,119.29 2 0
git.example.com/infra/openbao-sdk-go/internal/engine/errors.go:120.11,124.24 2 5
git.example.com/infra/openbao-sdk-go/internal/engine/errors.go:124.24,126.4 1 1
git.example.com/infra/openbao-sdk-go/internal/engine/errors.go:127.3,127.74 1 5
git.example.com/infra/openbao-sdk-go/internal/engine/errors.go:127.74,129.4 1 0
git.example.com/infra/openbao-sdk-go/internal/engine/errors.go:130.31,131.29 1 3
git.example.com/infra/openbao-sdk-go/internal/engine/errors.go:132.10,133.36 1 0
git.example.com/infra/openbao-sdk-go/internal/engine/errors.go:135.2,135.48 1 8
git.example.com/infra/openbao-sdk-go/internal/engine/errors.go:137.48,139.9 2 7
git.example.com/infra/openbao-sdk-go/internal/engine/errors.go:139.9,141.3 1 2
git.example.com/infra/openbao-sdk-go/internal/engine/errors.go:142.2,143.9 2 5
git.example.com/infra/openbao-sdk-go/internal/engine/errors.go:143.9,145.3 1 1
git.example.com/infra/openbao-sdk-go/internal/engine/errors.go:146.2,147.9 2 4
git.example.com/infra/openbao-sdk-go/internal/engine/errors.go:147.9,149.3 1 1
git.example.com/infra/openbao-sdk-go/internal/engine/errors.go:150.2,151.24 2 3
git.example.com/infra/openbao-sdk-go/internal/engine/errors.go:151.24,153.3 1 1
git.example.com/infra/openbao-sdk-go/internal/engine/errors.go:154.2,154.61 1 2
git.example.com/infra/openbao-sdk-go/internal/engine/errors.go:154.61,156.3 1 0
git.example.com/infra/openbao-sdk-go/internal/engine/errors.go:157.2,158.20 2 2
git.example.com/infra/openbao-sdk-go/internal/engine/errors.go:158.20,160.3 1 0
git.example.com/infra/openbao-sdk-go/internal/engine/errors.go:161.2,162.33 2 2
git.example.com/infra/openbao-sdk-go/internal/engine/errors.go:164.94,169.2 4 14
git.example.com/infra/openbao-sdk-go/internal/engine/errors.go:170.55,173.24 3 6
git.example.com/infra/openbao-sdk-go/internal/engine/errors.go:173.24,175.3 1 1
git.example.com/infra/openbao-sdk-go/internal/engine/errors.go:176.2,176.14 1 6
git.example.com/infra/openbao-sdk-go/internal/engine/errors.go:176.14,178.3 1 1
git.example.com/infra/openbao-sdk-go/internal/engine/errors.go:179.2,179.63 1 5
git.example.com/infra/openbao-sdk-go/internal/engine/errors.go:182.44,184.27 2 5
git.example.com/infra/openbao-sdk-go/internal/engine/errors.go:184.27,186.3 1 2
git.example.com/infra/openbao-sdk-go/internal/engine/errors.go:187.2,187.25 1 3
git.example.com/infra/openbao-sdk-go/internal/engine/errors.go:187.25,189.21 2 3
git.example.com/infra/openbao-sdk-go/internal/engine/errors.go:189.21,191.4 1 2
git.example.com/infra/openbao-sdk-go/internal/engine/errors.go:193.2,193.13 1 1
git.example.com/infra/openbao-sdk-go/internal/engine/operations.go:57.46,57.87 2 14
git.example.com/infra/openbao-sdk-go/internal/engine/operations.go:58.46,58.113 1 17
git.example.com/infra/openbao-sdk-go/internal/engine/path.go:10.38,11.60 1 47
git.example.com/infra/openbao-sdk-go/internal/engine/path.go:11.60,13.3 1 9
git.example.com/infra/openbao-sdk-go/internal/engine/path.go:14.2,14.30 1 38
git.example.com/infra/openbao-sdk-go/internal/engine/path.go:14.30,16.114 2 96
git.example.com/infra/openbao-sdk-go/internal/engine/path.go:16.114,18.4 1 9
git.example.com/infra/openbao-sdk-go/internal/engine/path.go:20.2,20.12 1 29
git.example.com/infra/openbao-sdk-go/internal/engine/path.go:22.35,23.13 1 28
git.example.com/infra/openbao-sdk-go/internal/engine/path.go:23.13,25.3 1 2
git.example.com/infra/openbao-sdk-go/internal/engine/path.go:26.2,26.44 1 26
git.example.com/infra/openbao-sdk-go/internal/engine/path.go:26.44,27.34 1 45
git.example.com/infra/openbao-sdk-go/internal/engine/path.go:27.34,29.4 1 16
git.example.com/infra/openbao-sdk-go/internal/engine/path.go:31.2,31.12 1 10
git.example.com/infra/openbao-sdk-go/internal/engine/retry.go:12.100,14.25 2 11
git.example.com/infra/openbao-sdk-go/internal/engine/retry.go:14.25,15.26 1 33
git.example.com/infra/openbao-sdk-go/internal/engine/retry.go:15.26,17.9 2 2
git.example.com/infra/openbao-sdk-go/internal/engine/retry.go:19.3,19.11 1 31
git.example.com/infra/openbao-sdk-go/internal/engine/retry.go:21.2,21.22 1 11
git.example.com/infra/openbao-sdk-go/internal/engine/retry.go:21.22,23.3 1 0
git.example.com/infra/openbao-sdk-go/internal/engine/retry.go:24.2,25.13 2 11
git.example.com/infra/openbao-sdk-go/internal/engine/retry.go:25.13,27.3 1 11
git.example.com/infra/openbao-sdk-go/internal/engine/retry.go:28.2,28.40 1 11
git.example.com/infra/openbao-sdk-go/internal/engine/retry.go:28.40,30.77 2 7
git.example.com/infra/openbao-sdk-go/internal/engine/retry.go:30.77,31.62 1 4
git.example.com/infra/openbao-sdk-go/internal/engine/retry.go:31.62,33.5 1 2
git.example.com/infra/openbao-sdk-go/internal/engine/retry.go:34.4,34.53 1 2
git.example.com/infra/openbao-sdk-go/internal/engine/retry.go:35.9,35.52 1 3
git.example.com/infra/openbao-sdk-go/internal/engine/retry.go:35.52,37.22 2 2
git.example.com/infra/openbao-sdk-go/internal/engine/retry.go:37.22,39.5 1 1
git.example.com/infra/openbao-sdk-go/internal/engine/retry.go:40.9,42.4 1 1
git.example.com/infra/openbao-sdk-go/internal/engine/retry.go:43.3,43.30 1 4
git.example.com/infra/openbao-sdk-go/internal/engine/retry.go:43.30,45.4 1 1
git.example.com/infra/openbao-sdk-go/internal/engine/retry.go:46.3,46.25 1 3
git.example.com/infra/openbao-sdk-go/internal/engine/retry.go:46.25,48.4 1 1
git.example.com/infra/openbao-sdk-go/internal/engine/retry.go:50.2,50.73 1 7
git.example.com/infra/openbao-sdk-go/internal/engine/retry.go:50.73,52.3 1 1
git.example.com/infra/openbao-sdk-go/internal/engine/retry.go:53.2,53.20 1 6
git.example.com/infra/openbao-sdk-go/internal/engine/retry.go:55.55,58.9 3 3
git.example.com/infra/openbao-sdk-go/internal/engine/retry.go:59.20,60.19 1 1
git.example.com/infra/openbao-sdk-go/internal/engine/retry.go:61.17,62.13 1 2
git.example.com/infra/openbao-sdk-go/internal/engine/transport.go:32.68,35.2 2 7
git.example.com/infra/openbao-sdk-go/internal/engine/transport.go:36.56,40.2 3 7
git.example.com/infra/openbao-sdk-go/internal/engine/transport.go:41.50,42.14 1 7
git.example.com/infra/openbao-sdk-go/internal/engine/transport.go:42.14,44.3 1 0
git.example.com/infra/openbao-sdk-go/internal/engine/transport.go:45.2,48.15 4 7
git.example.com/infra/openbao-sdk-go/internal/engine/transport.go:50.31,51.14 1 7
git.example.com/infra/openbao-sdk-go/internal/engine/transport.go:51.14,53.3 1 0
git.example.com/infra/openbao-sdk-go/internal/engine/transport.go:54.2,56.15 3 7
git.example.com/infra/openbao-sdk-go/internal/engine/transport.go:58.39,61.2 2 0
git.example.com/infra/openbao-sdk-go/internal/engine/transport.go:78.58,79.112 1 10
git.example.com/infra/openbao-sdk-go/internal/engine/transport.go:79.112,81.3 1 3
git.example.com/infra/openbao-sdk-go/internal/engine/transport.go:82.2,83.22 2 7
git.example.com/infra/openbao-sdk-go/internal/engine/transport.go:83.22,85.15 2 2
git.example.com/infra/openbao-sdk-go/internal/engine/transport.go:85.15,87.4 1 1
git.example.com/infra/openbao-sdk-go/internal/engine/transport.go:88.3,88.29 1 1
git.example.com/infra/openbao-sdk-go/internal/engine/transport.go:90.2,90.58 1 6
git.example.com/infra/openbao-sdk-go/internal/engine/transport.go:92.44,92.77 1 6
git.example.com/infra/openbao-sdk-go/internal/engine/transport.go:93.74,95.32 2 8
git.example.com/infra/openbao-sdk-go/internal/engine/transport.go:95.32,97.3 1 1
git.example.com/infra/openbao-sdk-go/internal/engine/transport.go:98.2,100.16 3 7
git.example.com/infra/openbao-sdk-go/internal/engine/transport.go:100.16,103.3 2 1
git.example.com/infra/openbao-sdk-go/internal/engine/transport.go:104.2,107.81 4 6
git.example.com/infra/openbao-sdk-go/internal/engine/transport.go:107.81,108.20 1 0
git.example.com/infra/openbao-sdk-go/internal/engine/transport.go:108.20,111.4 2 0
git.example.com/infra/openbao-sdk-go/internal/engine/transport.go:112.3,113.15 2 0
git.example.com/infra/openbao-sdk-go/internal/engine/transport.go:113.15,116.4 2 0
git.example.com/infra/openbao-sdk-go/internal/engine/transport.go:117.3,122.27 6 0
git.example.com/infra/openbao-sdk-go/internal/engine/transport.go:124.2,125.30 2 6
git.example.com/infra/openbao-sdk-go/internal/engine/transport.go:125.30,129.3 3 1
git.example.com/infra/openbao-sdk-go/internal/engine/transport.go:130.2,130.14 1 5
git.example.com/infra/openbao-sdk-go/internal/engine/transport.go:130.14,134.3 3 0
git.example.com/infra/openbao-sdk-go/internal/engine/transport.go:135.2,138.18 4 5
git.example.com/infra/openbao-sdk-go/internal/engine/transport.go:143.47,144.106 1 5
git.example.com/infra/openbao-sdk-go/internal/engine/transport.go:144.106,144.140 1 1
git.example.com/infra/openbao-sdk-go/internal/engine/types.go:22.27,23.14 1 2
git.example.com/infra/openbao-sdk-go/internal/engine/types.go:23.14,26.3 2 2
git.example.com/infra/openbao-sdk-go/internal/jsondoc/json.go:19.54,20.22 1 27
git.example.com/infra/openbao-sdk-go/internal/jsondoc/json.go:20.22,22.3 1 0
git.example.com/infra/openbao-sdk-go/internal/jsondoc/json.go:23.2,26.14 4 27
git.example.com/infra/openbao-sdk-go/internal/jsondoc/json.go:26.14,28.3 1 1
git.example.com/infra/openbao-sdk-go/internal/jsondoc/json.go:29.2,29.35 1 26
git.example.com/infra/openbao-sdk-go/internal/jsondoc/json.go:29.35,31.3 1 0
git.example.com/infra/openbao-sdk-go/internal/jsondoc/json.go:32.2,32.16 1 26
git.example.com/infra/openbao-sdk-go/internal/jsondoc/json.go:32.16,33.39 1 26
git.example.com/infra/openbao-sdk-go/internal/jsondoc/json.go:33.39,35.4 1 1
git.example.com/infra/openbao-sdk-go/internal/jsondoc/json.go:37.2,37.15 1 25
git.example.com/infra/openbao-sdk-go/internal/jsondoc/json.go:39.53,41.14 2 63
git.example.com/infra/openbao-sdk-go/internal/jsondoc/json.go:41.14,43.3 1 1
git.example.com/infra/openbao-sdk-go/internal/jsondoc/json.go:44.2,44.39 1 62
git.example.com/infra/openbao-sdk-go/internal/jsondoc/json.go:44.39,45.24 1 44
git.example.com/infra/openbao-sdk-go/internal/jsondoc/json.go:45.24,47.4 1 0
git.example.com/infra/openbao-sdk-go/internal/jsondoc/json.go:48.3,48.16 1 44
git.example.com/infra/openbao-sdk-go/internal/jsondoc/json.go:49.12,51.17 2 33
git.example.com/infra/openbao-sdk-go/internal/jsondoc/json.go:51.17,53.17 2 26
git.example.com/infra/openbao-sdk-go/internal/jsondoc/json.go:53.17,55.6 1 0
git.example.com/infra/openbao-sdk-go/internal/jsondoc/json.go:56.5,57.12 2 26
git.example.com/infra/openbao-sdk-go/internal/jsondoc/json.go:57.12,59.6 1 0
git.example.com/infra/openbao-sdk-go/internal/jsondoc/json.go:60.5,60.36 1 26
git.example.com/infra/openbao-sdk-go/internal/jsondoc/json.go:60.36,62.6 1 0
git.example.com/infra/openbao-sdk-go/internal/jsondoc/json.go:63.5,64.17 2 26
git.example.com/infra/openbao-sdk-go/internal/jsondoc/json.go:64.17,66.6 1 0
git.example.com/infra/openbao-sdk-go/internal/jsondoc/json.go:67.5,67.15 1 26
git.example.com/infra/openbao-sdk-go/internal/jsondoc/json.go:69.4,70.42 2 33
git.example.com/infra/openbao-sdk-go/internal/jsondoc/json.go:70.42,72.5 1 0
git.example.com/infra/openbao-sdk-go/internal/jsondoc/json.go:73.4,73.17 1 33
git.example.com/infra/openbao-sdk-go/internal/jsondoc/json.go:74.12,76.17 2 11
git.example.com/infra/openbao-sdk-go/internal/jsondoc/json.go:76.17,78.17 2 10
git.example.com/infra/openbao-sdk-go/internal/jsondoc/json.go:78.17,80.6 1 0
git.example.com/infra/openbao-sdk-go/internal/jsondoc/json.go:81.5,81.21 1 10
git.example.com/infra/openbao-sdk-go/internal/jsondoc/json.go:83.4,84.42 2 11
git.example.com/infra/openbao-sdk-go/internal/jsondoc/json.go:84.42,86.5 1 0
git.example.com/infra/openbao-sdk-go/internal/jsondoc/json.go:87.4,87.17 1 11
git.example.com/infra/openbao-sdk-go/internal/jsondoc/json.go:88.11,89.26 1 0
git.example.com/infra/openbao-sdk-go/internal/jsondoc/json.go:92.2,92.20 1 18
git.example.com/infra/openbao-sdk-go/internal/jsondoc/json.go:93.38,94.18 1 18
git.example.com/infra/openbao-sdk-go/internal/jsondoc/json.go:95.10,96.25 1 0
git.example.com/infra/openbao-sdk-go/internal/jsondoc/json.go:99.49,101.14 2 27
git.example.com/infra/openbao-sdk-go/internal/jsondoc/json.go:101.14,103.3 1 2
git.example.com/infra/openbao-sdk-go/internal/jsondoc/json.go:104.2,104.32 1 25
git.example.com/infra/openbao-sdk-go/internal/pkiutil/parse.go:19.70,20.50 1 0
git.example.com/infra/openbao-sdk-go/internal/pkiutil/parse.go:20.50,22.3 1 0
git.example.com/infra/openbao-sdk-go/internal/pkiutil/parse.go:23.2,26.20 4 0
git.example.com/infra/openbao-sdk-go/internal/pkiutil/parse.go:26.20,27.88 1 0
git.example.com/infra/openbao-sdk-go/internal/pkiutil/parse.go:27.88,29.4 1 0
git.example.com/infra/openbao-sdk-go/internal/pkiutil/parse.go:30.3,31.65 2 0
git.example.com/infra/openbao-sdk-go/internal/pkiutil/parse.go:31.65,33.4 1 0
git.example.com/infra/openbao-sdk-go/internal/pkiutil/parse.go:34.3,35.104 2 0
git.example.com/infra/openbao-sdk-go/internal/pkiutil/parse.go:35.104,37.4 1 0
git.example.com/infra/openbao-sdk-go/internal/pkiutil/parse.go:38.3,40.31 3 0
git.example.com/infra/openbao-sdk-go/internal/pkiutil/parse.go:42.2,42.21 1 0
git.example.com/infra/openbao-sdk-go/internal/pkiutil/parse.go:42.21,44.3 1 0
git.example.com/infra/openbao-sdk-go/internal/pkiutil/parse.go:45.2,45.27 1 0
git.example.com/infra/openbao-sdk-go/internal/pkiutil/parse.go:47.56,48.50 1 0
git.example.com/infra/openbao-sdk-go/internal/pkiutil/parse.go:48.50,50.3 1 0
git.example.com/infra/openbao-sdk-go/internal/pkiutil/parse.go:51.2,52.152 2 0
git.example.com/infra/openbao-sdk-go/internal/pkiutil/parse.go:52.152,54.3 1 0
git.example.com/infra/openbao-sdk-go/internal/pkiutil/parse.go:55.2,56.146 2 0
git.example.com/infra/openbao-sdk-go/internal/pkiutil/parse.go:56.146,58.3 1 0
git.example.com/infra/openbao-sdk-go/internal/pkiutil/parse.go:59.2,60.45 2 0
git.example.com/infra/openbao-sdk-go/internal/pkiutil/parse.go:60.45,62.3 1 0
git.example.com/infra/openbao-sdk-go/internal/pkiutil/parse.go:63.2,63.17 1 0
git.example.com/infra/openbao-sdk-go/internal/pkiutil/parse.go:65.52,66.50 1 0
git.example.com/infra/openbao-sdk-go/internal/pkiutil/parse.go:66.50,68.3 1 0
git.example.com/infra/openbao-sdk-go/internal/pkiutil/parse.go:69.2,70.67 2 0
git.example.com/infra/openbao-sdk-go/internal/pkiutil/parse.go:70.67,72.3 1 0
git.example.com/infra/openbao-sdk-go/internal/pkiutil/parse.go:73.2,74.97 2 0
git.example.com/infra/openbao-sdk-go/internal/pkiutil/parse.go:74.97,76.3 1 0
git.example.com/infra/openbao-sdk-go/internal/pkiutil/parse.go:77.2,79.14 3 0
git.example.com/infra/openbao-sdk-go/internal/pkiutil/parse.go:79.14,81.3 1 0
git.example.com/infra/openbao-sdk-go/internal/pkiutil/parse.go:82.2,83.9 2 0
git.example.com/infra/openbao-sdk-go/internal/pkiutil/parse.go:83.9,85.3 1 0
git.example.com/infra/openbao-sdk-go/internal/pkiutil/parse.go:86.2,86.15 1 0
git.example.com/infra/openbao-sdk-go/internal/pkiutil/parse.go:88.32,90.14 2 0
git.example.com/infra/openbao-sdk-go/internal/pkiutil/parse.go:90.14,92.3 1 0
git.example.com/infra/openbao-sdk-go/internal/pkiutil/parse.go:93.2,94.38 2 0
git.example.com/infra/openbao-sdk-go/internal/pkiutil/parse.go:96.32,97.31 1 0
git.example.com/infra/openbao-sdk-go/internal/pkiutil/parse.go:97.31,99.3 1 0
git.example.com/infra/openbao-sdk-go/internal/pkiutil/parse.go:100.2,102.35 3 0
git.example.com/infra/openbao-sdk-go/internal/pkiutil/parse.go:102.35,104.3 1 0
git.example.com/infra/openbao-sdk-go/internal/pkiutil/parse.go:105.2,105.33 1 0
git.example.com/infra/openbao-sdk-go/internal/pkiutil/parse.go:107.48,108.62 1 0
git.example.com/infra/openbao-sdk-go/internal/pkiutil/parse.go:108.62,110.3 1 0
git.example.com/infra/openbao-sdk-go/internal/pkiutil/parse.go:111.2,112.30 2 0
git.example.com/infra/openbao-sdk-go/internal/pkiutil/parse.go:112.30,114.3 1 0
git.example.com/infra/openbao-sdk-go/internal/pkiutil/parse.go:115.2,115.30 1 0
git.example.com/infra/openbao-sdk-go/internal/pkiutil/parse.go:115.30,116.22 1 0
git.example.com/infra/openbao-sdk-go/internal/pkiutil/parse.go:116.22,118.4 1 0
git.example.com/infra/openbao-sdk-go/internal/pkiutil/parse.go:119.3,119.18 1 0
git.example.com/infra/openbao-sdk-go/internal/pkiutil/parse.go:121.2,122.21 2 0
git.example.com/infra/openbao-sdk-go/internal/pkiutil/parse.go:122.21,124.27 2 0
git.example.com/infra/openbao-sdk-go/internal/pkiutil/parse.go:124.27,125.19 1 0
git.example.com/infra/openbao-sdk-go/internal/pkiutil/parse.go:125.19,127.5 1 0
git.example.com/infra/openbao-sdk-go/internal/pkiutil/parse.go:129.3,129.32 1 0
git.example.com/infra/openbao-sdk-go/internal/pkiutil/parse.go:131.2,131.21 1 0
git.example.com/infra/openbao-sdk-go/internal/pkiutil/parse.go:131.21,133.3 1 0
git.example.com/infra/openbao-sdk-go/internal/pkiutil/parse.go:134.2,134.19 1 0
git.example.com/infra/openbao-sdk-go/internal/pkiutil/parse.go:134.19,136.3 1 0
git.example.com/infra/openbao-sdk-go/internal/pkiutil/parse.go:137.2,138.14 2 0
git.example.com/infra/openbao-sdk-go/internal/pkiutil/parse.go:138.14,140.3 1 0
git.example.com/infra/openbao-sdk-go/internal/pkiutil/parse.go:141.2,142.19 2 0
git.example.com/infra/openbao-sdk-go/internal/pkiutil/parse.go:142.19,144.3 1 0
git.example.com/infra/openbao-sdk-go/internal/pkiutil/parse.go:145.2,145.23 1 0
git.example.com/infra/openbao-sdk-go/internal/transitutil/encoding.go:29.53,30.45 1 0
git.example.com/infra/openbao-sdk-go/internal/transitutil/encoding.go:30.45,32.3 1 0
git.example.com/infra/openbao-sdk-go/internal/transitutil/encoding.go:33.2,34.87 2 0
git.example.com/infra/openbao-sdk-go/internal/transitutil/encoding.go:34.87,36.3 1 0
git.example.com/infra/openbao-sdk-go/internal/transitutil/encoding.go:37.2,38.59 2 0
git.example.com/infra/openbao-sdk-go/internal/transitutil/encoding.go:38.59,40.3 1 0
git.example.com/infra/openbao-sdk-go/internal/transitutil/encoding.go:41.2,42.81 2 0
git.example.com/infra/openbao-sdk-go/internal/transitutil/encoding.go:42.81,45.3 2 0
git.example.com/infra/openbao-sdk-go/internal/transitutil/encoding.go:46.2,46.18 1 0
git.example.com/infra/openbao-sdk-go/internal/transitutil/encoding.go:48.56,49.11 1 0
git.example.com/infra/openbao-sdk-go/internal/transitutil/encoding.go:50.57,51.14 1 0
git.example.com/infra/openbao-sdk-go/internal/transitutil/encoding.go:52.30,53.17 1 0
git.example.com/infra/openbao-sdk-go/internal/transitutil/encoding.go:55.2,55.14 1 0
git.example.com/infra/openbao-sdk-go/internal/transitutil/encoding.go:57.65,59.11 2 0
git.example.com/infra/openbao-sdk-go/internal/transitutil/encoding.go:60.35,62.37 2 0
git.example.com/infra/openbao-sdk-go/internal/transitutil/encoding.go:63.28,66.28 3 0
git.example.com/infra/openbao-sdk-go/internal/transitutil/encoding.go:67.30,68.31 1 0
git.example.com/infra/openbao-sdk-go/internal/transitutil/encoding.go:70.2,70.10 1 0
git.example.com/infra/openbao-sdk-go/internal/transitutil/encoding.go:72.55,73.11 1 0
git.example.com/infra/openbao-sdk-go/internal/transitutil/encoding.go:74.35,77.67 3 0
git.example.com/infra/openbao-sdk-go/internal/transitutil/encoding.go:77.67,79.4 1 0
git.example.com/infra/openbao-sdk-go/internal/transitutil/encoding.go:80.3,81.90 2 0
git.example.com/infra/openbao-sdk-go/internal/transitutil/encoding.go:82.28,83.41 1 0
git.example.com/infra/openbao-sdk-go/internal/transitutil/encoding.go:84.30,85.41 1 0
git.example.com/infra/openbao-sdk-go/internal/transitutil/encoding.go:87.2,87.14 1 0
git.example.com/infra/openbao-sdk-go/internal/transitutil/encoding.go:91.74,92.41 1 0
git.example.com/infra/openbao-sdk-go/internal/transitutil/encoding.go:92.41,94.3 1 0
git.example.com/infra/openbao-sdk-go/internal/transitutil/encoding.go:95.2,96.64 2 0
git.example.com/infra/openbao-sdk-go/internal/transitutil/encoding.go:96.64,98.98 2 0
git.example.com/infra/openbao-sdk-go/internal/transitutil/encoding.go:98.98,100.4 1 0
git.example.com/infra/openbao-sdk-go/internal/transitutil/encoding.go:101.3,101.29 1 0
git.example.com/infra/openbao-sdk-go/internal/transitutil/encoding.go:102.8,105.174 3 0
git.example.com/infra/openbao-sdk-go/internal/transitutil/encoding.go:105.174,107.4 1 0
git.example.com/infra/openbao-sdk-go/internal/transitutil/encoding.go:108.3,110.15 3 0
git.example.com/infra/openbao-sdk-go/internal/transitutil/encoding.go:110.15,112.4 1 0
git.example.com/infra/openbao-sdk-go/internal/transitutil/encoding.go:114.2,114.14 1 0
git.example.com/infra/openbao-sdk-go/internal/transitutil/encoding.go:115.20,117.72 2 0
git.example.com/infra/openbao-sdk-go/internal/transitutil/encoding.go:117.72,119.4 1 0
git.example.com/infra/openbao-sdk-go/internal/transitutil/encoding.go:120.42,123.73 3 0
git.example.com/infra/openbao-sdk-go/internal/transitutil/encoding.go:123.73,125.4 1 0
git.example.com/infra/openbao-sdk-go/internal/transitutil/encoding.go:126.17,127.60 1 0
git.example.com/infra/openbao-sdk-go/internal/transitutil/encoding.go:127.60,129.4 1 0
git.example.com/infra/openbao-sdk-go/internal/transitutil/encoding.go:130.10,131.36 1 0
git.example.com/infra/openbao-sdk-go/internal/transitutil/encoding.go:133.2,134.14 2 0
git.example.com/infra/openbao-sdk-go/internal/transitutil/encoding.go:134.14,136.3 1 0
git.example.com/infra/openbao-sdk-go/internal/transitutil/encoding.go:137.2,137.86 1 0
git.example.com/infra/openbao-sdk-go/internal/transitutil/encoding.go:139.54,140.11 1 0
git.example.com/infra/openbao-sdk-go/internal/transitutil/encoding.go:141.35,142.30 1 0
git.example.com/infra/openbao-sdk-go/internal/transitutil/encoding.go:143.28,144.72 1 0
git.example.com/infra/openbao-sdk-go/internal/transitutil/encoding.go:145.30,146.27 1 0
git.example.com/infra/openbao-sdk-go/internal/transitutil/encoding.go:148.2,148.14 1 0
git.example.com/infra/openbao-sdk-go/internal/transitutil/encoding.go:150.106,151.60 1 0
git.example.com/infra/openbao-sdk-go/internal/transitutil/encoding.go:151.60,153.3 1 0
git.example.com/infra/openbao-sdk-go/internal/transitutil/encoding.go:154.2,154.33 1 0
git.example.com/infra/openbao-sdk-go/internal/transitutil/encoding.go:154.33,157.3 2 0
git.example.com/infra/openbao-sdk-go/internal/transitutil/encoding.go:158.2,159.16 2 0
git.example.com/infra/openbao-sdk-go/internal/transitutil/encoding.go:159.16,162.3 2 0
git.example.com/infra/openbao-sdk-go/internal/transitutil/encoding.go:162.8,162.25 1 0
git.example.com/infra/openbao-sdk-go/internal/transitutil/encoding.go:162.25,164.3 1 0
git.example.com/infra/openbao-sdk-go/internal/transitutil/encoding.go:165.2,165.25 1 0
git.example.com/infra/openbao-sdk-go/internal/transitutil/encoding.go:166.24,167.73 1 0
git.example.com/infra/openbao-sdk-go/internal/transitutil/encoding.go:168.22,169.164 1 0
git.example.com/infra/openbao-sdk-go/internal/transitutil/encoding.go:171.2,171.14 1 0
git.example.com/infra/openbao-sdk-go/kv/document.go:18.47,20.14 2 0
git.example.com/infra/openbao-sdk-go/kv/document.go:20.14,22.3 1 0
git.example.com/infra/openbao-sdk-go/kv/document.go:23.2,24.27 2 0
git.example.com/infra/openbao-sdk-go/kv/document.go:26.50,27.43 1 0
git.example.com/infra/openbao-sdk-go/kv/document.go:27.43,29.3 1 0
git.example.com/infra/openbao-sdk-go/kv/document.go:30.2,30.52 1 0
git.example.com/infra/openbao-sdk-go/kv/document.go:32.41,35.19 3 0
git.example.com/infra/openbao-sdk-go/kv/document.go:35.19,37.3 1 0
git.example.com/infra/openbao-sdk-go/kv/document.go:38.2,40.40 3 0
git.example.com/infra/openbao-sdk-go/kv/document.go:40.40,42.3 1 0
git.example.com/infra/openbao-sdk-go/kv/document.go:43.2,43.12 1 0
git.example.com/infra/openbao-sdk-go/kv/document.go:45.39,45.68 1 0
git.example.com/infra/openbao-sdk-go/kv/document.go:46.27,47.14 1 0
git.example.com/infra/openbao-sdk-go/kv/document.go:47.14,49.3 1 0
git.example.com/infra/openbao-sdk-go/kv/document.go:51.54,51.77 1 0
git.example.com/infra/openbao-sdk-go/kv/document.go:52.54,52.77 1 0
git.example.com/infra/openbao-sdk-go/kv/document.go:53.54,53.100 1 0
git.example.com/infra/openbao-sdk-go/kv/document.go:54.54,54.95 1 0
git.example.com/infra/openbao-sdk-go/kv/document.go:55.49,57.2 1 0
git.example.com/infra/openbao-sdk-go/pki/validate.go:11.30,13.2 1 0
git.example.com/infra/openbao-sdk-go/pki/validate.go:16.36,17.40 1 0
git.example.com/infra/openbao-sdk-go/pki/validate.go:17.40,19.3 1 0
git.example.com/infra/openbao-sdk-go/pki/validate.go:20.2,20.12 1 0
git.example.com/infra/openbao-sdk-go/pki/validate.go:25.74,27.170 2 0
git.example.com/infra/openbao-sdk-go/pki/validate.go:27.170,29.3 1 0
git.example.com/infra/openbao-sdk-go/pki/validate.go:30.2,31.14 2 0
git.example.com/infra/openbao-sdk-go/pki/validate.go:31.14,33.3 1 0
git.example.com/infra/openbao-sdk-go/pki/validate.go:34.2,38.71 5 0
git.example.com/infra/openbao-sdk-go/pki/validate.go:38.71,40.3 1 0
git.example.com/infra/openbao-sdk-go/pki/validate.go:41.2,42.45 2 0
git.example.com/infra/openbao-sdk-go/pki/validate.go:42.45,44.15 2 0
git.example.com/infra/openbao-sdk-go/pki/validate.go:44.15,46.4 1 0
git.example.com/infra/openbao-sdk-go/pki/validate.go:47.3,47.24 1 0
git.example.com/infra/openbao-sdk-go/pki/validate.go:47.24,48.15 1 0
git.example.com/infra/openbao-sdk-go/pki/validate.go:48.15,50.5 1 0
git.example.com/infra/openbao-sdk-go/pki/validate.go:51.4,51.20 1 0
git.example.com/infra/openbao-sdk-go/pki/validate.go:54.2,55.30 2 0
git.example.com/infra/openbao-sdk-go/pki/validate.go:55.30,57.3 1 0
git.example.com/infra/openbao-sdk-go/pki/validate.go:58.2,59.46 2 0
git.example.com/infra/openbao-sdk-go/pki/validate.go:59.46,61.3 1 0
git.example.com/infra/openbao-sdk-go/pki/validate.go:62.2,62.25 1 0
git.example.com/infra/openbao-sdk-go/pki/validate.go:62.25,64.3 1 0
git.example.com/infra/openbao-sdk-go/pki/validate.go:65.2,65.32 1 0
git.example.com/infra/openbao-sdk-go/pki/validate.go:65.32,67.15 2 0
git.example.com/infra/openbao-sdk-go/pki/validate.go:67.15,69.4 1 0
git.example.com/infra/openbao-sdk-go/pki/validate.go:70.3,70.24 1 0
git.example.com/infra/openbao-sdk-go/pki/validate.go:70.24,72.4 1 0
git.example.com/infra/openbao-sdk-go/pki/validate.go:74.2,75.18 2 0
git.example.com/infra/openbao-sdk-go/pki/validate.go:75.18,77.3 1 0
git.example.com/infra/openbao-sdk-go/pki/validate.go:78.2,78.113 1 0
git.example.com/infra/openbao-sdk-go/pki/validate.go:78.113,80.3 1 0
git.example.com/infra/openbao-sdk-go/pki/validate.go:81.2,81.193 1 0
git.example.com/infra/openbao-sdk-go/pki/validate.go:81.193,83.3 1 0
git.example.com/infra/openbao-sdk-go/pki/validate.go:84.2,84.43 1 0
git.example.com/infra/openbao-sdk-go/pki/validate.go:84.43,86.62 2 0
git.example.com/infra/openbao-sdk-go/pki/validate.go:86.62,88.4 1 0
git.example.com/infra/openbao-sdk-go/pki/validate.go:90.2,90.77 1 0
git.example.com/infra/openbao-sdk-go/pki/validate.go:90.77,92.3 1 0
git.example.com/infra/openbao-sdk-go/pki/validate.go:93.2,93.42 1 0
git.example.com/infra/openbao-sdk-go/pki/validate.go:93.42,95.40 2 0
git.example.com/infra/openbao-sdk-go/pki/validate.go:95.40,96.39 1 0
git.example.com/infra/openbao-sdk-go/pki/validate.go:96.39,98.5 1 0
git.example.com/infra/openbao-sdk-go/pki/validate.go:100.3,100.13 1 0
git.example.com/infra/openbao-sdk-go/pki/validate.go:100.13,102.4 1 0
git.example.com/infra/openbao-sdk-go/pki/validate.go:104.2,104.42 1 0
git.example.com/infra/openbao-sdk-go/pki/validate.go:104.42,106.36 2 0
git.example.com/infra/openbao-sdk-go/pki/validate.go:106.36,107.31 1 0
git.example.com/infra/openbao-sdk-go/pki/validate.go:107.31,109.5 1 0
git.example.com/infra/openbao-sdk-go/pki/validate.go:111.3,111.13 1 0
git.example.com/infra/openbao-sdk-go/pki/validate.go:111.13,113.4 1 0
git.example.com/infra/openbao-sdk-go/pki/validate.go:115.2,115.44 1 0
git.example.com/infra/openbao-sdk-go/pki/validate.go:115.44,116.156 1 0
git.example.com/infra/openbao-sdk-go/pki/validate.go:116.156,118.4 1 0
git.example.com/infra/openbao-sdk-go/pki/validate.go:120.2,120.12 1 0
git.example.com/infra/openbao-sdk-go/sensitive/bytes.go:22.35,22.102 1 0
git.example.com/infra/openbao-sdk-go/sensitive/bytes.go:23.36,24.19 1 0
git.example.com/infra/openbao-sdk-go/sensitive/bytes.go:24.19,26.3 1 0
git.example.com/infra/openbao-sdk-go/sensitive/bytes.go:27.2,29.45 3 0
git.example.com/infra/openbao-sdk-go/sensitive/bytes.go:31.24,32.31 1 0
git.example.com/infra/openbao-sdk-go/sensitive/bytes.go:32.31,34.3 1 0
git.example.com/infra/openbao-sdk-go/sensitive/bytes.go:35.2,38.20 4 0
git.example.com/infra/openbao-sdk-go/sensitive/bytes.go:40.26,41.19 1 0
git.example.com/infra/openbao-sdk-go/sensitive/bytes.go:41.19,43.3 1 0
git.example.com/infra/openbao-sdk-go/sensitive/bytes.go:44.2,46.26 3 0
git.example.com/infra/openbao-sdk-go/sensitive/bytes.go:48.51,48.74 1 0
git.example.com/infra/openbao-sdk-go/sensitive/bytes.go:49.51,49.74 1 0
git.example.com/infra/openbao-sdk-go/sensitive/bytes.go:50.51,50.97 1 0
git.example.com/infra/openbao-sdk-go/sensitive/bytes.go:51.51,51.92 1 0
git.example.com/infra/openbao-sdk-go/sensitive/bytes.go:52.46,54.2 1 0
git.example.com/infra/openbao-sdk-go/auth/providers.go:27.41,29.2 1 0
git.example.com/infra/openbao-sdk-go/auth/providers.go:30.48,31.16 1 0
git.example.com/infra/openbao-sdk-go/auth/providers.go:31.16,33.3 1 0
git.example.com/infra/openbao-sdk-go/auth/providers.go:34.2,34.35 1 0
git.example.com/infra/openbao-sdk-go/auth/providers.go:34.35,36.3 1 0
git.example.com/infra/openbao-sdk-go/auth/providers.go:37.2,37.43 1 0
git.example.com/infra/openbao-sdk-go/auth/providers.go:37.43,39.3 1 0
git.example.com/infra/openbao-sdk-go/auth/providers.go:40.2,40.12 1 0
git.example.com/infra/openbao-sdk-go/auth/providers.go:42.37,43.48 1 0
git.example.com/infra/openbao-sdk-go/auth/providers.go:43.48,45.3 1 0
git.example.com/infra/openbao-sdk-go/auth/providers.go:46.2,46.22 1 0
git.example.com/infra/openbao-sdk-go/auth/providers.go:46.22,47.24 1 0
git.example.com/infra/openbao-sdk-go/auth/providers.go:47.24,49.4 1 0
git.example.com/infra/openbao-sdk-go/auth/providers.go:51.2,51.13 1 0
git.example.com/infra/openbao-sdk-go/auth/providers.go:53.47,54.31 1 0
git.example.com/infra/openbao-sdk-go/auth/providers.go:54.31,54.89 1 0
git.example.com/infra/openbao-sdk-go/auth/providers.go:55.2,55.30 1 0
git.example.com/infra/openbao-sdk-go/auth/providers.go:55.30,57.3 1 0
git.example.com/infra/openbao-sdk-go/auth/providers.go:58.2,60.44 3 0
git.example.com/infra/openbao-sdk-go/auth/providers.go:69.67,72.27 3 0
git.example.com/infra/openbao-sdk-go/auth/providers.go:72.27,74.3 1 0
git.example.com/infra/openbao-sdk-go/auth/providers.go:75.2,76.16 2 0
git.example.com/infra/openbao-sdk-go/auth/providers.go:76.16,78.3 1 0
git.example.com/infra/openbao-sdk-go/auth/providers.go:79.2,79.73 1 0
git.example.com/infra/openbao-sdk-go/auth/providers.go:81.76,82.44 1 0
git.example.com/infra/openbao-sdk-go/auth/providers.go:82.44,84.3 1 0
git.example.com/infra/openbao-sdk-go/auth/providers.go:85.2,87.85 3 0
git.example.com/infra/openbao-sdk-go/auth/providers.go:96.38,98.2 1 0
git.example.com/infra/openbao-sdk-go/auth/providers.go:102.55,103.26 1 0
git.example.com/infra/openbao-sdk-go/auth/providers.go:103.26,105.3 1 0
git.example.com/infra/openbao-sdk-go/auth/providers.go:106.2,106.36 1 0
git.example.com/infra/openbao-sdk-go/auth/providers.go:108.78,109.83 1 0
git.example.com/infra/openbao-sdk-go/auth/providers.go:109.83,111.3 1 0
git.example.com/infra/openbao-sdk-go/auth/providers.go:112.2,112.49 1 0
git.example.com/infra/openbao-sdk-go/auth/providers.go:114.88,115.44 1 0
git.example.com/infra/openbao-sdk-go/auth/providers.go:115.44,117.3 1 0
git.example.com/infra/openbao-sdk-go/auth/providers.go:120.2,121.42 2 0
git.example.com/infra/openbao-sdk-go/auth/providers.go:121.42,123.3 1 0
git.example.com/infra/openbao-sdk-go/auth/providers.go:124.2,125.16 2 0
git.example.com/infra/openbao-sdk-go/auth/providers.go:125.16,127.3 1 0
git.example.com/infra/openbao-sdk-go/auth/providers.go:128.2,130.76 3 0
git.example.com/infra/openbao-sdk-go/auth/providers.go:130.76,132.3 1 0
git.example.com/infra/openbao-sdk-go/auth/providers.go:133.2,135.49 3 0
git.example.com/infra/openbao-sdk-go/auth/providers.go:135.49,137.3 1 0
git.example.com/infra/openbao-sdk-go/auth/providers.go:138.2,138.43 1 0
git.example.com/infra/openbao-sdk-go/auth/providers.go:138.43,140.3 1 0
git.example.com/infra/openbao-sdk-go/auth/providers.go:141.2,142.29 2 0
git.example.com/infra/openbao-sdk-go/auth/providers.go:142.29,144.3 1 0
git.example.com/infra/openbao-sdk-go/auth/providers.go:145.2,146.16 2 0
git.example.com/infra/openbao-sdk-go/auth/providers.go:146.16,148.3 1 0
git.example.com/infra/openbao-sdk-go/auth/providers.go:149.2,149.42 1 0
git.example.com/infra/openbao-sdk-go/auth/providers.go:151.74,153.16 2 0
git.example.com/infra/openbao-sdk-go/auth/providers.go:153.16,155.3 1 0
git.example.com/infra/openbao-sdk-go/auth/providers.go:156.2,156.52 1 0
git.example.com/infra/openbao-sdk-go/auth/providers.go:158.79,160.16 2 0
git.example.com/infra/openbao-sdk-go/auth/providers.go:160.16,162.3 1 0
git.example.com/infra/openbao-sdk-go/auth/providers.go:163.2,163.70 1 0
git.example.com/infra/openbao-sdk-go/baoerr/error.go:49.32,50.14 1 0
git.example.com/infra/openbao-sdk-go/baoerr/error.go:50.14,52.3 1 0
git.example.com/infra/openbao-sdk-go/baoerr/error.go:53.2,53.43 1 0
git.example.com/infra/openbao-sdk-go/baoerr/error.go:55.32,56.14 1 0
git.example.com/infra/openbao-sdk-go/baoerr/error.go:56.14,58.3 1 0
git.example.com/infra/openbao-sdk-go/baoerr/error.go:59.2,59.16 1 0
git.example.com/infra/openbao-sdk-go/baoerr/error.go:60.20,61.26 1 0
git.example.com/infra/openbao-sdk-go/baoerr/error.go:62.28,63.34 1 0
git.example.com/infra/openbao-sdk-go/baoerr/error.go:65.2,65.12 1 0
git.example.com/infra/openbao-sdk-go/baoerr/error.go:67.42,70.2 2 0
git.example.com/infra/openbao-sdk-go/baoerr/error.go:71.40,74.2 2 0
git.example.com/infra/openbao-sdk-go/baoerr/error.go:75.45,75.65 1 0
git.example.com/infra/openbao-sdk-go/baoerr/error.go:76.45,76.65 1 0
git.example.com/infra/openbao-sdk-go/baoerr/error.go:77.45,77.84 1 0
git.example.com/infra/openbao-sdk-go/baoerr/error.go:78.45,78.83 1 0
git.example.com/infra/openbao-sdk-go/baoerr/error.go:79.47,80.14 1 0
git.example.com/infra/openbao-sdk-go/baoerr/error.go:80.14,82.3 1 0
git.example.com/infra/openbao-sdk-go/baoerr/error.go:83.2,89.81 1 0
git.example.com/infra/openbao-sdk-go/baoerr/error.go:91.32,92.11 1 0
git.example.com/infra/openbao-sdk-go/baoerr/error.go:93.281,94.11 1 0
git.example.com/infra/openbao-sdk-go/baoerr/error.go:96.2,96.20 1 0
git.example.com/infra/openbao-sdk-go/baoerr/error.go:98.34,99.11 1 0
git.example.com/infra/openbao-sdk-go/baoerr/error.go:100.50,101.11 1 0
git.example.com/infra/openbao-sdk-go/baoerr/error.go:103.2,103.22 1 0
git.example.com/infra/openbao-sdk-go/internal/authn/approle.go:16.55,20.26 4 0
git.example.com/infra/openbao-sdk-go/internal/authn/approle.go:20.26,22.3 1 0
git.example.com/infra/openbao-sdk-go/internal/authn/approle.go:23.2,24.16 2 0
git.example.com/infra/openbao-sdk-go/internal/authn/approle.go:24.16,26.3 1 0
git.example.com/infra/openbao-sdk-go/internal/authn/approle.go:27.2,31.184 5 0
git.example.com/infra/openbao-sdk-go/internal/authn/approle.go:31.184,33.3 1 0
git.example.com/infra/openbao-sdk-go/internal/authn/approle.go:34.2,34.40 1 0
git.example.com/infra/openbao-sdk-go/internal/authn/approle.go:34.40,36.3 1 0
git.example.com/infra/openbao-sdk-go/internal/authn/approle.go:37.2,37.40 1 0
git.example.com/infra/openbao-sdk-go/internal/authn/approle.go:37.40,40.12 3 0
git.example.com/infra/openbao-sdk-go/internal/authn/approle.go:40.12,42.4 1 0
git.example.com/infra/openbao-sdk-go/internal/authn/approle.go:43.3,44.11 2 0
git.example.com/infra/openbao-sdk-go/internal/authn/approle.go:44.11,46.4 1 0
git.example.com/infra/openbao-sdk-go/internal/authn/approle.go:48.2,49.16 2 0
git.example.com/infra/openbao-sdk-go/internal/authn/approle.go:49.16,51.3 1 0
git.example.com/infra/openbao-sdk-go/internal/authn/approle.go:52.2,54.17 3 0
git.example.com/infra/openbao-sdk-go/internal/authn/approle.go:54.17,56.3 1 0
git.example.com/infra/openbao-sdk-go/internal/authn/approle.go:57.2,57.16 1 0
git.example.com/infra/openbao-sdk-go/internal/authn/approle.go:57.16,59.3 1 0
git.example.com/infra/openbao-sdk-go/internal/authn/approle.go:60.2,60.57 1 0
git.example.com/infra/openbao-sdk-go/internal/authn/approle.go:62.81,66.189 4 0
git.example.com/infra/openbao-sdk-go/internal/authn/approle.go:66.189,66.218 1 0
git.example.com/infra/openbao-sdk-go/internal/authn/approle.go:67.2,67.17 1 0
git.example.com/infra/openbao-sdk-go/internal/authn/approle.go:67.17,69.3 1 0
git.example.com/infra/openbao-sdk-go/internal/authn/approle.go:70.2,70.16 1 0
git.example.com/infra/openbao-sdk-go/internal/authn/approle.go:70.16,72.3 1 0
git.example.com/infra/openbao-sdk-go/internal/authn/approle.go:73.2,73.57 1 0
git.example.com/infra/openbao-sdk-go/internal/authn/approle.go:75.110,77.16 2 0
git.example.com/infra/openbao-sdk-go/internal/authn/approle.go:77.16,79.3 1 0
git.example.com/infra/openbao-sdk-go/internal/authn/approle.go:80.2,81.9 2 0
git.example.com/infra/openbao-sdk-go/internal/authn/approle.go:81.9,83.3 1 0
git.example.com/infra/openbao-sdk-go/internal/authn/approle.go:84.2,85.40 2 0
git.example.com/infra/openbao-sdk-go/internal/authn/approle.go:85.40,87.3 1 0
git.example.com/infra/openbao-sdk-go/internal/authn/approle.go:88.2,89.70 2 0
git.example.com/infra/openbao-sdk-go/internal/authn/approle.go:89.70,91.3 1 0
git.example.com/infra/openbao-sdk-go/internal/authn/approle.go:92.2,93.9 2 0
git.example.com/infra/openbao-sdk-go/internal/authn/approle.go:93.9,95.3 1 0
git.example.com/infra/openbao-sdk-go/internal/authn/approle.go:96.2,96.43 1 0
git.example.com/infra/openbao-sdk-go/internal/authn/approle.go:96.43,98.20 2 0
git.example.com/infra/openbao-sdk-go/internal/authn/approle.go:98.20,100.4 1 0
git.example.com/infra/openbao-sdk-go/internal/authn/approle.go:102.2,105.20 4 0
git.example.com/infra/openbao-sdk-go/internal/authn/approle.go:105.20,107.3 1 0
git.example.com/infra/openbao-sdk-go/internal/authn/approle.go:108.2,111.14 4 0
git.example.com/infra/openbao-sdk-go/internal/authn/approle.go:111.14,114.3 2 0
git.example.com/infra/openbao-sdk-go/internal/authn/approle.go:115.2,115.45 1 0
git.example.com/infra/openbao-sdk-go/internal/authn/approle.go:115.45,118.3 2 0
git.example.com/infra/openbao-sdk-go/internal/authn/approle.go:119.2,129.12 10 0
git.example.com/infra/openbao-sdk-go/internal/authn/clock.go:15.50,15.71 1 0
git.example.com/infra/openbao-sdk-go/internal/authn/clock.go:16.50,16.88 1 0
git.example.com/infra/openbao-sdk-go/internal/authn/clock.go:20.41,20.57 1 0
git.example.com/infra/openbao-sdk-go/internal/authn/clock.go:21.41,21.62 1 0
git.example.com/infra/openbao-sdk-go/internal/authn/manager.go:44.67,45.18 1 0
git.example.com/infra/openbao-sdk-go/internal/authn/manager.go:45.18,47.3 1 0
git.example.com/infra/openbao-sdk-go/internal/authn/manager.go:48.2,48.85 1 0
git.example.com/infra/openbao-sdk-go/internal/authn/manager.go:50.45,51.16 1 0
git.example.com/infra/openbao-sdk-go/internal/authn/manager.go:51.16,53.3 1 0
git.example.com/infra/openbao-sdk-go/internal/authn/manager.go:54.2,54.19 1 0
git.example.com/infra/openbao-sdk-go/internal/authn/manager.go:55.24,56.77 1 0
git.example.com/infra/openbao-sdk-go/internal/authn/manager.go:57.32,58.85 1 0
git.example.com/infra/openbao-sdk-go/internal/authn/manager.go:60.2,60.12 1 0
git.example.com/infra/openbao-sdk-go/internal/authn/manager.go:62.47,63.37 1 0
git.example.com/infra/openbao-sdk-go/internal/authn/manager.go:63.37,65.3 1 0
git.example.com/infra/openbao-sdk-go/internal/authn/manager.go:66.2,66.88 1 0
git.example.com/infra/openbao-sdk-go/internal/authn/manager.go:68.33,69.36 1 0
git.example.com/infra/openbao-sdk-go/internal/authn/manager.go:69.36,71.3 1 0
git.example.com/infra/openbao-sdk-go/internal/authn/manager.go:72.2,72.22 1 0
git.example.com/infra/openbao-sdk-go/internal/authn/manager.go:72.22,73.24 1 0
git.example.com/infra/openbao-sdk-go/internal/authn/manager.go:73.24,75.4 1 0
git.example.com/infra/openbao-sdk-go/internal/authn/manager.go:77.2,77.13 1 0
git.example.com/infra/openbao-sdk-go/internal/authn/manager.go:79.101,80.15 1 0
git.example.com/infra/openbao-sdk-go/internal/authn/manager.go:80.15,81.23 1 0
git.example.com/infra/openbao-sdk-go/internal/authn/manager.go:81.23,83.4 1 0
git.example.com/infra/openbao-sdk-go/internal/authn/manager.go:85.2,85.24 1 0
git.example.com/infra/openbao-sdk-go/internal/authn/manager.go:87.108,88.15 1 0
git.example.com/infra/openbao-sdk-go/internal/authn/manager.go:88.15,89.23 1 0
git.example.com/infra/openbao-sdk-go/internal/authn/manager.go:89.23,91.4 1 0
git.example.com/infra/openbao-sdk-go/internal/authn/manager.go:93.2,93.23 1 0
git.example.com/infra/openbao-sdk-go/internal/authn/manager.go:95.67,96.37 1 0
git.example.com/infra/openbao-sdk-go/internal/authn/manager.go:96.37,98.3 1 0
git.example.com/infra/openbao-sdk-go/internal/authn/manager.go:99.2,100.14 2 0
git.example.com/infra/openbao-sdk-go/internal/authn/manager.go:100.14,103.3 2 0
git.example.com/infra/openbao-sdk-go/internal/authn/manager.go:104.2,105.38 2 0
git.example.com/infra/openbao-sdk-go/internal/authn/manager.go:105.38,107.17 2 0
git.example.com/infra/openbao-sdk-go/internal/authn/manager.go:107.17,111.4 3 0
git.example.com/infra/openbao-sdk-go/internal/authn/manager.go:112.3,114.89 3 0
git.example.com/infra/openbao-sdk-go/internal/authn/manager.go:114.89,118.4 3 0
git.example.com/infra/openbao-sdk-go/internal/authn/manager.go:119.3,119.38 1 0
git.example.com/infra/openbao-sdk-go/internal/authn/manager.go:119.38,121.4 1 0
git.example.com/infra/openbao-sdk-go/internal/authn/manager.go:122.3,123.26 2 0
git.example.com/infra/openbao-sdk-go/internal/authn/manager.go:125.2,127.14 3 0
git.example.com/infra/openbao-sdk-go/internal/authn/manager.go:127.14,129.3 1 0
git.example.com/infra/openbao-sdk-go/internal/authn/manager.go:130.2,130.60 1 0
git.example.com/infra/openbao-sdk-go/internal/authn/manager.go:130.60,132.3 1 0
git.example.com/infra/openbao-sdk-go/internal/authn/manager.go:133.2,135.25 3 0
git.example.com/infra/openbao-sdk-go/internal/authn/manager.go:137.71,143.2 5 0
git.example.com/infra/openbao-sdk-go/internal/authn/manager.go:144.51,148.19 4 0
git.example.com/infra/openbao-sdk-go/internal/authn/manager.go:148.19,150.40 2 0
git.example.com/infra/openbao-sdk-go/internal/authn/manager.go:150.40,152.4 1 0
git.example.com/infra/openbao-sdk-go/internal/authn/manager.go:154.2,154.14 1 0
git.example.com/infra/openbao-sdk-go/internal/authn/manager.go:154.14,157.3 2 0
git.example.com/infra/openbao-sdk-go/internal/authn/manager.go:158.2,159.38 2 0
git.example.com/infra/openbao-sdk-go/internal/authn/manager.go:159.38,162.3 2 0
git.example.com/infra/openbao-sdk-go/internal/authn/manager.go:162.8,164.3 1 0
git.example.com/infra/openbao-sdk-go/internal/authn/manager.go:165.2,165.21 1 0
git.example.com/infra/openbao-sdk-go/internal/authn/manager.go:165.21,168.3 2 0
git.example.com/infra/openbao-sdk-go/internal/authn/manager.go:169.2,169.13 1 0
git.example.com/infra/openbao-sdk-go/internal/authn/manager.go:169.13,170.20 1 0
git.example.com/infra/openbao-sdk-go/internal/authn/manager.go:170.20,172.4 1 0
git.example.com/infra/openbao-sdk-go/internal/authn/manager.go:172.9,174.4 1 0
git.example.com/infra/openbao-sdk-go/internal/authn/manager.go:176.2,176.10 1 0
git.example.com/infra/openbao-sdk-go/internal/authn/manager.go:181.54,182.37 1 0
git.example.com/infra/openbao-sdk-go/internal/authn/manager.go:182.37,184.3 1 0
git.example.com/infra/openbao-sdk-go/internal/authn/manager.go:185.2,185.38 1 0
git.example.com/infra/openbao-sdk-go/internal/authn/manager.go:185.38,188.3 2 0
git.example.com/infra/openbao-sdk-go/internal/authn/manager.go:189.2,190.14 2 0
git.example.com/infra/openbao-sdk-go/internal/authn/manager.go:190.14,193.3 2 0
git.example.com/infra/openbao-sdk-go/internal/authn/manager.go:194.2,194.33 1 0
git.example.com/infra/openbao-sdk-go/internal/authn/manager.go:194.33,196.10 2 0
git.example.com/infra/openbao-sdk-go/internal/authn/manager.go:197.17,198.16 1 0
git.example.com/infra/openbao-sdk-go/internal/authn/manager.go:199.21,200.27 1 0
git.example.com/infra/openbao-sdk-go/internal/authn/manager.go:203.2,204.44 2 0
git.example.com/infra/openbao-sdk-go/internal/authn/manager.go:204.44,208.3 3 0
git.example.com/infra/openbao-sdk-go/internal/authn/manager.go:209.2,217.11 9 0
git.example.com/infra/openbao-sdk-go/internal/authn/manager.go:217.11,219.3 1 0
git.example.com/infra/openbao-sdk-go/internal/authn/manager.go:219.8,221.3 1 0
git.example.com/infra/openbao-sdk-go/internal/authn/manager.go:222.2,223.16 2 0
git.example.com/infra/openbao-sdk-go/internal/authn/manager.go:223.16,227.22 4 0
git.example.com/infra/openbao-sdk-go/internal/authn/manager.go:227.22,229.4 1 0
git.example.com/infra/openbao-sdk-go/internal/authn/manager.go:231.3,233.170 3 0
git.example.com/infra/openbao-sdk-go/internal/authn/manager.go:233.170,235.4 1 0
git.example.com/infra/openbao-sdk-go/internal/authn/manager.go:237.2,241.12 5 0
git.example.com/infra/openbao-sdk-go/internal/authn/manager.go:245.50,246.37 1 0
git.example.com/infra/openbao-sdk-go/internal/authn/manager.go:246.37,248.3 1 0
git.example.com/infra/openbao-sdk-go/internal/authn/manager.go:249.2,249.38 1 0
git.example.com/infra/openbao-sdk-go/internal/authn/manager.go:249.38,251.3 1 0
git.example.com/infra/openbao-sdk-go/internal/authn/manager.go:252.2,252.6 1 0
git.example.com/infra/openbao-sdk-go/internal/authn/manager.go:252.6,254.15 2 0
git.example.com/infra/openbao-sdk-go/internal/authn/manager.go:254.15,257.4 2 0
git.example.com/infra/openbao-sdk-go/internal/authn/manager.go:258.3,258.38 1 0
git.example.com/infra/openbao-sdk-go/internal/authn/manager.go:258.38,259.11 1 0
git.example.com/infra/openbao-sdk-go/internal/authn/manager.go:260.16,263.24 3 0
git.example.com/infra/openbao-sdk-go/internal/authn/manager.go:264.12,265.59 1 0
git.example.com/infra/openbao-sdk-go/internal/authn/manager.go:265.59,268.6 2 0
git.example.com/infra/openbao-sdk-go/internal/authn/manager.go:269.5,270.12 2 0
git.example.com/infra/openbao-sdk-go/internal/authn/manager.go:271.17,272.14 1 0
git.example.com/infra/openbao-sdk-go/internal/authn/manager.go:273.23,274.29 1 0
git.example.com/infra/openbao-sdk-go/internal/authn/manager.go:278.3,278.38 1 0
git.example.com/infra/openbao-sdk-go/internal/authn/manager.go:278.38,281.4 2 0
git.example.com/infra/openbao-sdk-go/internal/authn/manager.go:282.3,288.13 7 0
git.example.com/infra/openbao-sdk-go/internal/authn/manager.go:288.13,288.46 2 0
git.example.com/infra/openbao-sdk-go/internal/authn/manager.go:289.3,289.13 1 0
git.example.com/infra/openbao-sdk-go/internal/authn/manager.go:292.44,293.6 1 0
git.example.com/infra/openbao-sdk-go/internal/authn/manager.go:293.6,300.17 7 0
git.example.com/infra/openbao-sdk-go/internal/authn/manager.go:300.17,302.4 1 0
git.example.com/infra/openbao-sdk-go/internal/authn/manager.go:303.3,303.48 1 0
git.example.com/infra/openbao-sdk-go/internal/authn/manager.go:303.48,305.4 1 0
git.example.com/infra/openbao-sdk-go/internal/authn/manager.go:306.3,307.10 2 0
git.example.com/infra/openbao-sdk-go/internal/authn/manager.go:308.21,310.10 2 0
git.example.com/infra/openbao-sdk-go/internal/authn/manager.go:311.20,312.16 1 0
git.example.com/infra/openbao-sdk-go/internal/authn/manager.go:314.3,314.23 1 0
git.example.com/infra/openbao-sdk-go/internal/authn/manager.go:314.23,316.4 1 0
git.example.com/infra/openbao-sdk-go/internal/authn/manager.go:317.3,317.21 1 0
git.example.com/infra/openbao-sdk-go/internal/authn/manager.go:322.51,323.37 1 0
git.example.com/infra/openbao-sdk-go/internal/authn/manager.go:323.37,325.26 2 0
git.example.com/infra/openbao-sdk-go/internal/authn/manager.go:325.26,327.4 1 0
git.example.com/infra/openbao-sdk-go/internal/authn/manager.go:328.3,329.11 2 0
git.example.com/infra/openbao-sdk-go/internal/authn/manager.go:331.2,334.19 4 0
git.example.com/infra/openbao-sdk-go/internal/authn/manager.go:334.19,336.3 1 0
git.example.com/infra/openbao-sdk-go/internal/authn/manager.go:337.2,337.17 1 0
git.example.com/infra/openbao-sdk-go/internal/authn/manager.go:337.17,339.3 1 0
git.example.com/infra/openbao-sdk-go/internal/authn/manager.go:340.2,340.9 1 0
git.example.com/infra/openbao-sdk-go/internal/authn/manager.go:341.14,342.13 1 0
git.example.com/infra/openbao-sdk-go/internal/authn/manager.go:343.20,344.26 1 0
git.example.com/infra/openbao-sdk-go/internal/authn/manager.go:349.26,354.25 5 0
git.example.com/infra/openbao-sdk-go/internal/authn/manager.go:354.25,356.3 1 0
git.example.com/infra/openbao-sdk-go/internal/engine/client.go:35.56,37.2 1 0
git.example.com/infra/openbao-sdk-go/internal/engine/client.go:38.43,38.78 1 0
git.example.com/infra/openbao-sdk-go/internal/engine/client.go:39.55,40.12 1 0
git.example.com/infra/openbao-sdk-go/internal/engine/client.go:41.28,42.28 1 0
git.example.com/infra/openbao-sdk-go/internal/engine/client.go:43.20,44.28 1 0
git.example.com/infra/openbao-sdk-go/internal/engine/client.go:45.18,46.28 1 0
git.example.com/infra/openbao-sdk-go/internal/engine/client.go:48.2,48.29 1 0
git.example.com/infra/openbao-sdk-go/internal/engine/client.go:50.79,52.26 2 0
git.example.com/infra/openbao-sdk-go/internal/engine/client.go:52.26,54.3 1 0
git.example.com/infra/openbao-sdk-go/internal/engine/client.go:55.2,56.17 2 0
git.example.com/infra/openbao-sdk-go/internal/engine/client.go:56.17,58.3 1 0
git.example.com/infra/openbao-sdk-go/internal/engine/client.go:59.2,59.27 1 0
git.example.com/infra/openbao-sdk-go/internal/engine/client.go:59.27,61.3 1 0
git.example.com/infra/openbao-sdk-go/internal/engine/client.go:62.2,62.77 1 0
git.example.com/infra/openbao-sdk-go/internal/engine/client.go:62.77,64.3 1 0
git.example.com/infra/openbao-sdk-go/internal/engine/client.go:65.2,65.24 1 0
git.example.com/infra/openbao-sdk-go/internal/engine/client.go:65.24,66.54 1 0
git.example.com/infra/openbao-sdk-go/internal/engine/client.go:66.54,68.4 1 0
git.example.com/infra/openbao-sdk-go/internal/engine/client.go:70.2,72.22 3 0
git.example.com/infra/openbao-sdk-go/internal/engine/client.go:72.22,74.3 1 0
git.example.com/infra/openbao-sdk-go/internal/engine/client.go:75.2,75.51 1 0
git.example.com/infra/openbao-sdk-go/internal/engine/client.go:75.51,76.10 1 0
git.example.com/infra/openbao-sdk-go/internal/engine/client.go:77.30,78.17 1 0
git.example.com/infra/openbao-sdk-go/internal/engine/client.go:78.17,78.30 1 0
git.example.com/infra/openbao-sdk-go/internal/engine/client.go:79.21,80.68 1 0
git.example.com/infra/openbao-sdk-go/internal/engine/client.go:83.2,84.24 2 0
git.example.com/infra/openbao-sdk-go/internal/engine/client.go:84.24,86.3 1 0
git.example.com/infra/openbao-sdk-go/internal/engine/client.go:87.2,87.33 1 0
git.example.com/infra/openbao-sdk-go/internal/engine/client.go:87.33,88.23 1 0
git.example.com/infra/openbao-sdk-go/internal/engine/client.go:88.23,90.4 1 0
git.example.com/infra/openbao-sdk-go/internal/engine/client.go:91.3,92.26 2 0
git.example.com/infra/openbao-sdk-go/internal/engine/client.go:92.26,95.18 3 0
git.example.com/infra/openbao-sdk-go/internal/engine/client.go:95.18,96.25 1 0
git.example.com/infra/openbao-sdk-go/internal/engine/client.go:96.25,98.6 1 0
git.example.com/infra/openbao-sdk-go/internal/engine/client.go:99.5,100.41 2 0
git.example.com/infra/openbao-sdk-go/internal/engine/client.go:100.41,102.6 1 0
git.example.com/infra/openbao-sdk-go/internal/engine/client.go:103.5,103.96 1 0
git.example.com/infra/openbao-sdk-go/internal/engine/client.go:105.4,105.26 1 0
git.example.com/infra/openbao-sdk-go/internal/engine/client.go:105.26,107.5 1 0
git.example.com/infra/openbao-sdk-go/internal/engine/client.go:108.9,108.59 1 0
git.example.com/infra/openbao-sdk-go/internal/engine/client.go:108.59,110.4 1 0
git.example.com/infra/openbao-sdk-go/internal/engine/client.go:111.3,111.23 1 0
git.example.com/infra/openbao-sdk-go/internal/engine/client.go:111.23,113.4 1 0
git.example.com/infra/openbao-sdk-go/internal/engine/client.go:114.3,115.15 2 0
git.example.com/infra/openbao-sdk-go/internal/engine/client.go:115.15,117.4 1 0
git.example.com/infra/openbao-sdk-go/internal/engine/client.go:118.3,121.17 4 0
git.example.com/infra/openbao-sdk-go/internal/engine/client.go:121.17,123.41 2 0
git.example.com/infra/openbao-sdk-go/internal/engine/client.go:123.41,126.5 2 0
git.example.com/infra/openbao-sdk-go/internal/engine/client.go:127.9,128.29 1 0
git.example.com/infra/openbao-sdk-go/internal/engine/client.go:128.29,129.21 1 0
git.example.com/infra/openbao-sdk-go/internal/engine/client.go:130.39,131.19 1 0
git.example.com/infra/openbao-sdk-go/internal/engine/client.go:134.4,134.20 1 0
git.example.com/infra/openbao-sdk-go/internal/engine/client.go:135.13,136.36 1 0
git.example.com/infra/openbao-sdk-go/internal/engine/client.go:136.36,138.6 1 0
git.example.com/infra/openbao-sdk-go/internal/engine/client.go:139.5,139.34 1 0
git.example.com/infra/openbao-sdk-go/internal/engine/client.go:139.34,140.56 1 0
git.example.com/infra/openbao-sdk-go/internal/engine/client.go:140.56,142.7 1 0
git.example.com/infra/openbao-sdk-go/internal/engine/client.go:144.5,144.18 1 0
git.example.com/infra/openbao-sdk-go/internal/engine/client.go:145.13,146.15 1 0
git.example.com/infra/openbao-sdk-go/internal/engine/client.go:146.15,148.6 1 0
git.example.com/infra/openbao-sdk-go/internal/engine/client.go:149.5,149.46 1 0
git.example.com/infra/openbao-sdk-go/internal/engine/client.go:150.12,151.50 1 0
git.example.com/infra/openbao-sdk-go/internal/engine/client.go:154.3,154.30 1 0
git.example.com/infra/openbao-sdk-go/internal/engine/client.go:154.30,156.4 1 0
git.example.com/infra/openbao-sdk-go/internal/engine/client.go:157.3,158.13 2 0
git.example.com/infra/openbao-sdk-go/internal/engine/client.go:158.13,160.4 1 0
git.example.com/infra/openbao-sdk-go/internal/engine/client.go:161.3,162.30 2 0
git.example.com/infra/openbao-sdk-go/internal/engine/client.go:162.30,164.4 1 0
git.example.com/infra/openbao-sdk-go/internal/engine/client.go:166.2,166.89 1 0
git.example.com/infra/openbao-sdk-go/internal/engine/client.go:168.32,169.36 1 0
git.example.com/infra/openbao-sdk-go/internal/engine/client.go:169.36,171.3 1 0
git.example.com/infra/openbao-sdk-go/internal/engine/client.go:172.2,172.19 1 0
git.example.com/infra/openbao-sdk-go/internal/engine/client.go:172.19,173.33 1 0
git.example.com/infra/openbao-sdk-go/internal/engine/client.go:173.33,175.4 1 0
git.example.com/infra/openbao-sdk-go/internal/engine/client.go:177.2,177.13 1 0
git.example.com/infra/openbao-sdk-go/internal/engine/client.go:182.35,183.19 1 0
git.example.com/infra/openbao-sdk-go/internal/engine/client.go:183.19,185.3 1 0
git.example.com/infra/openbao-sdk-go/internal/engine/client.go:186.2,187.16 2 0
git.example.com/infra/openbao-sdk-go/internal/engine/client.go:187.16,189.3 1 0
git.example.com/infra/openbao-sdk-go/internal/engine/client.go:190.2,191.25 2 0
git.example.com/infra/openbao-sdk-go/internal/engine/client.go:191.25,193.3 1 0
git.example.com/infra/openbao-sdk-go/internal/engine/client.go:194.2,194.30 1 0
git.example.com/infra/openbao-sdk-go/internal/engine/client.go:194.30,195.46 1 0
git.example.com/infra/openbao-sdk-go/internal/engine/client.go:195.46,196.16 1 0
git.example.com/infra/openbao-sdk-go/internal/engine/client.go:196.16,198.5 1 0
git.example.com/infra/openbao-sdk-go/internal/engine/client.go:199.9,199.85 1 0
git.example.com/infra/openbao-sdk-go/internal/engine/client.go:199.85,201.4 1 0
git.example.com/infra/openbao-sdk-go/internal/engine/client.go:203.2,203.10 1 0
git.example.com/infra/openbao-sdk-go/internal/engine/client.go:208.70,209.14 1 0
git.example.com/infra/openbao-sdk-go/internal/engine/client.go:209.14,211.3 1 0
git.example.com/infra/openbao-sdk-go/internal/engine/client.go:212.2,213.14 2 0
git.example.com/infra/openbao-sdk-go/internal/engine/client.go:213.14,215.3 1 0
git.example.com/infra/openbao-sdk-go/internal/engine/client.go:216.2,216.30 1 0
git.example.com/infra/openbao-sdk-go/internal/engine/client.go:216.30,218.24 2 0
git.example.com/infra/openbao-sdk-go/internal/engine/client.go:218.24,220.4 1 0
git.example.com/infra/openbao-sdk-go/internal/engine/client.go:222.2,222.15 1 0
git.example.com/infra/openbao-sdk-go/internal/engine/client.go:224.62,226.14 2 0
git.example.com/infra/openbao-sdk-go/internal/engine/client.go:226.14,228.3 1 0
git.example.com/infra/openbao-sdk-go/internal/engine/client.go:229.2,230.9 2 0
git.example.com/infra/openbao-sdk-go/internal/engine/client.go:230.9,232.3 1 0
git.example.com/infra/openbao-sdk-go/internal/engine/client.go:233.2,233.15 1 0
git.example.com/infra/openbao-sdk-go/internal/engine/client.go:235.29,237.9 2 0
git.example.com/infra/openbao-sdk-go/internal/engine/client.go:237.9,239.3 1 0
git.example.com/infra/openbao-sdk-go/internal/engine/client.go:240.2,241.36 2 0
git.example.com/infra/openbao-sdk-go/internal/engine/client.go:241.36,243.3 1 0
git.example.com/infra/openbao-sdk-go/internal/engine/client.go:244.2,244.21 1 0
git.example.com/infra/openbao-sdk-go/internal/engine/errors.go:19.43,19.72 1 0
git.example.com/infra/openbao-sdk-go/internal/engine/errors.go:20.43,20.61 1 0
git.example.com/infra/openbao-sdk-go/internal/engine/errors.go:21.93,23.2 1 0
git.example.com/infra/openbao-sdk-go/internal/engine/errors.go:24.96,26.52 2 0
git.example.com/infra/openbao-sdk-go/internal/engine/errors.go:26.52,28.3 1 0
git.example.com/infra/openbao-sdk-go/internal/engine/errors.go:29.2,29.46 1 0
git.example.com/infra/openbao-sdk-go/internal/engine/errors.go:31.35,38.2 6 0
git.example.com/infra/openbao-sdk-go/internal/engine/errors.go:39.81,42.25 3 0
git.example.com/infra/openbao-sdk-go/internal/engine/errors.go:42.25,44.3 1 0
git.example.com/infra/openbao-sdk-go/internal/engine/errors.go:45.2,46.32 2 0
git.example.com/infra/openbao-sdk-go/internal/engine/errors.go:46.32,48.3 1 0
git.example.com/infra/openbao-sdk-go/internal/engine/errors.go:49.2,51.9 3 0
git.example.com/infra/openbao-sdk-go/internal/engine/errors.go:52.40,54.16 2 0
git.example.com/infra/openbao-sdk-go/internal/engine/errors.go:55.48,57.16 2 0
git.example.com/infra/openbao-sdk-go/internal/engine/errors.go:58.43,60.16 2 0
git.example.com/infra/openbao-sdk-go/internal/engine/errors.go:61.42,63.16 2 0
git.example.com/infra/openbao-sdk-go/internal/engine/errors.go:64.25,66.16 2 0
git.example.com/infra/openbao-sdk-go/internal/engine/errors.go:68.2,68.46 1 0
git.example.com/infra/openbao-sdk-go/internal/engine/errors.go:70.75,72.24 2 0
git.example.com/infra/openbao-sdk-go/internal/engine/errors.go:72.24,74.3 1 0
git.example.com/infra/openbao-sdk-go/internal/engine/errors.go:75.2,77.39 3 0
git.example.com/infra/openbao-sdk-go/internal/engine/errors.go:77.39,80.3 2 0
git.example.com/infra/openbao-sdk-go/internal/engine/errors.go:81.2,82.21 2 0
git.example.com/infra/openbao-sdk-go/internal/engine/errors.go:82.21,85.15 3 0
git.example.com/infra/openbao-sdk-go/internal/engine/errors.go:85.15,87.4 1 0
git.example.com/infra/openbao-sdk-go/internal/engine/errors.go:91.2,91.59 1 0
git.example.com/infra/openbao-sdk-go/internal/engine/errors.go:91.59,93.28 2 0
git.example.com/infra/openbao-sdk-go/internal/engine/errors.go:93.28,95.4 1 0
git.example.com/infra/openbao-sdk-go/internal/engine/errors.go:96.3,96.29 1 0
git.example.com/infra/openbao-sdk-go/internal/engine/errors.go:96.29,98.25 2 0
git.example.com/infra/openbao-sdk-go/internal/engine/errors.go:98.25,100.5 1 0
git.example.com/infra/openbao-sdk-go/internal/engine/errors.go:103.2,103.18 1 0
git.example.com/infra/openbao-sdk-go/internal/engine/errors.go:104.11,107.36 3 0
git.example.com/infra/openbao-sdk-go/internal/engine/errors.go:107.36,108.63 1 0
git.example.com/infra/openbao-sdk-go/internal/engine/errors.go:108.63,109.106 1 0
git.example.com/infra/openbao-sdk-go/internal/engine/errors.go:109.106,111.6 1 0
git.example.com/infra/openbao-sdk-go/internal/engine/errors.go:114.11,116.29 2 0
git.example.com/infra/openbao-sdk-go/internal/engine/errors.go:117.11,119.29 2 0
git.example.com/infra/openbao-sdk-go/internal/engine/errors.go:120.11,124.24 2 0
git.example.com/infra/openbao-sdk-go/internal/engine/errors.go:124.24,126.4 1 0
git.example.com/infra/openbao-sdk-go/internal/engine/errors.go:127.3,127.74 1 0
git.example.com/infra/openbao-sdk-go/internal/engine/errors.go:127.74,129.4 1 0
git.example.com/infra/openbao-sdk-go/internal/engine/errors.go:130.31,131.29 1 0
git.example.com/infra/openbao-sdk-go/internal/engine/errors.go:132.10,133.36 1 0
git.example.com/infra/openbao-sdk-go/internal/engine/errors.go:135.2,135.48 1 0
git.example.com/infra/openbao-sdk-go/internal/engine/errors.go:137.48,139.9 2 0
git.example.com/infra/openbao-sdk-go/internal/engine/errors.go:139.9,141.3 1 0
git.example.com/infra/openbao-sdk-go/internal/engine/errors.go:142.2,143.9 2 0
git.example.com/infra/openbao-sdk-go/internal/engine/errors.go:143.9,145.3 1 0
git.example.com/infra/openbao-sdk-go/internal/engine/errors.go:146.2,147.9 2 0
git.example.com/infra/openbao-sdk-go/internal/engine/errors.go:147.9,149.3 1 0
git.example.com/infra/openbao-sdk-go/internal/engine/errors.go:150.2,151.24 2 0
git.example.com/infra/openbao-sdk-go/internal/engine/errors.go:151.24,153.3 1 0
git.example.com/infra/openbao-sdk-go/internal/engine/errors.go:154.2,154.61 1 0
git.example.com/infra/openbao-sdk-go/internal/engine/errors.go:154.61,156.3 1 0
git.example.com/infra/openbao-sdk-go/internal/engine/errors.go:157.2,158.20 2 0
git.example.com/infra/openbao-sdk-go/internal/engine/errors.go:158.20,160.3 1 0
git.example.com/infra/openbao-sdk-go/internal/engine/errors.go:161.2,162.33 2 0
git.example.com/infra/openbao-sdk-go/internal/engine/errors.go:164.94,169.2 4 0
git.example.com/infra/openbao-sdk-go/internal/engine/errors.go:170.55,173.24 3 0
git.example.com/infra/openbao-sdk-go/internal/engine/errors.go:173.24,175.3 1 0
git.example.com/infra/openbao-sdk-go/internal/engine/errors.go:176.2,176.14 1 0
git.example.com/infra/openbao-sdk-go/internal/engine/errors.go:176.14,178.3 1 0
git.example.com/infra/openbao-sdk-go/internal/engine/errors.go:179.2,179.63 1 0
git.example.com/infra/openbao-sdk-go/internal/engine/errors.go:182.44,184.27 2 0
git.example.com/infra/openbao-sdk-go/internal/engine/errors.go:184.27,186.3 1 0
git.example.com/infra/openbao-sdk-go/internal/engine/errors.go:187.2,187.25 1 0
git.example.com/infra/openbao-sdk-go/internal/engine/errors.go:187.25,189.21 2 0
git.example.com/infra/openbao-sdk-go/internal/engine/errors.go:189.21,191.4 1 0
git.example.com/infra/openbao-sdk-go/internal/engine/errors.go:193.2,193.13 1 0
git.example.com/infra/openbao-sdk-go/internal/engine/operations.go:57.46,57.87 2 0
git.example.com/infra/openbao-sdk-go/internal/engine/operations.go:58.46,58.113 1 0
git.example.com/infra/openbao-sdk-go/internal/engine/path.go:10.38,11.60 1 0
git.example.com/infra/openbao-sdk-go/internal/engine/path.go:11.60,13.3 1 0
git.example.com/infra/openbao-sdk-go/internal/engine/path.go:14.2,14.30 1 0
git.example.com/infra/openbao-sdk-go/internal/engine/path.go:14.30,16.114 2 0
git.example.com/infra/openbao-sdk-go/internal/engine/path.go:16.114,18.4 1 0
git.example.com/infra/openbao-sdk-go/internal/engine/path.go:20.2,20.12 1 0
git.example.com/infra/openbao-sdk-go/internal/engine/path.go:22.35,23.13 1 0
git.example.com/infra/openbao-sdk-go/internal/engine/path.go:23.13,25.3 1 0
git.example.com/infra/openbao-sdk-go/internal/engine/path.go:26.2,26.44 1 0
git.example.com/infra/openbao-sdk-go/internal/engine/path.go:26.44,27.34 1 0
git.example.com/infra/openbao-sdk-go/internal/engine/path.go:27.34,29.4 1 0
git.example.com/infra/openbao-sdk-go/internal/engine/path.go:31.2,31.12 1 0
git.example.com/infra/openbao-sdk-go/internal/engine/retry.go:12.100,14.25 2 0
git.example.com/infra/openbao-sdk-go/internal/engine/retry.go:14.25,15.26 1 0
git.example.com/infra/openbao-sdk-go/internal/engine/retry.go:15.26,17.9 2 0
git.example.com/infra/openbao-sdk-go/internal/engine/retry.go:19.3,19.11 1 0
git.example.com/infra/openbao-sdk-go/internal/engine/retry.go:21.2,21.22 1 0
git.example.com/infra/openbao-sdk-go/internal/engine/retry.go:21.22,23.3 1 0
git.example.com/infra/openbao-sdk-go/internal/engine/retry.go:24.2,25.13 2 0
git.example.com/infra/openbao-sdk-go/internal/engine/retry.go:25.13,27.3 1 0
git.example.com/infra/openbao-sdk-go/internal/engine/retry.go:28.2,28.40 1 0
git.example.com/infra/openbao-sdk-go/internal/engine/retry.go:28.40,30.77 2 0
git.example.com/infra/openbao-sdk-go/internal/engine/retry.go:30.77,31.62 1 0
git.example.com/infra/openbao-sdk-go/internal/engine/retry.go:31.62,33.5 1 0
git.example.com/infra/openbao-sdk-go/internal/engine/retry.go:34.4,34.53 1 0
git.example.com/infra/openbao-sdk-go/internal/engine/retry.go:35.9,35.52 1 0
git.example.com/infra/openbao-sdk-go/internal/engine/retry.go:35.52,37.22 2 0
git.example.com/infra/openbao-sdk-go/internal/engine/retry.go:37.22,39.5 1 0
git.example.com/infra/openbao-sdk-go/internal/engine/retry.go:40.9,42.4 1 0
git.example.com/infra/openbao-sdk-go/internal/engine/retry.go:43.3,43.30 1 0
git.example.com/infra/openbao-sdk-go/internal/engine/retry.go:43.30,45.4 1 0
git.example.com/infra/openbao-sdk-go/internal/engine/retry.go:46.3,46.25 1 0
git.example.com/infra/openbao-sdk-go/internal/engine/retry.go:46.25,48.4 1 0
git.example.com/infra/openbao-sdk-go/internal/engine/retry.go:50.2,50.73 1 0
git.example.com/infra/openbao-sdk-go/internal/engine/retry.go:50.73,52.3 1 0
git.example.com/infra/openbao-sdk-go/internal/engine/retry.go:53.2,53.20 1 0
git.example.com/infra/openbao-sdk-go/internal/engine/retry.go:55.55,58.9 3 0
git.example.com/infra/openbao-sdk-go/internal/engine/retry.go:59.20,60.19 1 0
git.example.com/infra/openbao-sdk-go/internal/engine/retry.go:61.17,62.13 1 0
git.example.com/infra/openbao-sdk-go/internal/engine/transport.go:32.68,35.2 2 0
git.example.com/infra/openbao-sdk-go/internal/engine/transport.go:36.56,40.2 3 0
git.example.com/infra/openbao-sdk-go/internal/engine/transport.go:41.50,42.14 1 0
git.example.com/infra/openbao-sdk-go/internal/engine/transport.go:42.14,44.3 1 0
git.example.com/infra/openbao-sdk-go/internal/engine/transport.go:45.2,48.15 4 0
git.example.com/infra/openbao-sdk-go/internal/engine/transport.go:50.31,51.14 1 0
git.example.com/infra/openbao-sdk-go/internal/engine/transport.go:51.14,53.3 1 0
git.example.com/infra/openbao-sdk-go/internal/engine/transport.go:54.2,56.15 3 0
git.example.com/infra/openbao-sdk-go/internal/engine/transport.go:58.39,61.2 2 0
git.example.com/infra/openbao-sdk-go/internal/engine/transport.go:78.58,79.112 1 0
git.example.com/infra/openbao-sdk-go/internal/engine/transport.go:79.112,81.3 1 0
git.example.com/infra/openbao-sdk-go/internal/engine/transport.go:82.2,83.22 2 0
git.example.com/infra/openbao-sdk-go/internal/engine/transport.go:83.22,85.15 2 0
git.example.com/infra/openbao-sdk-go/internal/engine/transport.go:85.15,87.4 1 0
git.example.com/infra/openbao-sdk-go/internal/engine/transport.go:88.3,88.29 1 0
git.example.com/infra/openbao-sdk-go/internal/engine/transport.go:90.2,90.58 1 0
git.example.com/infra/openbao-sdk-go/internal/engine/transport.go:92.44,92.77 1 0
git.example.com/infra/openbao-sdk-go/internal/engine/transport.go:93.74,95.32 2 0
git.example.com/infra/openbao-sdk-go/internal/engine/transport.go:95.32,97.3 1 0
git.example.com/infra/openbao-sdk-go/internal/engine/transport.go:98.2,100.16 3 0
git.example.com/infra/openbao-sdk-go/internal/engine/transport.go:100.16,103.3 2 0
git.example.com/infra/openbao-sdk-go/internal/engine/transport.go:104.2,107.81 4 0
git.example.com/infra/openbao-sdk-go/internal/engine/transport.go:107.81,108.20 1 0
git.example.com/infra/openbao-sdk-go/internal/engine/transport.go:108.20,111.4 2 0
git.example.com/infra/openbao-sdk-go/internal/engine/transport.go:112.3,113.15 2 0
git.example.com/infra/openbao-sdk-go/internal/engine/transport.go:113.15,116.4 2 0
git.example.com/infra/openbao-sdk-go/internal/engine/transport.go:117.3,122.27 6 0
git.example.com/infra/openbao-sdk-go/internal/engine/transport.go:124.2,125.30 2 0
git.example.com/infra/openbao-sdk-go/internal/engine/transport.go:125.30,129.3 3 0
git.example.com/infra/openbao-sdk-go/internal/engine/transport.go:130.2,130.14 1 0
git.example.com/infra/openbao-sdk-go/internal/engine/transport.go:130.14,134.3 3 0
git.example.com/infra/openbao-sdk-go/internal/engine/transport.go:135.2,138.18 4 0
git.example.com/infra/openbao-sdk-go/internal/engine/transport.go:143.47,144.106 1 0
git.example.com/infra/openbao-sdk-go/internal/engine/transport.go:144.106,144.140 1 0
git.example.com/infra/openbao-sdk-go/internal/engine/types.go:22.27,23.14 1 0
git.example.com/infra/openbao-sdk-go/internal/engine/types.go:23.14,26.3 2 0
git.example.com/infra/openbao-sdk-go/internal/jsondoc/json.go:19.54,20.22 1 0
git.example.com/infra/openbao-sdk-go/internal/jsondoc/json.go:20.22,22.3 1 0
git.example.com/infra/openbao-sdk-go/internal/jsondoc/json.go:23.2,26.14 4 0
git.example.com/infra/openbao-sdk-go/internal/jsondoc/json.go:26.14,28.3 1 0
git.example.com/infra/openbao-sdk-go/internal/jsondoc/json.go:29.2,29.35 1 0
git.example.com/infra/openbao-sdk-go/internal/jsondoc/json.go:29.35,31.3 1 0
git.example.com/infra/openbao-sdk-go/internal/jsondoc/json.go:32.2,32.16 1 0
git.example.com/infra/openbao-sdk-go/internal/jsondoc/json.go:32.16,33.39 1 0
git.example.com/infra/openbao-sdk-go/internal/jsondoc/json.go:33.39,35.4 1 0
git.example.com/infra/openbao-sdk-go/internal/jsondoc/json.go:37.2,37.15 1 0
git.example.com/infra/openbao-sdk-go/internal/jsondoc/json.go:39.53,41.14 2 0
git.example.com/infra/openbao-sdk-go/internal/jsondoc/json.go:41.14,43.3 1 0
git.example.com/infra/openbao-sdk-go/internal/jsondoc/json.go:44.2,44.39 1 0
git.example.com/infra/openbao-sdk-go/internal/jsondoc/json.go:44.39,45.24 1 0
git.example.com/infra/openbao-sdk-go/internal/jsondoc/json.go:45.24,47.4 1 0
git.example.com/infra/openbao-sdk-go/internal/jsondoc/json.go:48.3,48.16 1 0
git.example.com/infra/openbao-sdk-go/internal/jsondoc/json.go:49.12,51.17 2 0
git.example.com/infra/openbao-sdk-go/internal/jsondoc/json.go:51.17,53.17 2 0
git.example.com/infra/openbao-sdk-go/internal/jsondoc/json.go:53.17,55.6 1 0
git.example.com/infra/openbao-sdk-go/internal/jsondoc/json.go:56.5,57.12 2 0
git.example.com/infra/openbao-sdk-go/internal/jsondoc/json.go:57.12,59.6 1 0
git.example.com/infra/openbao-sdk-go/internal/jsondoc/json.go:60.5,60.36 1 0
git.example.com/infra/openbao-sdk-go/internal/jsondoc/json.go:60.36,62.6 1 0
git.example.com/infra/openbao-sdk-go/internal/jsondoc/json.go:63.5,64.17 2 0
git.example.com/infra/openbao-sdk-go/internal/jsondoc/json.go:64.17,66.6 1 0
git.example.com/infra/openbao-sdk-go/internal/jsondoc/json.go:67.5,67.15 1 0
git.example.com/infra/openbao-sdk-go/internal/jsondoc/json.go:69.4,70.42 2 0
git.example.com/infra/openbao-sdk-go/internal/jsondoc/json.go:70.42,72.5 1 0
git.example.com/infra/openbao-sdk-go/internal/jsondoc/json.go:73.4,73.17 1 0
git.example.com/infra/openbao-sdk-go/internal/jsondoc/json.go:74.12,76.17 2 0
git.example.com/infra/openbao-sdk-go/internal/jsondoc/json.go:76.17,78.17 2 0
git.example.com/infra/openbao-sdk-go/internal/jsondoc/json.go:78.17,80.6 1 0
git.example.com/infra/openbao-sdk-go/internal/jsondoc/json.go:81.5,81.21 1 0
git.example.com/infra/openbao-sdk-go/internal/jsondoc/json.go:83.4,84.42 2 0
git.example.com/infra/openbao-sdk-go/internal/jsondoc/json.go:84.42,86.5 1 0
git.example.com/infra/openbao-sdk-go/internal/jsondoc/json.go:87.4,87.17 1 0
git.example.com/infra/openbao-sdk-go/internal/jsondoc/json.go:88.11,89.26 1 0
git.example.com/infra/openbao-sdk-go/internal/jsondoc/json.go:92.2,92.20 1 0
git.example.com/infra/openbao-sdk-go/internal/jsondoc/json.go:93.38,94.18 1 0
git.example.com/infra/openbao-sdk-go/internal/jsondoc/json.go:95.10,96.25 1 0
git.example.com/infra/openbao-sdk-go/internal/jsondoc/json.go:99.49,101.14 2 0
git.example.com/infra/openbao-sdk-go/internal/jsondoc/json.go:101.14,103.3 1 0
git.example.com/infra/openbao-sdk-go/internal/jsondoc/json.go:104.2,104.32 1 0
git.example.com/infra/openbao-sdk-go/internal/pkiutil/parse.go:19.70,20.50 1 0
git.example.com/infra/openbao-sdk-go/internal/pkiutil/parse.go:20.50,22.3 1 0
git.example.com/infra/openbao-sdk-go/internal/pkiutil/parse.go:23.2,26.20 4 0
git.example.com/infra/openbao-sdk-go/internal/pkiutil/parse.go:26.20,27.88 1 0
git.example.com/infra/openbao-sdk-go/internal/pkiutil/parse.go:27.88,29.4 1 0
git.example.com/infra/openbao-sdk-go/internal/pkiutil/parse.go:30.3,31.65 2 0
git.example.com/infra/openbao-sdk-go/internal/pkiutil/parse.go:31.65,33.4 1 0
git.example.com/infra/openbao-sdk-go/internal/pkiutil/parse.go:34.3,35.104 2 0
git.example.com/infra/openbao-sdk-go/internal/pkiutil/parse.go:35.104,37.4 1 0
git.example.com/infra/openbao-sdk-go/internal/pkiutil/parse.go:38.3,40.31 3 0
git.example.com/infra/openbao-sdk-go/internal/pkiutil/parse.go:42.2,42.21 1 0
git.example.com/infra/openbao-sdk-go/internal/pkiutil/parse.go:42.21,44.3 1 0
git.example.com/infra/openbao-sdk-go/internal/pkiutil/parse.go:45.2,45.27 1 0
git.example.com/infra/openbao-sdk-go/internal/pkiutil/parse.go:47.56,48.50 1 0
git.example.com/infra/openbao-sdk-go/internal/pkiutil/parse.go:48.50,50.3 1 0
git.example.com/infra/openbao-sdk-go/internal/pkiutil/parse.go:51.2,52.152 2 0
git.example.com/infra/openbao-sdk-go/internal/pkiutil/parse.go:52.152,54.3 1 0
git.example.com/infra/openbao-sdk-go/internal/pkiutil/parse.go:55.2,56.146 2 0
git.example.com/infra/openbao-sdk-go/internal/pkiutil/parse.go:56.146,58.3 1 0
git.example.com/infra/openbao-sdk-go/internal/pkiutil/parse.go:59.2,60.45 2 0
git.example.com/infra/openbao-sdk-go/internal/pkiutil/parse.go:60.45,62.3 1 0
git.example.com/infra/openbao-sdk-go/internal/pkiutil/parse.go:63.2,63.17 1 0
git.example.com/infra/openbao-sdk-go/internal/pkiutil/parse.go:65.52,66.50 1 0
git.example.com/infra/openbao-sdk-go/internal/pkiutil/parse.go:66.50,68.3 1 0
git.example.com/infra/openbao-sdk-go/internal/pkiutil/parse.go:69.2,70.67 2 0
git.example.com/infra/openbao-sdk-go/internal/pkiutil/parse.go:70.67,72.3 1 0
git.example.com/infra/openbao-sdk-go/internal/pkiutil/parse.go:73.2,74.97 2 0
git.example.com/infra/openbao-sdk-go/internal/pkiutil/parse.go:74.97,76.3 1 0
git.example.com/infra/openbao-sdk-go/internal/pkiutil/parse.go:77.2,79.14 3 0
git.example.com/infra/openbao-sdk-go/internal/pkiutil/parse.go:79.14,81.3 1 0
git.example.com/infra/openbao-sdk-go/internal/pkiutil/parse.go:82.2,83.9 2 0
git.example.com/infra/openbao-sdk-go/internal/pkiutil/parse.go:83.9,85.3 1 0
git.example.com/infra/openbao-sdk-go/internal/pkiutil/parse.go:86.2,86.15 1 0
git.example.com/infra/openbao-sdk-go/internal/pkiutil/parse.go:88.32,90.14 2 0
git.example.com/infra/openbao-sdk-go/internal/pkiutil/parse.go:90.14,92.3 1 0
git.example.com/infra/openbao-sdk-go/internal/pkiutil/parse.go:93.2,94.38 2 0
git.example.com/infra/openbao-sdk-go/internal/pkiutil/parse.go:96.32,97.31 1 0
git.example.com/infra/openbao-sdk-go/internal/pkiutil/parse.go:97.31,99.3 1 0
git.example.com/infra/openbao-sdk-go/internal/pkiutil/parse.go:100.2,102.35 3 0
git.example.com/infra/openbao-sdk-go/internal/pkiutil/parse.go:102.35,104.3 1 0
git.example.com/infra/openbao-sdk-go/internal/pkiutil/parse.go:105.2,105.33 1 0
git.example.com/infra/openbao-sdk-go/internal/pkiutil/parse.go:107.48,108.62 1 0
git.example.com/infra/openbao-sdk-go/internal/pkiutil/parse.go:108.62,110.3 1 0
git.example.com/infra/openbao-sdk-go/internal/pkiutil/parse.go:111.2,112.30 2 0
git.example.com/infra/openbao-sdk-go/internal/pkiutil/parse.go:112.30,114.3 1 0
git.example.com/infra/openbao-sdk-go/internal/pkiutil/parse.go:115.2,115.30 1 0
git.example.com/infra/openbao-sdk-go/internal/pkiutil/parse.go:115.30,116.22 1 0
git.example.com/infra/openbao-sdk-go/internal/pkiutil/parse.go:116.22,118.4 1 0
git.example.com/infra/openbao-sdk-go/internal/pkiutil/parse.go:119.3,119.18 1 0
git.example.com/infra/openbao-sdk-go/internal/pkiutil/parse.go:121.2,122.21 2 0
git.example.com/infra/openbao-sdk-go/internal/pkiutil/parse.go:122.21,124.27 2 0
git.example.com/infra/openbao-sdk-go/internal/pkiutil/parse.go:124.27,125.19 1 0
git.example.com/infra/openbao-sdk-go/internal/pkiutil/parse.go:125.19,127.5 1 0
git.example.com/infra/openbao-sdk-go/internal/pkiutil/parse.go:129.3,129.32 1 0
git.example.com/infra/openbao-sdk-go/internal/pkiutil/parse.go:131.2,131.21 1 0
git.example.com/infra/openbao-sdk-go/internal/pkiutil/parse.go:131.21,133.3 1 0
git.example.com/infra/openbao-sdk-go/internal/pkiutil/parse.go:134.2,134.19 1 0
git.example.com/infra/openbao-sdk-go/internal/pkiutil/parse.go:134.19,136.3 1 0
git.example.com/infra/openbao-sdk-go/internal/pkiutil/parse.go:137.2,138.14 2 0
git.example.com/infra/openbao-sdk-go/internal/pkiutil/parse.go:138.14,140.3 1 0
git.example.com/infra/openbao-sdk-go/internal/pkiutil/parse.go:141.2,142.19 2 0
git.example.com/infra/openbao-sdk-go/internal/pkiutil/parse.go:142.19,144.3 1 0
git.example.com/infra/openbao-sdk-go/internal/pkiutil/parse.go:145.2,145.23 1 0
git.example.com/infra/openbao-sdk-go/internal/transitutil/encoding.go:29.53,30.45 1 0
git.example.com/infra/openbao-sdk-go/internal/transitutil/encoding.go:30.45,32.3 1 0
git.example.com/infra/openbao-sdk-go/internal/transitutil/encoding.go:33.2,34.87 2 0
git.example.com/infra/openbao-sdk-go/internal/transitutil/encoding.go:34.87,36.3 1 0
git.example.com/infra/openbao-sdk-go/internal/transitutil/encoding.go:37.2,38.59 2 0
git.example.com/infra/openbao-sdk-go/internal/transitutil/encoding.go:38.59,40.3 1 0
git.example.com/infra/openbao-sdk-go/internal/transitutil/encoding.go:41.2,42.81 2 0
git.example.com/infra/openbao-sdk-go/internal/transitutil/encoding.go:42.81,45.3 2 0
git.example.com/infra/openbao-sdk-go/internal/transitutil/encoding.go:46.2,46.18 1 0
git.example.com/infra/openbao-sdk-go/internal/transitutil/encoding.go:48.56,49.11 1 0
git.example.com/infra/openbao-sdk-go/internal/transitutil/encoding.go:50.57,51.14 1 0
git.example.com/infra/openbao-sdk-go/internal/transitutil/encoding.go:52.30,53.17 1 0
git.example.com/infra/openbao-sdk-go/internal/transitutil/encoding.go:55.2,55.14 1 0
git.example.com/infra/openbao-sdk-go/internal/transitutil/encoding.go:57.65,59.11 2 0
git.example.com/infra/openbao-sdk-go/internal/transitutil/encoding.go:60.35,62.37 2 0
git.example.com/infra/openbao-sdk-go/internal/transitutil/encoding.go:63.28,66.28 3 0
git.example.com/infra/openbao-sdk-go/internal/transitutil/encoding.go:67.30,68.31 1 0
git.example.com/infra/openbao-sdk-go/internal/transitutil/encoding.go:70.2,70.10 1 0
git.example.com/infra/openbao-sdk-go/internal/transitutil/encoding.go:72.55,73.11 1 0
git.example.com/infra/openbao-sdk-go/internal/transitutil/encoding.go:74.35,77.67 3 0
git.example.com/infra/openbao-sdk-go/internal/transitutil/encoding.go:77.67,79.4 1 0
git.example.com/infra/openbao-sdk-go/internal/transitutil/encoding.go:80.3,81.90 2 0
git.example.com/infra/openbao-sdk-go/internal/transitutil/encoding.go:82.28,83.41 1 0
git.example.com/infra/openbao-sdk-go/internal/transitutil/encoding.go:84.30,85.41 1 0
git.example.com/infra/openbao-sdk-go/internal/transitutil/encoding.go:87.2,87.14 1 0
git.example.com/infra/openbao-sdk-go/internal/transitutil/encoding.go:91.74,92.41 1 0
git.example.com/infra/openbao-sdk-go/internal/transitutil/encoding.go:92.41,94.3 1 0
git.example.com/infra/openbao-sdk-go/internal/transitutil/encoding.go:95.2,96.64 2 0
git.example.com/infra/openbao-sdk-go/internal/transitutil/encoding.go:96.64,98.98 2 0
git.example.com/infra/openbao-sdk-go/internal/transitutil/encoding.go:98.98,100.4 1 0
git.example.com/infra/openbao-sdk-go/internal/transitutil/encoding.go:101.3,101.29 1 0
git.example.com/infra/openbao-sdk-go/internal/transitutil/encoding.go:102.8,105.174 3 0
git.example.com/infra/openbao-sdk-go/internal/transitutil/encoding.go:105.174,107.4 1 0
git.example.com/infra/openbao-sdk-go/internal/transitutil/encoding.go:108.3,110.15 3 0
git.example.com/infra/openbao-sdk-go/internal/transitutil/encoding.go:110.15,112.4 1 0
git.example.com/infra/openbao-sdk-go/internal/transitutil/encoding.go:114.2,114.14 1 0
git.example.com/infra/openbao-sdk-go/internal/transitutil/encoding.go:115.20,117.72 2 0
git.example.com/infra/openbao-sdk-go/internal/transitutil/encoding.go:117.72,119.4 1 0
git.example.com/infra/openbao-sdk-go/internal/transitutil/encoding.go:120.42,123.73 3 0
git.example.com/infra/openbao-sdk-go/internal/transitutil/encoding.go:123.73,125.4 1 0
git.example.com/infra/openbao-sdk-go/internal/transitutil/encoding.go:126.17,127.60 1 0
git.example.com/infra/openbao-sdk-go/internal/transitutil/encoding.go:127.60,129.4 1 0
git.example.com/infra/openbao-sdk-go/internal/transitutil/encoding.go:130.10,131.36 1 0
git.example.com/infra/openbao-sdk-go/internal/transitutil/encoding.go:133.2,134.14 2 0
git.example.com/infra/openbao-sdk-go/internal/transitutil/encoding.go:134.14,136.3 1 0
git.example.com/infra/openbao-sdk-go/internal/transitutil/encoding.go:137.2,137.86 1 0
git.example.com/infra/openbao-sdk-go/internal/transitutil/encoding.go:139.54,140.11 1 0
git.example.com/infra/openbao-sdk-go/internal/transitutil/encoding.go:141.35,142.30 1 0
git.example.com/infra/openbao-sdk-go/internal/transitutil/encoding.go:143.28,144.72 1 0
git.example.com/infra/openbao-sdk-go/internal/transitutil/encoding.go:145.30,146.27 1 0
git.example.com/infra/openbao-sdk-go/internal/transitutil/encoding.go:148.2,148.14 1 0
git.example.com/infra/openbao-sdk-go/internal/transitutil/encoding.go:150.106,151.60 1 0
git.example.com/infra/openbao-sdk-go/internal/transitutil/encoding.go:151.60,153.3 1 0
git.example.com/infra/openbao-sdk-go/internal/transitutil/encoding.go:154.2,154.33 1 0
git.example.com/infra/openbao-sdk-go/internal/transitutil/encoding.go:154.33,157.3 2 0
git.example.com/infra/openbao-sdk-go/internal/transitutil/encoding.go:158.2,159.16 2 0
git.example.com/infra/openbao-sdk-go/internal/transitutil/encoding.go:159.16,162.3 2 0
git.example.com/infra/openbao-sdk-go/internal/transitutil/encoding.go:162.8,162.25 1 0
git.example.com/infra/openbao-sdk-go/internal/transitutil/encoding.go:162.25,164.3 1 0
git.example.com/infra/openbao-sdk-go/internal/transitutil/encoding.go:165.2,165.25 1 0
git.example.com/infra/openbao-sdk-go/internal/transitutil/encoding.go:166.24,167.73 1 0
git.example.com/infra/openbao-sdk-go/internal/transitutil/encoding.go:168.22,169.164 1 0
git.example.com/infra/openbao-sdk-go/internal/transitutil/encoding.go:171.2,171.14 1 0
git.example.com/infra/openbao-sdk-go/kv/document.go:18.47,20.14 2 0
git.example.com/infra/openbao-sdk-go/kv/document.go:20.14,22.3 1 0
git.example.com/infra/openbao-sdk-go/kv/document.go:23.2,24.27 2 0
git.example.com/infra/openbao-sdk-go/kv/document.go:26.50,27.43 1 0
git.example.com/infra/openbao-sdk-go/kv/document.go:27.43,29.3 1 0
git.example.com/infra/openbao-sdk-go/kv/document.go:30.2,30.52 1 0
git.example.com/infra/openbao-sdk-go/kv/document.go:32.41,35.19 3 0
git.example.com/infra/openbao-sdk-go/kv/document.go:35.19,37.3 1 0
git.example.com/infra/openbao-sdk-go/kv/document.go:38.2,40.40 3 0
git.example.com/infra/openbao-sdk-go/kv/document.go:40.40,42.3 1 0
git.example.com/infra/openbao-sdk-go/kv/document.go:43.2,43.12 1 0
git.example.com/infra/openbao-sdk-go/kv/document.go:45.39,45.68 1 0
git.example.com/infra/openbao-sdk-go/kv/document.go:46.27,47.14 1 0
git.example.com/infra/openbao-sdk-go/kv/document.go:47.14,49.3 1 0
git.example.com/infra/openbao-sdk-go/kv/document.go:51.54,51.77 1 0
git.example.com/infra/openbao-sdk-go/kv/document.go:52.54,52.77 1 0
git.example.com/infra/openbao-sdk-go/kv/document.go:53.54,53.100 1 0
git.example.com/infra/openbao-sdk-go/kv/document.go:54.54,54.95 1 0
git.example.com/infra/openbao-sdk-go/kv/document.go:55.49,57.2 1 0
git.example.com/infra/openbao-sdk-go/pki/validate.go:11.30,13.2 1 0
git.example.com/infra/openbao-sdk-go/pki/validate.go:16.36,17.40 1 0
git.example.com/infra/openbao-sdk-go/pki/validate.go:17.40,19.3 1 0
git.example.com/infra/openbao-sdk-go/pki/validate.go:20.2,20.12 1 0
git.example.com/infra/openbao-sdk-go/pki/validate.go:25.74,27.170 2 0
git.example.com/infra/openbao-sdk-go/pki/validate.go:27.170,29.3 1 0
git.example.com/infra/openbao-sdk-go/pki/validate.go:30.2,31.14 2 0
git.example.com/infra/openbao-sdk-go/pki/validate.go:31.14,33.3 1 0
git.example.com/infra/openbao-sdk-go/pki/validate.go:34.2,38.71 5 0
git.example.com/infra/openbao-sdk-go/pki/validate.go:38.71,40.3 1 0
git.example.com/infra/openbao-sdk-go/pki/validate.go:41.2,42.45 2 0
git.example.com/infra/openbao-sdk-go/pki/validate.go:42.45,44.15 2 0
git.example.com/infra/openbao-sdk-go/pki/validate.go:44.15,46.4 1 0
git.example.com/infra/openbao-sdk-go/pki/validate.go:47.3,47.24 1 0
git.example.com/infra/openbao-sdk-go/pki/validate.go:47.24,48.15 1 0
git.example.com/infra/openbao-sdk-go/pki/validate.go:48.15,50.5 1 0
git.example.com/infra/openbao-sdk-go/pki/validate.go:51.4,51.20 1 0
git.example.com/infra/openbao-sdk-go/pki/validate.go:54.2,55.30 2 0
git.example.com/infra/openbao-sdk-go/pki/validate.go:55.30,57.3 1 0
git.example.com/infra/openbao-sdk-go/pki/validate.go:58.2,59.46 2 0
git.example.com/infra/openbao-sdk-go/pki/validate.go:59.46,61.3 1 0
git.example.com/infra/openbao-sdk-go/pki/validate.go:62.2,62.25 1 0
git.example.com/infra/openbao-sdk-go/pki/validate.go:62.25,64.3 1 0
git.example.com/infra/openbao-sdk-go/pki/validate.go:65.2,65.32 1 0
git.example.com/infra/openbao-sdk-go/pki/validate.go:65.32,67.15 2 0
git.example.com/infra/openbao-sdk-go/pki/validate.go:67.15,69.4 1 0
git.example.com/infra/openbao-sdk-go/pki/validate.go:70.3,70.24 1 0
git.example.com/infra/openbao-sdk-go/pki/validate.go:70.24,72.4 1 0
git.example.com/infra/openbao-sdk-go/pki/validate.go:74.2,75.18 2 0
git.example.com/infra/openbao-sdk-go/pki/validate.go:75.18,77.3 1 0
git.example.com/infra/openbao-sdk-go/pki/validate.go:78.2,78.113 1 0
git.example.com/infra/openbao-sdk-go/pki/validate.go:78.113,80.3 1 0
git.example.com/infra/openbao-sdk-go/pki/validate.go:81.2,81.193 1 0
git.example.com/infra/openbao-sdk-go/pki/validate.go:81.193,83.3 1 0
git.example.com/infra/openbao-sdk-go/pki/validate.go:84.2,84.43 1 0
git.example.com/infra/openbao-sdk-go/pki/validate.go:84.43,86.62 2 0
git.example.com/infra/openbao-sdk-go/pki/validate.go:86.62,88.4 1 0
git.example.com/infra/openbao-sdk-go/pki/validate.go:90.2,90.77 1 0
git.example.com/infra/openbao-sdk-go/pki/validate.go:90.77,92.3 1 0
git.example.com/infra/openbao-sdk-go/pki/validate.go:93.2,93.42 1 0
git.example.com/infra/openbao-sdk-go/pki/validate.go:93.42,95.40 2 0
git.example.com/infra/openbao-sdk-go/pki/validate.go:95.40,96.39 1 0
git.example.com/infra/openbao-sdk-go/pki/validate.go:96.39,98.5 1 0
git.example.com/infra/openbao-sdk-go/pki/validate.go:100.3,100.13 1 0
git.example.com/infra/openbao-sdk-go/pki/validate.go:100.13,102.4 1 0
git.example.com/infra/openbao-sdk-go/pki/validate.go:104.2,104.42 1 0
git.example.com/infra/openbao-sdk-go/pki/validate.go:104.42,106.36 2 0
git.example.com/infra/openbao-sdk-go/pki/validate.go:106.36,107.31 1 0
git.example.com/infra/openbao-sdk-go/pki/validate.go:107.31,109.5 1 0
git.example.com/infra/openbao-sdk-go/pki/validate.go:111.3,111.13 1 0
git.example.com/infra/openbao-sdk-go/pki/validate.go:111.13,113.4 1 0
git.example.com/infra/openbao-sdk-go/pki/validate.go:115.2,115.44 1 0
git.example.com/infra/openbao-sdk-go/pki/validate.go:115.44,116.156 1 0
git.example.com/infra/openbao-sdk-go/pki/validate.go:116.156,118.4 1 0
git.example.com/infra/openbao-sdk-go/pki/validate.go:120.2,120.12 1 0
git.example.com/infra/openbao-sdk-go/sensitive/bytes.go:22.35,22.102 1 3
git.example.com/infra/openbao-sdk-go/sensitive/bytes.go:23.36,24.19 1 22
git.example.com/infra/openbao-sdk-go/sensitive/bytes.go:24.19,26.3 1 0
git.example.com/infra/openbao-sdk-go/sensitive/bytes.go:27.2,29.45 3 22
git.example.com/infra/openbao-sdk-go/sensitive/bytes.go:31.24,32.31 1 3
git.example.com/infra/openbao-sdk-go/sensitive/bytes.go:32.31,34.3 1 1
git.example.com/infra/openbao-sdk-go/sensitive/bytes.go:35.2,38.20 4 2
git.example.com/infra/openbao-sdk-go/sensitive/bytes.go:40.26,41.19 1 22
git.example.com/infra/openbao-sdk-go/sensitive/bytes.go:41.19,43.3 1 0
git.example.com/infra/openbao-sdk-go/sensitive/bytes.go:44.2,46.26 3 22
git.example.com/infra/openbao-sdk-go/sensitive/bytes.go:48.51,48.74 1 1
git.example.com/infra/openbao-sdk-go/sensitive/bytes.go:49.51,49.74 1 1
git.example.com/infra/openbao-sdk-go/sensitive/bytes.go:50.51,50.97 1 7
git.example.com/infra/openbao-sdk-go/sensitive/bytes.go:51.51,51.92 1 1
git.example.com/infra/openbao-sdk-go/sensitive/bytes.go:52.46,54.2 1 1
git.example.com/infra/openbao-sdk-go/auth/providers.go:27.41,29.2 1 0
git.example.com/infra/openbao-sdk-go/auth/providers.go:30.48,31.16 1 0
git.example.com/infra/openbao-sdk-go/auth/providers.go:31.16,33.3 1 0
git.example.com/infra/openbao-sdk-go/auth/providers.go:34.2,34.35 1 0
git.example.com/infra/openbao-sdk-go/auth/providers.go:34.35,36.3 1 0
git.example.com/infra/openbao-sdk-go/auth/providers.go:37.2,37.43 1 0
git.example.com/infra/openbao-sdk-go/auth/providers.go:37.43,39.3 1 0
git.example.com/infra/openbao-sdk-go/auth/providers.go:40.2,40.12 1 0
git.example.com/infra/openbao-sdk-go/auth/providers.go:42.37,43.48 1 0
git.example.com/infra/openbao-sdk-go/auth/providers.go:43.48,45.3 1 0
git.example.com/infra/openbao-sdk-go/auth/providers.go:46.2,46.22 1 0
git.example.com/infra/openbao-sdk-go/auth/providers.go:46.22,47.24 1 0
git.example.com/infra/openbao-sdk-go/auth/providers.go:47.24,49.4 1 0
git.example.com/infra/openbao-sdk-go/auth/providers.go:51.2,51.13 1 0
git.example.com/infra/openbao-sdk-go/auth/providers.go:53.47,54.31 1 0
git.example.com/infra/openbao-sdk-go/auth/providers.go:54.31,54.89 1 0
git.example.com/infra/openbao-sdk-go/auth/providers.go:55.2,55.30 1 0
git.example.com/infra/openbao-sdk-go/auth/providers.go:55.30,57.3 1 0
git.example.com/infra/openbao-sdk-go/auth/providers.go:58.2,60.44 3 0
git.example.com/infra/openbao-sdk-go/auth/providers.go:69.67,72.27 3 0
git.example.com/infra/openbao-sdk-go/auth/providers.go:72.27,74.3 1 0
git.example.com/infra/openbao-sdk-go/auth/providers.go:75.2,76.16 2 0
git.example.com/infra/openbao-sdk-go/auth/providers.go:76.16,78.3 1 0
git.example.com/infra/openbao-sdk-go/auth/providers.go:79.2,79.73 1 0
git.example.com/infra/openbao-sdk-go/auth/providers.go:81.76,82.44 1 0
git.example.com/infra/openbao-sdk-go/auth/providers.go:82.44,84.3 1 0
git.example.com/infra/openbao-sdk-go/auth/providers.go:85.2,87.85 3 0
git.example.com/infra/openbao-sdk-go/auth/providers.go:96.38,98.2 1 0
git.example.com/infra/openbao-sdk-go/auth/providers.go:102.55,103.26 1 0
git.example.com/infra/openbao-sdk-go/auth/providers.go:103.26,105.3 1 0
git.example.com/infra/openbao-sdk-go/auth/providers.go:106.2,106.36 1 0
git.example.com/infra/openbao-sdk-go/auth/providers.go:108.78,109.83 1 0
git.example.com/infra/openbao-sdk-go/auth/providers.go:109.83,111.3 1 0
git.example.com/infra/openbao-sdk-go/auth/providers.go:112.2,112.49 1 0
git.example.com/infra/openbao-sdk-go/auth/providers.go:114.88,115.44 1 0
git.example.com/infra/openbao-sdk-go/auth/providers.go:115.44,117.3 1 0
git.example.com/infra/openbao-sdk-go/auth/providers.go:120.2,121.42 2 0
git.example.com/infra/openbao-sdk-go/auth/providers.go:121.42,123.3 1 0
git.example.com/infra/openbao-sdk-go/auth/providers.go:124.2,125.16 2 0
git.example.com/infra/openbao-sdk-go/auth/providers.go:125.16,127.3 1 0
git.example.com/infra/openbao-sdk-go/auth/providers.go:128.2,130.76 3 0
git.example.com/infra/openbao-sdk-go/auth/providers.go:130.76,132.3 1 0
git.example.com/infra/openbao-sdk-go/auth/providers.go:133.2,135.49 3 0
git.example.com/infra/openbao-sdk-go/auth/providers.go:135.49,137.3 1 0
git.example.com/infra/openbao-sdk-go/auth/providers.go:138.2,138.43 1 0
git.example.com/infra/openbao-sdk-go/auth/providers.go:138.43,140.3 1 0
git.example.com/infra/openbao-sdk-go/auth/providers.go:141.2,142.29 2 0
git.example.com/infra/openbao-sdk-go/auth/providers.go:142.29,144.3 1 0
git.example.com/infra/openbao-sdk-go/auth/providers.go:145.2,146.16 2 0
git.example.com/infra/openbao-sdk-go/auth/providers.go:146.16,148.3 1 0
git.example.com/infra/openbao-sdk-go/auth/providers.go:149.2,149.42 1 0
git.example.com/infra/openbao-sdk-go/auth/providers.go:151.74,153.16 2 0
git.example.com/infra/openbao-sdk-go/auth/providers.go:153.16,155.3 1 0
git.example.com/infra/openbao-sdk-go/auth/providers.go:156.2,156.52 1 0
git.example.com/infra/openbao-sdk-go/auth/providers.go:158.79,160.16 2 0
git.example.com/infra/openbao-sdk-go/auth/providers.go:160.16,162.3 1 0
git.example.com/infra/openbao-sdk-go/auth/providers.go:163.2,163.70 1 0
git.example.com/infra/openbao-sdk-go/baoerr/error.go:49.32,50.14 1 56
git.example.com/infra/openbao-sdk-go/baoerr/error.go:50.14,52.3 1 3
git.example.com/infra/openbao-sdk-go/baoerr/error.go:53.2,53.43 1 53
git.example.com/infra/openbao-sdk-go/baoerr/error.go:55.32,56.14 1 17
git.example.com/infra/openbao-sdk-go/baoerr/error.go:56.14,58.3 1 1
git.example.com/infra/openbao-sdk-go/baoerr/error.go:59.2,59.16 1 16
git.example.com/infra/openbao-sdk-go/baoerr/error.go:60.20,61.26 1 1
git.example.com/infra/openbao-sdk-go/baoerr/error.go:62.28,63.34 1 2
git.example.com/infra/openbao-sdk-go/baoerr/error.go:65.2,65.12 1 13
git.example.com/infra/openbao-sdk-go/baoerr/error.go:67.42,70.2 2 2
git.example.com/infra/openbao-sdk-go/baoerr/error.go:71.40,74.2 2 2
git.example.com/infra/openbao-sdk-go/baoerr/error.go:75.45,75.65 1 1
git.example.com/infra/openbao-sdk-go/baoerr/error.go:76.45,76.65 1 1
git.example.com/infra/openbao-sdk-go/baoerr/error.go:77.45,77.84 1 18
git.example.com/infra/openbao-sdk-go/baoerr/error.go:78.45,78.83 1 15
git.example.com/infra/openbao-sdk-go/baoerr/error.go:79.47,80.14 1 20
git.example.com/infra/openbao-sdk-go/baoerr/error.go:80.14,82.3 1 1
git.example.com/infra/openbao-sdk-go/baoerr/error.go:83.2,89.81 1 19
git.example.com/infra/openbao-sdk-go/baoerr/error.go:91.32,92.11 1 72
git.example.com/infra/openbao-sdk-go/baoerr/error.go:93.281,94.11 1 68
git.example.com/infra/openbao-sdk-go/baoerr/error.go:96.2,96.20 1 4
git.example.com/infra/openbao-sdk-go/baoerr/error.go:98.34,99.11 1 19
git.example.com/infra/openbao-sdk-go/baoerr/error.go:100.50,101.11 1 4
git.example.com/infra/openbao-sdk-go/baoerr/error.go:103.2,103.22 1 15
git.example.com/infra/openbao-sdk-go/internal/authn/approle.go:16.55,20.26 4 0
git.example.com/infra/openbao-sdk-go/internal/authn/approle.go:20.26,22.3 1 0
git.example.com/infra/openbao-sdk-go/internal/authn/approle.go:23.2,24.16 2 0
git.example.com/infra/openbao-sdk-go/internal/authn/approle.go:24.16,26.3 1 0
git.example.com/infra/openbao-sdk-go/internal/authn/approle.go:27.2,31.184 5 0
git.example.com/infra/openbao-sdk-go/internal/authn/approle.go:31.184,33.3 1 0
git.example.com/infra/openbao-sdk-go/internal/authn/approle.go:34.2,34.40 1 0
git.example.com/infra/openbao-sdk-go/internal/authn/approle.go:34.40,36.3 1 0
git.example.com/infra/openbao-sdk-go/internal/authn/approle.go:37.2,37.40 1 0
git.example.com/infra/openbao-sdk-go/internal/authn/approle.go:37.40,40.12 3 0
git.example.com/infra/openbao-sdk-go/internal/authn/approle.go:40.12,42.4 1 0
git.example.com/infra/openbao-sdk-go/internal/authn/approle.go:43.3,44.11 2 0
git.example.com/infra/openbao-sdk-go/internal/authn/approle.go:44.11,46.4 1 0
git.example.com/infra/openbao-sdk-go/internal/authn/approle.go:48.2,49.16 2 0
git.example.com/infra/openbao-sdk-go/internal/authn/approle.go:49.16,51.3 1 0
git.example.com/infra/openbao-sdk-go/internal/authn/approle.go:52.2,54.17 3 0
git.example.com/infra/openbao-sdk-go/internal/authn/approle.go:54.17,56.3 1 0
git.example.com/infra/openbao-sdk-go/internal/authn/approle.go:57.2,57.16 1 0
git.example.com/infra/openbao-sdk-go/internal/authn/approle.go:57.16,59.3 1 0
git.example.com/infra/openbao-sdk-go/internal/authn/approle.go:60.2,60.57 1 0
git.example.com/infra/openbao-sdk-go/internal/authn/approle.go:62.81,66.189 4 0
git.example.com/infra/openbao-sdk-go/internal/authn/approle.go:66.189,66.218 1 0
git.example.com/infra/openbao-sdk-go/internal/authn/approle.go:67.2,67.17 1 0
git.example.com/infra/openbao-sdk-go/internal/authn/approle.go:67.17,69.3 1 0
git.example.com/infra/openbao-sdk-go/internal/authn/approle.go:70.2,70.16 1 0
git.example.com/infra/openbao-sdk-go/internal/authn/approle.go:70.16,72.3 1 0
git.example.com/infra/openbao-sdk-go/internal/authn/approle.go:73.2,73.57 1 0
git.example.com/infra/openbao-sdk-go/internal/authn/approle.go:75.110,77.16 2 0
git.example.com/infra/openbao-sdk-go/internal/authn/approle.go:77.16,79.3 1 0
git.example.com/infra/openbao-sdk-go/internal/authn/approle.go:80.2,81.9 2 0
git.example.com/infra/openbao-sdk-go/internal/authn/approle.go:81.9,83.3 1 0
git.example.com/infra/openbao-sdk-go/internal/authn/approle.go:84.2,85.40 2 0
git.example.com/infra/openbao-sdk-go/internal/authn/approle.go:85.40,87.3 1 0
git.example.com/infra/openbao-sdk-go/internal/authn/approle.go:88.2,89.70 2 0
git.example.com/infra/openbao-sdk-go/internal/authn/approle.go:89.70,91.3 1 0
git.example.com/infra/openbao-sdk-go/internal/authn/approle.go:92.2,93.9 2 0
git.example.com/infra/openbao-sdk-go/internal/authn/approle.go:93.9,95.3 1 0
git.example.com/infra/openbao-sdk-go/internal/authn/approle.go:96.2,96.43 1 0
git.example.com/infra/openbao-sdk-go/internal/authn/approle.go:96.43,98.20 2 0
git.example.com/infra/openbao-sdk-go/internal/authn/approle.go:98.20,100.4 1 0
git.example.com/infra/openbao-sdk-go/internal/authn/approle.go:102.2,105.20 4 0
git.example.com/infra/openbao-sdk-go/internal/authn/approle.go:105.20,107.3 1 0
git.example.com/infra/openbao-sdk-go/internal/authn/approle.go:108.2,111.14 4 0
git.example.com/infra/openbao-sdk-go/internal/authn/approle.go:111.14,114.3 2 0
git.example.com/infra/openbao-sdk-go/internal/authn/approle.go:115.2,115.45 1 0
git.example.com/infra/openbao-sdk-go/internal/authn/approle.go:115.45,118.3 2 0
git.example.com/infra/openbao-sdk-go/internal/authn/approle.go:119.2,129.12 10 0
git.example.com/infra/openbao-sdk-go/internal/authn/clock.go:15.50,15.71 1 0
git.example.com/infra/openbao-sdk-go/internal/authn/clock.go:16.50,16.88 1 0
git.example.com/infra/openbao-sdk-go/internal/authn/clock.go:20.41,20.57 1 0
git.example.com/infra/openbao-sdk-go/internal/authn/clock.go:21.41,21.62 1 0
git.example.com/infra/openbao-sdk-go/internal/authn/manager.go:44.67,45.18 1 0
git.example.com/infra/openbao-sdk-go/internal/authn/manager.go:45.18,47.3 1 0
git.example.com/infra/openbao-sdk-go/internal/authn/manager.go:48.2,48.85 1 0
git.example.com/infra/openbao-sdk-go/internal/authn/manager.go:50.45,51.16 1 0
git.example.com/infra/openbao-sdk-go/internal/authn/manager.go:51.16,53.3 1 0
git.example.com/infra/openbao-sdk-go/internal/authn/manager.go:54.2,54.19 1 0
git.example.com/infra/openbao-sdk-go/internal/authn/manager.go:55.24,56.77 1 0
git.example.com/infra/openbao-sdk-go/internal/authn/manager.go:57.32,58.85 1 0
git.example.com/infra/openbao-sdk-go/internal/authn/manager.go:60.2,60.12 1 0
git.example.com/infra/openbao-sdk-go/internal/authn/manager.go:62.47,63.37 1 0
git.example.com/infra/openbao-sdk-go/internal/authn/manager.go:63.37,65.3 1 0
git.example.com/infra/openbao-sdk-go/internal/authn/manager.go:66.2,66.88 1 0
git.example.com/infra/openbao-sdk-go/internal/authn/manager.go:68.33,69.36 1 0
git.example.com/infra/openbao-sdk-go/internal/authn/manager.go:69.36,71.3 1 0
git.example.com/infra/openbao-sdk-go/internal/authn/manager.go:72.2,72.22 1 0
git.example.com/infra/openbao-sdk-go/internal/authn/manager.go:72.22,73.24 1 0
git.example.com/infra/openbao-sdk-go/internal/authn/manager.go:73.24,75.4 1 0
git.example.com/infra/openbao-sdk-go/internal/authn/manager.go:77.2,77.13 1 0
git.example.com/infra/openbao-sdk-go/internal/authn/manager.go:79.101,80.15 1 0
git.example.com/infra/openbao-sdk-go/internal/authn/manager.go:80.15,81.23 1 0
git.example.com/infra/openbao-sdk-go/internal/authn/manager.go:81.23,83.4 1 0
git.example.com/infra/openbao-sdk-go/internal/authn/manager.go:85.2,85.24 1 0
git.example.com/infra/openbao-sdk-go/internal/authn/manager.go:87.108,88.15 1 0
git.example.com/infra/openbao-sdk-go/internal/authn/manager.go:88.15,89.23 1 0
git.example.com/infra/openbao-sdk-go/internal/authn/manager.go:89.23,91.4 1 0
git.example.com/infra/openbao-sdk-go/internal/authn/manager.go:93.2,93.23 1 0
git.example.com/infra/openbao-sdk-go/internal/authn/manager.go:95.67,96.37 1 0
git.example.com/infra/openbao-sdk-go/internal/authn/manager.go:96.37,98.3 1 0
git.example.com/infra/openbao-sdk-go/internal/authn/manager.go:99.2,100.14 2 0
git.example.com/infra/openbao-sdk-go/internal/authn/manager.go:100.14,103.3 2 0
git.example.com/infra/openbao-sdk-go/internal/authn/manager.go:104.2,105.38 2 0
git.example.com/infra/openbao-sdk-go/internal/authn/manager.go:105.38,107.17 2 0
git.example.com/infra/openbao-sdk-go/internal/authn/manager.go:107.17,111.4 3 0
git.example.com/infra/openbao-sdk-go/internal/authn/manager.go:112.3,114.89 3 0
git.example.com/infra/openbao-sdk-go/internal/authn/manager.go:114.89,118.4 3 0
git.example.com/infra/openbao-sdk-go/internal/authn/manager.go:119.3,119.38 1 0
git.example.com/infra/openbao-sdk-go/internal/authn/manager.go:119.38,121.4 1 0
git.example.com/infra/openbao-sdk-go/internal/authn/manager.go:122.3,123.26 2 0
git.example.com/infra/openbao-sdk-go/internal/authn/manager.go:125.2,127.14 3 0
git.example.com/infra/openbao-sdk-go/internal/authn/manager.go:127.14,129.3 1 0
git.example.com/infra/openbao-sdk-go/internal/authn/manager.go:130.2,130.60 1 0
git.example.com/infra/openbao-sdk-go/internal/authn/manager.go:130.60,132.3 1 0
git.example.com/infra/openbao-sdk-go/internal/authn/manager.go:133.2,135.25 3 0
git.example.com/infra/openbao-sdk-go/internal/authn/manager.go:137.71,143.2 5 0
git.example.com/infra/openbao-sdk-go/internal/authn/manager.go:144.51,148.19 4 0
git.example.com/infra/openbao-sdk-go/internal/authn/manager.go:148.19,150.40 2 0
git.example.com/infra/openbao-sdk-go/internal/authn/manager.go:150.40,152.4 1 0
git.example.com/infra/openbao-sdk-go/internal/authn/manager.go:154.2,154.14 1 0
git.example.com/infra/openbao-sdk-go/internal/authn/manager.go:154.14,157.3 2 0
git.example.com/infra/openbao-sdk-go/internal/authn/manager.go:158.2,159.38 2 0
git.example.com/infra/openbao-sdk-go/internal/authn/manager.go:159.38,162.3 2 0
git.example.com/infra/openbao-sdk-go/internal/authn/manager.go:162.8,164.3 1 0
git.example.com/infra/openbao-sdk-go/internal/authn/manager.go:165.2,165.21 1 0
git.example.com/infra/openbao-sdk-go/internal/authn/manager.go:165.21,168.3 2 0
git.example.com/infra/openbao-sdk-go/internal/authn/manager.go:169.2,169.13 1 0
git.example.com/infra/openbao-sdk-go/internal/authn/manager.go:169.13,170.20 1 0
git.example.com/infra/openbao-sdk-go/internal/authn/manager.go:170.20,172.4 1 0
git.example.com/infra/openbao-sdk-go/internal/authn/manager.go:172.9,174.4 1 0
git.example.com/infra/openbao-sdk-go/internal/authn/manager.go:176.2,176.10 1 0
git.example.com/infra/openbao-sdk-go/internal/authn/manager.go:181.54,182.37 1 0
git.example.com/infra/openbao-sdk-go/internal/authn/manager.go:182.37,184.3 1 0
git.example.com/infra/openbao-sdk-go/internal/authn/manager.go:185.2,185.38 1 0
git.example.com/infra/openbao-sdk-go/internal/authn/manager.go:185.38,188.3 2 0
git.example.com/infra/openbao-sdk-go/internal/authn/manager.go:189.2,190.14 2 0
git.example.com/infra/openbao-sdk-go/internal/authn/manager.go:190.14,193.3 2 0
git.example.com/infra/openbao-sdk-go/internal/authn/manager.go:194.2,194.33 1 0
git.example.com/infra/openbao-sdk-go/internal/authn/manager.go:194.33,196.10 2 0
git.example.com/infra/openbao-sdk-go/internal/authn/manager.go:197.17,198.16 1 0
git.example.com/infra/openbao-sdk-go/internal/authn/manager.go:199.21,200.27 1 0
git.example.com/infra/openbao-sdk-go/internal/authn/manager.go:203.2,204.44 2 0
git.example.com/infra/openbao-sdk-go/internal/authn/manager.go:204.44,208.3 3 0
git.example.com/infra/openbao-sdk-go/internal/authn/manager.go:209.2,217.11 9 0
git.example.com/infra/openbao-sdk-go/internal/authn/manager.go:217.11,219.3 1 0
git.example.com/infra/openbao-sdk-go/internal/authn/manager.go:219.8,221.3 1 0
git.example.com/infra/openbao-sdk-go/internal/authn/manager.go:222.2,223.16 2 0
git.example.com/infra/openbao-sdk-go/internal/authn/manager.go:223.16,227.22 4 0
git.example.com/infra/openbao-sdk-go/internal/authn/manager.go:227.22,229.4 1 0
git.example.com/infra/openbao-sdk-go/internal/authn/manager.go:231.3,233.170 3 0
git.example.com/infra/openbao-sdk-go/internal/authn/manager.go:233.170,235.4 1 0
git.example.com/infra/openbao-sdk-go/internal/authn/manager.go:237.2,241.12 5 0
git.example.com/infra/openbao-sdk-go/internal/authn/manager.go:245.50,246.37 1 0
git.example.com/infra/openbao-sdk-go/internal/authn/manager.go:246.37,248.3 1 0
git.example.com/infra/openbao-sdk-go/internal/authn/manager.go:249.2,249.38 1 0
git.example.com/infra/openbao-sdk-go/internal/authn/manager.go:249.38,251.3 1 0
git.example.com/infra/openbao-sdk-go/internal/authn/manager.go:252.2,252.6 1 0
git.example.com/infra/openbao-sdk-go/internal/authn/manager.go:252.6,254.15 2 0
git.example.com/infra/openbao-sdk-go/internal/authn/manager.go:254.15,257.4 2 0
git.example.com/infra/openbao-sdk-go/internal/authn/manager.go:258.3,258.38 1 0
git.example.com/infra/openbao-sdk-go/internal/authn/manager.go:258.38,259.11 1 0
git.example.com/infra/openbao-sdk-go/internal/authn/manager.go:260.16,263.24 3 0
git.example.com/infra/openbao-sdk-go/internal/authn/manager.go:264.12,265.59 1 0
git.example.com/infra/openbao-sdk-go/internal/authn/manager.go:265.59,268.6 2 0
git.example.com/infra/openbao-sdk-go/internal/authn/manager.go:269.5,270.12 2 0
git.example.com/infra/openbao-sdk-go/internal/authn/manager.go:271.17,272.14 1 0
git.example.com/infra/openbao-sdk-go/internal/authn/manager.go:273.23,274.29 1 0
git.example.com/infra/openbao-sdk-go/internal/authn/manager.go:278.3,278.38 1 0
git.example.com/infra/openbao-sdk-go/internal/authn/manager.go:278.38,281.4 2 0
git.example.com/infra/openbao-sdk-go/internal/authn/manager.go:282.3,288.13 7 0
git.example.com/infra/openbao-sdk-go/internal/authn/manager.go:288.13,288.46 2 0
git.example.com/infra/openbao-sdk-go/internal/authn/manager.go:289.3,289.13 1 0
git.example.com/infra/openbao-sdk-go/internal/authn/manager.go:292.44,293.6 1 0
git.example.com/infra/openbao-sdk-go/internal/authn/manager.go:293.6,300.17 7 0
git.example.com/infra/openbao-sdk-go/internal/authn/manager.go:300.17,302.4 1 0
git.example.com/infra/openbao-sdk-go/internal/authn/manager.go:303.3,303.48 1 0
git.example.com/infra/openbao-sdk-go/internal/authn/manager.go:303.48,305.4 1 0
git.example.com/infra/openbao-sdk-go/internal/authn/manager.go:306.3,307.10 2 0
git.example.com/infra/openbao-sdk-go/internal/authn/manager.go:308.21,310.10 2 0
git.example.com/infra/openbao-sdk-go/internal/authn/manager.go:311.20,312.16 1 0
git.example.com/infra/openbao-sdk-go/internal/authn/manager.go:314.3,314.23 1 0
git.example.com/infra/openbao-sdk-go/internal/authn/manager.go:314.23,316.4 1 0
git.example.com/infra/openbao-sdk-go/internal/authn/manager.go:317.3,317.21 1 0
git.example.com/infra/openbao-sdk-go/internal/authn/manager.go:322.51,323.37 1 0
git.example.com/infra/openbao-sdk-go/internal/authn/manager.go:323.37,325.26 2 0
git.example.com/infra/openbao-sdk-go/internal/authn/manager.go:325.26,327.4 1 0
git.example.com/infra/openbao-sdk-go/internal/authn/manager.go:328.3,329.11 2 0
git.example.com/infra/openbao-sdk-go/internal/authn/manager.go:331.2,334.19 4 0
git.example.com/infra/openbao-sdk-go/internal/authn/manager.go:334.19,336.3 1 0
git.example.com/infra/openbao-sdk-go/internal/authn/manager.go:337.2,337.17 1 0
git.example.com/infra/openbao-sdk-go/internal/authn/manager.go:337.17,339.3 1 0
git.example.com/infra/openbao-sdk-go/internal/authn/manager.go:340.2,340.9 1 0
git.example.com/infra/openbao-sdk-go/internal/authn/manager.go:341.14,342.13 1 0
git.example.com/infra/openbao-sdk-go/internal/authn/manager.go:343.20,344.26 1 0
git.example.com/infra/openbao-sdk-go/internal/authn/manager.go:349.26,354.25 5 0
git.example.com/infra/openbao-sdk-go/internal/authn/manager.go:354.25,356.3 1 0
git.example.com/infra/openbao-sdk-go/internal/engine/client.go:35.56,37.2 1 0
git.example.com/infra/openbao-sdk-go/internal/engine/client.go:38.43,38.78 1 0
git.example.com/infra/openbao-sdk-go/internal/engine/client.go:39.55,40.12 1 0
git.example.com/infra/openbao-sdk-go/internal/engine/client.go:41.28,42.28 1 0
git.example.com/infra/openbao-sdk-go/internal/engine/client.go:43.20,44.28 1 0
git.example.com/infra/openbao-sdk-go/internal/engine/client.go:45.18,46.28 1 0
git.example.com/infra/openbao-sdk-go/internal/engine/client.go:48.2,48.29 1 0
git.example.com/infra/openbao-sdk-go/internal/engine/client.go:50.79,52.26 2 0
git.example.com/infra/openbao-sdk-go/internal/engine/client.go:52.26,54.3 1 0
git.example.com/infra/openbao-sdk-go/internal/engine/client.go:55.2,56.17 2 0
git.example.com/infra/openbao-sdk-go/internal/engine/client.go:56.17,58.3 1 0
git.example.com/infra/openbao-sdk-go/internal/engine/client.go:59.2,59.27 1 0
git.example.com/infra/openbao-sdk-go/internal/engine/client.go:59.27,61.3 1 0
git.example.com/infra/openbao-sdk-go/internal/engine/client.go:62.2,62.77 1 0
git.example.com/infra/openbao-sdk-go/internal/engine/client.go:62.77,64.3 1 0
git.example.com/infra/openbao-sdk-go/internal/engine/client.go:65.2,65.24 1 0
git.example.com/infra/openbao-sdk-go/internal/engine/client.go:65.24,66.54 1 0
git.example.com/infra/openbao-sdk-go/internal/engine/client.go:66.54,68.4 1 0
git.example.com/infra/openbao-sdk-go/internal/engine/client.go:70.2,72.22 3 0
git.example.com/infra/openbao-sdk-go/internal/engine/client.go:72.22,74.3 1 0
git.example.com/infra/openbao-sdk-go/internal/engine/client.go:75.2,75.51 1 0
git.example.com/infra/openbao-sdk-go/internal/engine/client.go:75.51,76.10 1 0
git.example.com/infra/openbao-sdk-go/internal/engine/client.go:77.30,78.17 1 0
git.example.com/infra/openbao-sdk-go/internal/engine/client.go:78.17,78.30 1 0
git.example.com/infra/openbao-sdk-go/internal/engine/client.go:79.21,80.68 1 0
git.example.com/infra/openbao-sdk-go/internal/engine/client.go:83.2,84.24 2 0
git.example.com/infra/openbao-sdk-go/internal/engine/client.go:84.24,86.3 1 0
git.example.com/infra/openbao-sdk-go/internal/engine/client.go:87.2,87.33 1 0
git.example.com/infra/openbao-sdk-go/internal/engine/client.go:87.33,88.23 1 0
git.example.com/infra/openbao-sdk-go/internal/engine/client.go:88.23,90.4 1 0
git.example.com/infra/openbao-sdk-go/internal/engine/client.go:91.3,92.26 2 0
git.example.com/infra/openbao-sdk-go/internal/engine/client.go:92.26,95.18 3 0
git.example.com/infra/openbao-sdk-go/internal/engine/client.go:95.18,96.25 1 0
git.example.com/infra/openbao-sdk-go/internal/engine/client.go:96.25,98.6 1 0
git.example.com/infra/openbao-sdk-go/internal/engine/client.go:99.5,100.41 2 0
git.example.com/infra/openbao-sdk-go/internal/engine/client.go:100.41,102.6 1 0
git.example.com/infra/openbao-sdk-go/internal/engine/client.go:103.5,103.96 1 0
git.example.com/infra/openbao-sdk-go/internal/engine/client.go:105.4,105.26 1 0
git.example.com/infra/openbao-sdk-go/internal/engine/client.go:105.26,107.5 1 0
git.example.com/infra/openbao-sdk-go/internal/engine/client.go:108.9,108.59 1 0
git.example.com/infra/openbao-sdk-go/internal/engine/client.go:108.59,110.4 1 0
git.example.com/infra/openbao-sdk-go/internal/engine/client.go:111.3,111.23 1 0
git.example.com/infra/openbao-sdk-go/internal/engine/client.go:111.23,113.4 1 0
git.example.com/infra/openbao-sdk-go/internal/engine/client.go:114.3,115.15 2 0
git.example.com/infra/openbao-sdk-go/internal/engine/client.go:115.15,117.4 1 0
git.example.com/infra/openbao-sdk-go/internal/engine/client.go:118.3,121.17 4 0
git.example.com/infra/openbao-sdk-go/internal/engine/client.go:121.17,123.41 2 0
git.example.com/infra/openbao-sdk-go/internal/engine/client.go:123.41,126.5 2 0
git.example.com/infra/openbao-sdk-go/internal/engine/client.go:127.9,128.29 1 0
git.example.com/infra/openbao-sdk-go/internal/engine/client.go:128.29,129.21 1 0
git.example.com/infra/openbao-sdk-go/internal/engine/client.go:130.39,131.19 1 0
git.example.com/infra/openbao-sdk-go/internal/engine/client.go:134.4,134.20 1 0
git.example.com/infra/openbao-sdk-go/internal/engine/client.go:135.13,136.36 1 0
git.example.com/infra/openbao-sdk-go/internal/engine/client.go:136.36,138.6 1 0
git.example.com/infra/openbao-sdk-go/internal/engine/client.go:139.5,139.34 1 0
git.example.com/infra/openbao-sdk-go/internal/engine/client.go:139.34,140.56 1 0
git.example.com/infra/openbao-sdk-go/internal/engine/client.go:140.56,142.7 1 0
git.example.com/infra/openbao-sdk-go/internal/engine/client.go:144.5,144.18 1 0
git.example.com/infra/openbao-sdk-go/internal/engine/client.go:145.13,146.15 1 0
git.example.com/infra/openbao-sdk-go/internal/engine/client.go:146.15,148.6 1 0
git.example.com/infra/openbao-sdk-go/internal/engine/client.go:149.5,149.46 1 0
git.example.com/infra/openbao-sdk-go/internal/engine/client.go:150.12,151.50 1 0
git.example.com/infra/openbao-sdk-go/internal/engine/client.go:154.3,154.30 1 0
git.example.com/infra/openbao-sdk-go/internal/engine/client.go:154.30,156.4 1 0
git.example.com/infra/openbao-sdk-go/internal/engine/client.go:157.3,158.13 2 0
git.example.com/infra/openbao-sdk-go/internal/engine/client.go:158.13,160.4 1 0
git.example.com/infra/openbao-sdk-go/internal/engine/client.go:161.3,162.30 2 0
git.example.com/infra/openbao-sdk-go/internal/engine/client.go:162.30,164.4 1 0
git.example.com/infra/openbao-sdk-go/internal/engine/client.go:166.2,166.89 1 0
git.example.com/infra/openbao-sdk-go/internal/engine/client.go:168.32,169.36 1 0
git.example.com/infra/openbao-sdk-go/internal/engine/client.go:169.36,171.3 1 0
git.example.com/infra/openbao-sdk-go/internal/engine/client.go:172.2,172.19 1 0
git.example.com/infra/openbao-sdk-go/internal/engine/client.go:172.19,173.33 1 0
git.example.com/infra/openbao-sdk-go/internal/engine/client.go:173.33,175.4 1 0
git.example.com/infra/openbao-sdk-go/internal/engine/client.go:177.2,177.13 1 0
git.example.com/infra/openbao-sdk-go/internal/engine/client.go:182.35,183.19 1 0
git.example.com/infra/openbao-sdk-go/internal/engine/client.go:183.19,185.3 1 0
git.example.com/infra/openbao-sdk-go/internal/engine/client.go:186.2,187.16 2 0
git.example.com/infra/openbao-sdk-go/internal/engine/client.go:187.16,189.3 1 0
git.example.com/infra/openbao-sdk-go/internal/engine/client.go:190.2,191.25 2 0
git.example.com/infra/openbao-sdk-go/internal/engine/client.go:191.25,193.3 1 0
git.example.com/infra/openbao-sdk-go/internal/engine/client.go:194.2,194.30 1 0
git.example.com/infra/openbao-sdk-go/internal/engine/client.go:194.30,195.46 1 0
git.example.com/infra/openbao-sdk-go/internal/engine/client.go:195.46,196.16 1 0
git.example.com/infra/openbao-sdk-go/internal/engine/client.go:196.16,198.5 1 0
git.example.com/infra/openbao-sdk-go/internal/engine/client.go:199.9,199.85 1 0
git.example.com/infra/openbao-sdk-go/internal/engine/client.go:199.85,201.4 1 0
git.example.com/infra/openbao-sdk-go/internal/engine/client.go:203.2,203.10 1 0
git.example.com/infra/openbao-sdk-go/internal/engine/client.go:208.70,209.14 1 0
git.example.com/infra/openbao-sdk-go/internal/engine/client.go:209.14,211.3 1 0
git.example.com/infra/openbao-sdk-go/internal/engine/client.go:212.2,213.14 2 0
git.example.com/infra/openbao-sdk-go/internal/engine/client.go:213.14,215.3 1 0
git.example.com/infra/openbao-sdk-go/internal/engine/client.go:216.2,216.30 1 0
git.example.com/infra/openbao-sdk-go/internal/engine/client.go:216.30,218.24 2 0
git.example.com/infra/openbao-sdk-go/internal/engine/client.go:218.24,220.4 1 0
git.example.com/infra/openbao-sdk-go/internal/engine/client.go:222.2,222.15 1 0
git.example.com/infra/openbao-sdk-go/internal/engine/client.go:224.62,226.14 2 0
git.example.com/infra/openbao-sdk-go/internal/engine/client.go:226.14,228.3 1 0
git.example.com/infra/openbao-sdk-go/internal/engine/client.go:229.2,230.9 2 0
git.example.com/infra/openbao-sdk-go/internal/engine/client.go:230.9,232.3 1 0
git.example.com/infra/openbao-sdk-go/internal/engine/client.go:233.2,233.15 1 0
git.example.com/infra/openbao-sdk-go/internal/engine/client.go:235.29,237.9 2 0
git.example.com/infra/openbao-sdk-go/internal/engine/client.go:237.9,239.3 1 0
git.example.com/infra/openbao-sdk-go/internal/engine/client.go:240.2,241.36 2 0
git.example.com/infra/openbao-sdk-go/internal/engine/client.go:241.36,243.3 1 0
git.example.com/infra/openbao-sdk-go/internal/engine/client.go:244.2,244.21 1 0
git.example.com/infra/openbao-sdk-go/internal/engine/errors.go:19.43,19.72 1 0
git.example.com/infra/openbao-sdk-go/internal/engine/errors.go:20.43,20.61 1 0
git.example.com/infra/openbao-sdk-go/internal/engine/errors.go:21.93,23.2 1 0
git.example.com/infra/openbao-sdk-go/internal/engine/errors.go:24.96,26.52 2 0
git.example.com/infra/openbao-sdk-go/internal/engine/errors.go:26.52,28.3 1 0
git.example.com/infra/openbao-sdk-go/internal/engine/errors.go:29.2,29.46 1 0
git.example.com/infra/openbao-sdk-go/internal/engine/errors.go:31.35,38.2 6 0
git.example.com/infra/openbao-sdk-go/internal/engine/errors.go:39.81,42.25 3 0
git.example.com/infra/openbao-sdk-go/internal/engine/errors.go:42.25,44.3 1 0
git.example.com/infra/openbao-sdk-go/internal/engine/errors.go:45.2,46.32 2 0
git.example.com/infra/openbao-sdk-go/internal/engine/errors.go:46.32,48.3 1 0
git.example.com/infra/openbao-sdk-go/internal/engine/errors.go:49.2,51.9 3 0
git.example.com/infra/openbao-sdk-go/internal/engine/errors.go:52.40,54.16 2 0
git.example.com/infra/openbao-sdk-go/internal/engine/errors.go:55.48,57.16 2 0
git.example.com/infra/openbao-sdk-go/internal/engine/errors.go:58.43,60.16 2 0
git.example.com/infra/openbao-sdk-go/internal/engine/errors.go:61.42,63.16 2 0
git.example.com/infra/openbao-sdk-go/internal/engine/errors.go:64.25,66.16 2 0
git.example.com/infra/openbao-sdk-go/internal/engine/errors.go:68.2,68.46 1 0
git.example.com/infra/openbao-sdk-go/internal/engine/errors.go:70.75,72.24 2 0
git.example.com/infra/openbao-sdk-go/internal/engine/errors.go:72.24,74.3 1 0
git.example.com/infra/openbao-sdk-go/internal/engine/errors.go:75.2,77.39 3 0
git.example.com/infra/openbao-sdk-go/internal/engine/errors.go:77.39,80.3 2 0
git.example.com/infra/openbao-sdk-go/internal/engine/errors.go:81.2,82.21 2 0
git.example.com/infra/openbao-sdk-go/internal/engine/errors.go:82.21,85.15 3 0
git.example.com/infra/openbao-sdk-go/internal/engine/errors.go:85.15,87.4 1 0
git.example.com/infra/openbao-sdk-go/internal/engine/errors.go:91.2,91.59 1 0
git.example.com/infra/openbao-sdk-go/internal/engine/errors.go:91.59,93.28 2 0
git.example.com/infra/openbao-sdk-go/internal/engine/errors.go:93.28,95.4 1 0
git.example.com/infra/openbao-sdk-go/internal/engine/errors.go:96.3,96.29 1 0
git.example.com/infra/openbao-sdk-go/internal/engine/errors.go:96.29,98.25 2 0
git.example.com/infra/openbao-sdk-go/internal/engine/errors.go:98.25,100.5 1 0
git.example.com/infra/openbao-sdk-go/internal/engine/errors.go:103.2,103.18 1 0
git.example.com/infra/openbao-sdk-go/internal/engine/errors.go:104.11,107.36 3 0
git.example.com/infra/openbao-sdk-go/internal/engine/errors.go:107.36,108.63 1 0
git.example.com/infra/openbao-sdk-go/internal/engine/errors.go:108.63,109.106 1 0
git.example.com/infra/openbao-sdk-go/internal/engine/errors.go:109.106,111.6 1 0
git.example.com/infra/openbao-sdk-go/internal/engine/errors.go:114.11,116.29 2 0
git.example.com/infra/openbao-sdk-go/internal/engine/errors.go:117.11,119.29 2 0
git.example.com/infra/openbao-sdk-go/internal/engine/errors.go:120.11,124.24 2 0
git.example.com/infra/openbao-sdk-go/internal/engine/errors.go:124.24,126.4 1 0
git.example.com/infra/openbao-sdk-go/internal/engine/errors.go:127.3,127.74 1 0
git.example.com/infra/openbao-sdk-go/internal/engine/errors.go:127.74,129.4 1 0
git.example.com/infra/openbao-sdk-go/internal/engine/errors.go:130.31,131.29 1 0
git.example.com/infra/openbao-sdk-go/internal/engine/errors.go:132.10,133.36 1 0
git.example.com/infra/openbao-sdk-go/internal/engine/errors.go:135.2,135.48 1 0
git.example.com/infra/openbao-sdk-go/internal/engine/errors.go:137.48,139.9 2 0
git.example.com/infra/openbao-sdk-go/internal/engine/errors.go:139.9,141.3 1 0
git.example.com/infra/openbao-sdk-go/internal/engine/errors.go:142.2,143.9 2 0
git.example.com/infra/openbao-sdk-go/internal/engine/errors.go:143.9,145.3 1 0
git.example.com/infra/openbao-sdk-go/internal/engine/errors.go:146.2,147.9 2 0
git.example.com/infra/openbao-sdk-go/internal/engine/errors.go:147.9,149.3 1 0
git.example.com/infra/openbao-sdk-go/internal/engine/errors.go:150.2,151.24 2 0
git.example.com/infra/openbao-sdk-go/internal/engine/errors.go:151.24,153.3 1 0
git.example.com/infra/openbao-sdk-go/internal/engine/errors.go:154.2,154.61 1 0
git.example.com/infra/openbao-sdk-go/internal/engine/errors.go:154.61,156.3 1 0
git.example.com/infra/openbao-sdk-go/internal/engine/errors.go:157.2,158.20 2 0
git.example.com/infra/openbao-sdk-go/internal/engine/errors.go:158.20,160.3 1 0
git.example.com/infra/openbao-sdk-go/internal/engine/errors.go:161.2,162.33 2 0
git.example.com/infra/openbao-sdk-go/internal/engine/errors.go:164.94,169.2 4 0
git.example.com/infra/openbao-sdk-go/internal/engine/errors.go:170.55,173.24 3 0
git.example.com/infra/openbao-sdk-go/internal/engine/errors.go:173.24,175.3 1 0
git.example.com/infra/openbao-sdk-go/internal/engine/errors.go:176.2,176.14 1 0
git.example.com/infra/openbao-sdk-go/internal/engine/errors.go:176.14,178.3 1 0
git.example.com/infra/openbao-sdk-go/internal/engine/errors.go:179.2,179.63 1 0
git.example.com/infra/openbao-sdk-go/internal/engine/errors.go:182.44,184.27 2 0
git.example.com/infra/openbao-sdk-go/internal/engine/errors.go:184.27,186.3 1 0
git.example.com/infra/openbao-sdk-go/internal/engine/errors.go:187.2,187.25 1 0
git.example.com/infra/openbao-sdk-go/internal/engine/errors.go:187.25,189.21 2 0
git.example.com/infra/openbao-sdk-go/internal/engine/errors.go:189.21,191.4 1 0
git.example.com/infra/openbao-sdk-go/internal/engine/errors.go:193.2,193.13 1 0
git.example.com/infra/openbao-sdk-go/internal/engine/operations.go:57.46,57.87 2 0
git.example.com/infra/openbao-sdk-go/internal/engine/operations.go:58.46,58.113 1 0
git.example.com/infra/openbao-sdk-go/internal/engine/path.go:10.38,11.60 1 0
git.example.com/infra/openbao-sdk-go/internal/engine/path.go:11.60,13.3 1 0
git.example.com/infra/openbao-sdk-go/internal/engine/path.go:14.2,14.30 1 0
git.example.com/infra/openbao-sdk-go/internal/engine/path.go:14.30,16.114 2 0
git.example.com/infra/openbao-sdk-go/internal/engine/path.go:16.114,18.4 1 0
git.example.com/infra/openbao-sdk-go/internal/engine/path.go:20.2,20.12 1 0
git.example.com/infra/openbao-sdk-go/internal/engine/path.go:22.35,23.13 1 0
git.example.com/infra/openbao-sdk-go/internal/engine/path.go:23.13,25.3 1 0
git.example.com/infra/openbao-sdk-go/internal/engine/path.go:26.2,26.44 1 0
git.example.com/infra/openbao-sdk-go/internal/engine/path.go:26.44,27.34 1 0
git.example.com/infra/openbao-sdk-go/internal/engine/path.go:27.34,29.4 1 0
git.example.com/infra/openbao-sdk-go/internal/engine/path.go:31.2,31.12 1 0
git.example.com/infra/openbao-sdk-go/internal/engine/retry.go:12.100,14.25 2 0
git.example.com/infra/openbao-sdk-go/internal/engine/retry.go:14.25,15.26 1 0
git.example.com/infra/openbao-sdk-go/internal/engine/retry.go:15.26,17.9 2 0
git.example.com/infra/openbao-sdk-go/internal/engine/retry.go:19.3,19.11 1 0
git.example.com/infra/openbao-sdk-go/internal/engine/retry.go:21.2,21.22 1 0
git.example.com/infra/openbao-sdk-go/internal/engine/retry.go:21.22,23.3 1 0
git.example.com/infra/openbao-sdk-go/internal/engine/retry.go:24.2,25.13 2 0
git.example.com/infra/openbao-sdk-go/internal/engine/retry.go:25.13,27.3 1 0
git.example.com/infra/openbao-sdk-go/internal/engine/retry.go:28.2,28.40 1 0
git.example.com/infra/openbao-sdk-go/internal/engine/retry.go:28.40,30.77 2 0
git.example.com/infra/openbao-sdk-go/internal/engine/retry.go:30.77,31.62 1 0
git.example.com/infra/openbao-sdk-go/internal/engine/retry.go:31.62,33.5 1 0
git.example.com/infra/openbao-sdk-go/internal/engine/retry.go:34.4,34.53 1 0
git.example.com/infra/openbao-sdk-go/internal/engine/retry.go:35.9,35.52 1 0
git.example.com/infra/openbao-sdk-go/internal/engine/retry.go:35.52,37.22 2 0
git.example.com/infra/openbao-sdk-go/internal/engine/retry.go:37.22,39.5 1 0
git.example.com/infra/openbao-sdk-go/internal/engine/retry.go:40.9,42.4 1 0
git.example.com/infra/openbao-sdk-go/internal/engine/retry.go:43.3,43.30 1 0
git.example.com/infra/openbao-sdk-go/internal/engine/retry.go:43.30,45.4 1 0
git.example.com/infra/openbao-sdk-go/internal/engine/retry.go:46.3,46.25 1 0
git.example.com/infra/openbao-sdk-go/internal/engine/retry.go:46.25,48.4 1 0
git.example.com/infra/openbao-sdk-go/internal/engine/retry.go:50.2,50.73 1 0
git.example.com/infra/openbao-sdk-go/internal/engine/retry.go:50.73,52.3 1 0
git.example.com/infra/openbao-sdk-go/internal/engine/retry.go:53.2,53.20 1 0
git.example.com/infra/openbao-sdk-go/internal/engine/retry.go:55.55,58.9 3 0
git.example.com/infra/openbao-sdk-go/internal/engine/retry.go:59.20,60.19 1 0
git.example.com/infra/openbao-sdk-go/internal/engine/retry.go:61.17,62.13 1 0
git.example.com/infra/openbao-sdk-go/internal/engine/transport.go:32.68,35.2 2 0
git.example.com/infra/openbao-sdk-go/internal/engine/transport.go:36.56,40.2 3 0
git.example.com/infra/openbao-sdk-go/internal/engine/transport.go:41.50,42.14 1 0
git.example.com/infra/openbao-sdk-go/internal/engine/transport.go:42.14,44.3 1 0
git.example.com/infra/openbao-sdk-go/internal/engine/transport.go:45.2,48.15 4 0
git.example.com/infra/openbao-sdk-go/internal/engine/transport.go:50.31,51.14 1 0
git.example.com/infra/openbao-sdk-go/internal/engine/transport.go:51.14,53.3 1 0
git.example.com/infra/openbao-sdk-go/internal/engine/transport.go:54.2,56.15 3 0
git.example.com/infra/openbao-sdk-go/internal/engine/transport.go:58.39,61.2 2 0
git.example.com/infra/openbao-sdk-go/internal/engine/transport.go:78.58,79.112 1 0
git.example.com/infra/openbao-sdk-go/internal/engine/transport.go:79.112,81.3 1 0
git.example.com/infra/openbao-sdk-go/internal/engine/transport.go:82.2,83.22 2 0
git.example.com/infra/openbao-sdk-go/internal/engine/transport.go:83.22,85.15 2 0
git.example.com/infra/openbao-sdk-go/internal/engine/transport.go:85.15,87.4 1 0
git.example.com/infra/openbao-sdk-go/internal/engine/transport.go:88.3,88.29 1 0
git.example.com/infra/openbao-sdk-go/internal/engine/transport.go:90.2,90.58 1 0
git.example.com/infra/openbao-sdk-go/internal/engine/transport.go:92.44,92.77 1 0
git.example.com/infra/openbao-sdk-go/internal/engine/transport.go:93.74,95.32 2 0
git.example.com/infra/openbao-sdk-go/internal/engine/transport.go:95.32,97.3 1 0
git.example.com/infra/openbao-sdk-go/internal/engine/transport.go:98.2,100.16 3 0
git.example.com/infra/openbao-sdk-go/internal/engine/transport.go:100.16,103.3 2 0
git.example.com/infra/openbao-sdk-go/internal/engine/transport.go:104.2,107.81 4 0
git.example.com/infra/openbao-sdk-go/internal/engine/transport.go:107.81,108.20 1 0
git.example.com/infra/openbao-sdk-go/internal/engine/transport.go:108.20,111.4 2 0
git.example.com/infra/openbao-sdk-go/internal/engine/transport.go:112.3,113.15 2 0
git.example.com/infra/openbao-sdk-go/internal/engine/transport.go:113.15,116.4 2 0
git.example.com/infra/openbao-sdk-go/internal/engine/transport.go:117.3,122.27 6 0
git.example.com/infra/openbao-sdk-go/internal/engine/transport.go:124.2,125.30 2 0
git.example.com/infra/openbao-sdk-go/internal/engine/transport.go:125.30,129.3 3 0
git.example.com/infra/openbao-sdk-go/internal/engine/transport.go:130.2,130.14 1 0
git.example.com/infra/openbao-sdk-go/internal/engine/transport.go:130.14,134.3 3 0
git.example.com/infra/openbao-sdk-go/internal/engine/transport.go:135.2,138.18 4 0
git.example.com/infra/openbao-sdk-go/internal/engine/transport.go:143.47,144.106 1 0
git.example.com/infra/openbao-sdk-go/internal/engine/transport.go:144.106,144.140 1 0
git.example.com/infra/openbao-sdk-go/internal/engine/types.go:22.27,23.14 1 0
git.example.com/infra/openbao-sdk-go/internal/engine/types.go:23.14,26.3 2 0
git.example.com/infra/openbao-sdk-go/internal/jsondoc/json.go:19.54,20.22 1 0
git.example.com/infra/openbao-sdk-go/internal/jsondoc/json.go:20.22,22.3 1 0
git.example.com/infra/openbao-sdk-go/internal/jsondoc/json.go:23.2,26.14 4 0
git.example.com/infra/openbao-sdk-go/internal/jsondoc/json.go:26.14,28.3 1 0
git.example.com/infra/openbao-sdk-go/internal/jsondoc/json.go:29.2,29.35 1 0
git.example.com/infra/openbao-sdk-go/internal/jsondoc/json.go:29.35,31.3 1 0
git.example.com/infra/openbao-sdk-go/internal/jsondoc/json.go:32.2,32.16 1 0
git.example.com/infra/openbao-sdk-go/internal/jsondoc/json.go:32.16,33.39 1 0
git.example.com/infra/openbao-sdk-go/internal/jsondoc/json.go:33.39,35.4 1 0
git.example.com/infra/openbao-sdk-go/internal/jsondoc/json.go:37.2,37.15 1 0
git.example.com/infra/openbao-sdk-go/internal/jsondoc/json.go:39.53,41.14 2 0
git.example.com/infra/openbao-sdk-go/internal/jsondoc/json.go:41.14,43.3 1 0
git.example.com/infra/openbao-sdk-go/internal/jsondoc/json.go:44.2,44.39 1 0
git.example.com/infra/openbao-sdk-go/internal/jsondoc/json.go:44.39,45.24 1 0
git.example.com/infra/openbao-sdk-go/internal/jsondoc/json.go:45.24,47.4 1 0
git.example.com/infra/openbao-sdk-go/internal/jsondoc/json.go:48.3,48.16 1 0
git.example.com/infra/openbao-sdk-go/internal/jsondoc/json.go:49.12,51.17 2 0
git.example.com/infra/openbao-sdk-go/internal/jsondoc/json.go:51.17,53.17 2 0
git.example.com/infra/openbao-sdk-go/internal/jsondoc/json.go:53.17,55.6 1 0
git.example.com/infra/openbao-sdk-go/internal/jsondoc/json.go:56.5,57.12 2 0
git.example.com/infra/openbao-sdk-go/internal/jsondoc/json.go:57.12,59.6 1 0
git.example.com/infra/openbao-sdk-go/internal/jsondoc/json.go:60.5,60.36 1 0
git.example.com/infra/openbao-sdk-go/internal/jsondoc/json.go:60.36,62.6 1 0
git.example.com/infra/openbao-sdk-go/internal/jsondoc/json.go:63.5,64.17 2 0
git.example.com/infra/openbao-sdk-go/internal/jsondoc/json.go:64.17,66.6 1 0
git.example.com/infra/openbao-sdk-go/internal/jsondoc/json.go:67.5,67.15 1 0
git.example.com/infra/openbao-sdk-go/internal/jsondoc/json.go:69.4,70.42 2 0
git.example.com/infra/openbao-sdk-go/internal/jsondoc/json.go:70.42,72.5 1 0
git.example.com/infra/openbao-sdk-go/internal/jsondoc/json.go:73.4,73.17 1 0
git.example.com/infra/openbao-sdk-go/internal/jsondoc/json.go:74.12,76.17 2 0
git.example.com/infra/openbao-sdk-go/internal/jsondoc/json.go:76.17,78.17 2 0
git.example.com/infra/openbao-sdk-go/internal/jsondoc/json.go:78.17,80.6 1 0
git.example.com/infra/openbao-sdk-go/internal/jsondoc/json.go:81.5,81.21 1 0
git.example.com/infra/openbao-sdk-go/internal/jsondoc/json.go:83.4,84.42 2 0
git.example.com/infra/openbao-sdk-go/internal/jsondoc/json.go:84.42,86.5 1 0
git.example.com/infra/openbao-sdk-go/internal/jsondoc/json.go:87.4,87.17 1 0
git.example.com/infra/openbao-sdk-go/internal/jsondoc/json.go:88.11,89.26 1 0
git.example.com/infra/openbao-sdk-go/internal/jsondoc/json.go:92.2,92.20 1 0
git.example.com/infra/openbao-sdk-go/internal/jsondoc/json.go:93.38,94.18 1 0
git.example.com/infra/openbao-sdk-go/internal/jsondoc/json.go:95.10,96.25 1 0
git.example.com/infra/openbao-sdk-go/internal/jsondoc/json.go:99.49,101.14 2 0
git.example.com/infra/openbao-sdk-go/internal/jsondoc/json.go:101.14,103.3 1 0
git.example.com/infra/openbao-sdk-go/internal/jsondoc/json.go:104.2,104.32 1 0
git.example.com/infra/openbao-sdk-go/internal/pkiutil/parse.go:19.70,20.50 1 0
git.example.com/infra/openbao-sdk-go/internal/pkiutil/parse.go:20.50,22.3 1 0
git.example.com/infra/openbao-sdk-go/internal/pkiutil/parse.go:23.2,26.20 4 0
git.example.com/infra/openbao-sdk-go/internal/pkiutil/parse.go:26.20,27.88 1 0
git.example.com/infra/openbao-sdk-go/internal/pkiutil/parse.go:27.88,29.4 1 0
git.example.com/infra/openbao-sdk-go/internal/pkiutil/parse.go:30.3,31.65 2 0
git.example.com/infra/openbao-sdk-go/internal/pkiutil/parse.go:31.65,33.4 1 0
git.example.com/infra/openbao-sdk-go/internal/pkiutil/parse.go:34.3,35.104 2 0
git.example.com/infra/openbao-sdk-go/internal/pkiutil/parse.go:35.104,37.4 1 0
git.example.com/infra/openbao-sdk-go/internal/pkiutil/parse.go:38.3,40.31 3 0
git.example.com/infra/openbao-sdk-go/internal/pkiutil/parse.go:42.2,42.21 1 0
git.example.com/infra/openbao-sdk-go/internal/pkiutil/parse.go:42.21,44.3 1 0
git.example.com/infra/openbao-sdk-go/internal/pkiutil/parse.go:45.2,45.27 1 0
git.example.com/infra/openbao-sdk-go/internal/pkiutil/parse.go:47.56,48.50 1 0
git.example.com/infra/openbao-sdk-go/internal/pkiutil/parse.go:48.50,50.3 1 0
git.example.com/infra/openbao-sdk-go/internal/pkiutil/parse.go:51.2,52.152 2 0
git.example.com/infra/openbao-sdk-go/internal/pkiutil/parse.go:52.152,54.3 1 0
git.example.com/infra/openbao-sdk-go/internal/pkiutil/parse.go:55.2,56.146 2 0
git.example.com/infra/openbao-sdk-go/internal/pkiutil/parse.go:56.146,58.3 1 0
git.example.com/infra/openbao-sdk-go/internal/pkiutil/parse.go:59.2,60.45 2 0
git.example.com/infra/openbao-sdk-go/internal/pkiutil/parse.go:60.45,62.3 1 0
git.example.com/infra/openbao-sdk-go/internal/pkiutil/parse.go:63.2,63.17 1 0
git.example.com/infra/openbao-sdk-go/internal/pkiutil/parse.go:65.52,66.50 1 0
git.example.com/infra/openbao-sdk-go/internal/pkiutil/parse.go:66.50,68.3 1 0
git.example.com/infra/openbao-sdk-go/internal/pkiutil/parse.go:69.2,70.67 2 0
git.example.com/infra/openbao-sdk-go/internal/pkiutil/parse.go:70.67,72.3 1 0
git.example.com/infra/openbao-sdk-go/internal/pkiutil/parse.go:73.2,74.97 2 0
git.example.com/infra/openbao-sdk-go/internal/pkiutil/parse.go:74.97,76.3 1 0
git.example.com/infra/openbao-sdk-go/internal/pkiutil/parse.go:77.2,79.14 3 0
git.example.com/infra/openbao-sdk-go/internal/pkiutil/parse.go:79.14,81.3 1 0
git.example.com/infra/openbao-sdk-go/internal/pkiutil/parse.go:82.2,83.9 2 0
git.example.com/infra/openbao-sdk-go/internal/pkiutil/parse.go:83.9,85.3 1 0
git.example.com/infra/openbao-sdk-go/internal/pkiutil/parse.go:86.2,86.15 1 0
git.example.com/infra/openbao-sdk-go/internal/pkiutil/parse.go:88.32,90.14 2 0
git.example.com/infra/openbao-sdk-go/internal/pkiutil/parse.go:90.14,92.3 1 0
git.example.com/infra/openbao-sdk-go/internal/pkiutil/parse.go:93.2,94.38 2 0
git.example.com/infra/openbao-sdk-go/internal/pkiutil/parse.go:96.32,97.31 1 0
git.example.com/infra/openbao-sdk-go/internal/pkiutil/parse.go:97.31,99.3 1 0
git.example.com/infra/openbao-sdk-go/internal/pkiutil/parse.go:100.2,102.35 3 0
git.example.com/infra/openbao-sdk-go/internal/pkiutil/parse.go:102.35,104.3 1 0
git.example.com/infra/openbao-sdk-go/internal/pkiutil/parse.go:105.2,105.33 1 0
git.example.com/infra/openbao-sdk-go/internal/pkiutil/parse.go:107.48,108.62 1 0
git.example.com/infra/openbao-sdk-go/internal/pkiutil/parse.go:108.62,110.3 1 0
git.example.com/infra/openbao-sdk-go/internal/pkiutil/parse.go:111.2,112.30 2 0
git.example.com/infra/openbao-sdk-go/internal/pkiutil/parse.go:112.30,114.3 1 0
git.example.com/infra/openbao-sdk-go/internal/pkiutil/parse.go:115.2,115.30 1 0
git.example.com/infra/openbao-sdk-go/internal/pkiutil/parse.go:115.30,116.22 1 0
git.example.com/infra/openbao-sdk-go/internal/pkiutil/parse.go:116.22,118.4 1 0
git.example.com/infra/openbao-sdk-go/internal/pkiutil/parse.go:119.3,119.18 1 0
git.example.com/infra/openbao-sdk-go/internal/pkiutil/parse.go:121.2,122.21 2 0
git.example.com/infra/openbao-sdk-go/internal/pkiutil/parse.go:122.21,124.27 2 0
git.example.com/infra/openbao-sdk-go/internal/pkiutil/parse.go:124.27,125.19 1 0
git.example.com/infra/openbao-sdk-go/internal/pkiutil/parse.go:125.19,127.5 1 0
git.example.com/infra/openbao-sdk-go/internal/pkiutil/parse.go:129.3,129.32 1 0
git.example.com/infra/openbao-sdk-go/internal/pkiutil/parse.go:131.2,131.21 1 0
git.example.com/infra/openbao-sdk-go/internal/pkiutil/parse.go:131.21,133.3 1 0
git.example.com/infra/openbao-sdk-go/internal/pkiutil/parse.go:134.2,134.19 1 0
git.example.com/infra/openbao-sdk-go/internal/pkiutil/parse.go:134.19,136.3 1 0
git.example.com/infra/openbao-sdk-go/internal/pkiutil/parse.go:137.2,138.14 2 0
git.example.com/infra/openbao-sdk-go/internal/pkiutil/parse.go:138.14,140.3 1 0
git.example.com/infra/openbao-sdk-go/internal/pkiutil/parse.go:141.2,142.19 2 0
git.example.com/infra/openbao-sdk-go/internal/pkiutil/parse.go:142.19,144.3 1 0
git.example.com/infra/openbao-sdk-go/internal/pkiutil/parse.go:145.2,145.23 1 0
git.example.com/infra/openbao-sdk-go/internal/transitutil/encoding.go:29.53,30.45 1 0
git.example.com/infra/openbao-sdk-go/internal/transitutil/encoding.go:30.45,32.3 1 0
git.example.com/infra/openbao-sdk-go/internal/transitutil/encoding.go:33.2,34.87 2 0
git.example.com/infra/openbao-sdk-go/internal/transitutil/encoding.go:34.87,36.3 1 0
git.example.com/infra/openbao-sdk-go/internal/transitutil/encoding.go:37.2,38.59 2 0
git.example.com/infra/openbao-sdk-go/internal/transitutil/encoding.go:38.59,40.3 1 0
git.example.com/infra/openbao-sdk-go/internal/transitutil/encoding.go:41.2,42.81 2 0
git.example.com/infra/openbao-sdk-go/internal/transitutil/encoding.go:42.81,45.3 2 0
git.example.com/infra/openbao-sdk-go/internal/transitutil/encoding.go:46.2,46.18 1 0
git.example.com/infra/openbao-sdk-go/internal/transitutil/encoding.go:48.56,49.11 1 0
git.example.com/infra/openbao-sdk-go/internal/transitutil/encoding.go:50.57,51.14 1 0
git.example.com/infra/openbao-sdk-go/internal/transitutil/encoding.go:52.30,53.17 1 0
git.example.com/infra/openbao-sdk-go/internal/transitutil/encoding.go:55.2,55.14 1 0
git.example.com/infra/openbao-sdk-go/internal/transitutil/encoding.go:57.65,59.11 2 0
git.example.com/infra/openbao-sdk-go/internal/transitutil/encoding.go:60.35,62.37 2 0
git.example.com/infra/openbao-sdk-go/internal/transitutil/encoding.go:63.28,66.28 3 0
git.example.com/infra/openbao-sdk-go/internal/transitutil/encoding.go:67.30,68.31 1 0
git.example.com/infra/openbao-sdk-go/internal/transitutil/encoding.go:70.2,70.10 1 0
git.example.com/infra/openbao-sdk-go/internal/transitutil/encoding.go:72.55,73.11 1 0
git.example.com/infra/openbao-sdk-go/internal/transitutil/encoding.go:74.35,77.67 3 0
git.example.com/infra/openbao-sdk-go/internal/transitutil/encoding.go:77.67,79.4 1 0
git.example.com/infra/openbao-sdk-go/internal/transitutil/encoding.go:80.3,81.90 2 0
git.example.com/infra/openbao-sdk-go/internal/transitutil/encoding.go:82.28,83.41 1 0
git.example.com/infra/openbao-sdk-go/internal/transitutil/encoding.go:84.30,85.41 1 0
git.example.com/infra/openbao-sdk-go/internal/transitutil/encoding.go:87.2,87.14 1 0
git.example.com/infra/openbao-sdk-go/internal/transitutil/encoding.go:91.74,92.41 1 0
git.example.com/infra/openbao-sdk-go/internal/transitutil/encoding.go:92.41,94.3 1 0
git.example.com/infra/openbao-sdk-go/internal/transitutil/encoding.go:95.2,96.64 2 0
git.example.com/infra/openbao-sdk-go/internal/transitutil/encoding.go:96.64,98.98 2 0
git.example.com/infra/openbao-sdk-go/internal/transitutil/encoding.go:98.98,100.4 1 0
git.example.com/infra/openbao-sdk-go/internal/transitutil/encoding.go:101.3,101.29 1 0
git.example.com/infra/openbao-sdk-go/internal/transitutil/encoding.go:102.8,105.174 3 0
git.example.com/infra/openbao-sdk-go/internal/transitutil/encoding.go:105.174,107.4 1 0
git.example.com/infra/openbao-sdk-go/internal/transitutil/encoding.go:108.3,110.15 3 0
git.example.com/infra/openbao-sdk-go/internal/transitutil/encoding.go:110.15,112.4 1 0
git.example.com/infra/openbao-sdk-go/internal/transitutil/encoding.go:114.2,114.14 1 0
git.example.com/infra/openbao-sdk-go/internal/transitutil/encoding.go:115.20,117.72 2 0
git.example.com/infra/openbao-sdk-go/internal/transitutil/encoding.go:117.72,119.4 1 0
git.example.com/infra/openbao-sdk-go/internal/transitutil/encoding.go:120.42,123.73 3 0
git.example.com/infra/openbao-sdk-go/internal/transitutil/encoding.go:123.73,125.4 1 0
git.example.com/infra/openbao-sdk-go/internal/transitutil/encoding.go:126.17,127.60 1 0
git.example.com/infra/openbao-sdk-go/internal/transitutil/encoding.go:127.60,129.4 1 0
git.example.com/infra/openbao-sdk-go/internal/transitutil/encoding.go:130.10,131.36 1 0
git.example.com/infra/openbao-sdk-go/internal/transitutil/encoding.go:133.2,134.14 2 0
git.example.com/infra/openbao-sdk-go/internal/transitutil/encoding.go:134.14,136.3 1 0
git.example.com/infra/openbao-sdk-go/internal/transitutil/encoding.go:137.2,137.86 1 0
git.example.com/infra/openbao-sdk-go/internal/transitutil/encoding.go:139.54,140.11 1 0
git.example.com/infra/openbao-sdk-go/internal/transitutil/encoding.go:141.35,142.30 1 0
git.example.com/infra/openbao-sdk-go/internal/transitutil/encoding.go:143.28,144.72 1 0
git.example.com/infra/openbao-sdk-go/internal/transitutil/encoding.go:145.30,146.27 1 0
git.example.com/infra/openbao-sdk-go/internal/transitutil/encoding.go:148.2,148.14 1 0
git.example.com/infra/openbao-sdk-go/internal/transitutil/encoding.go:150.106,151.60 1 0
git.example.com/infra/openbao-sdk-go/internal/transitutil/encoding.go:151.60,153.3 1 0
git.example.com/infra/openbao-sdk-go/internal/transitutil/encoding.go:154.2,154.33 1 0
git.example.com/infra/openbao-sdk-go/internal/transitutil/encoding.go:154.33,157.3 2 0
git.example.com/infra/openbao-sdk-go/internal/transitutil/encoding.go:158.2,159.16 2 0
git.example.com/infra/openbao-sdk-go/internal/transitutil/encoding.go:159.16,162.3 2 0
git.example.com/infra/openbao-sdk-go/internal/transitutil/encoding.go:162.8,162.25 1 0
git.example.com/infra/openbao-sdk-go/internal/transitutil/encoding.go:162.25,164.3 1 0
git.example.com/infra/openbao-sdk-go/internal/transitutil/encoding.go:165.2,165.25 1 0
git.example.com/infra/openbao-sdk-go/internal/transitutil/encoding.go:166.24,167.73 1 0
git.example.com/infra/openbao-sdk-go/internal/transitutil/encoding.go:168.22,169.164 1 0
git.example.com/infra/openbao-sdk-go/internal/transitutil/encoding.go:171.2,171.14 1 0
git.example.com/infra/openbao-sdk-go/kv/document.go:18.47,20.14 2 0
git.example.com/infra/openbao-sdk-go/kv/document.go:20.14,22.3 1 0
git.example.com/infra/openbao-sdk-go/kv/document.go:23.2,24.27 2 0
git.example.com/infra/openbao-sdk-go/kv/document.go:26.50,27.43 1 0
git.example.com/infra/openbao-sdk-go/kv/document.go:27.43,29.3 1 0
git.example.com/infra/openbao-sdk-go/kv/document.go:30.2,30.52 1 0
git.example.com/infra/openbao-sdk-go/kv/document.go:32.41,35.19 3 0
git.example.com/infra/openbao-sdk-go/kv/document.go:35.19,37.3 1 0
git.example.com/infra/openbao-sdk-go/kv/document.go:38.2,40.40 3 0
git.example.com/infra/openbao-sdk-go/kv/document.go:40.40,42.3 1 0
git.example.com/infra/openbao-sdk-go/kv/document.go:43.2,43.12 1 0
git.example.com/infra/openbao-sdk-go/kv/document.go:45.39,45.68 1 0
git.example.com/infra/openbao-sdk-go/kv/document.go:46.27,47.14 1 0
git.example.com/infra/openbao-sdk-go/kv/document.go:47.14,49.3 1 0
git.example.com/infra/openbao-sdk-go/kv/document.go:51.54,51.77 1 0
git.example.com/infra/openbao-sdk-go/kv/document.go:52.54,52.77 1 0
git.example.com/infra/openbao-sdk-go/kv/document.go:53.54,53.100 1 0
git.example.com/infra/openbao-sdk-go/kv/document.go:54.54,54.95 1 0
git.example.com/infra/openbao-sdk-go/kv/document.go:55.49,57.2 1 0
git.example.com/infra/openbao-sdk-go/pki/validate.go:11.30,13.2 1 0
git.example.com/infra/openbao-sdk-go/pki/validate.go:16.36,17.40 1 0
git.example.com/infra/openbao-sdk-go/pki/validate.go:17.40,19.3 1 0
git.example.com/infra/openbao-sdk-go/pki/validate.go:20.2,20.12 1 0
git.example.com/infra/openbao-sdk-go/pki/validate.go:25.74,27.170 2 0
git.example.com/infra/openbao-sdk-go/pki/validate.go:27.170,29.3 1 0
git.example.com/infra/openbao-sdk-go/pki/validate.go:30.2,31.14 2 0
git.example.com/infra/openbao-sdk-go/pki/validate.go:31.14,33.3 1 0
git.example.com/infra/openbao-sdk-go/pki/validate.go:34.2,38.71 5 0
git.example.com/infra/openbao-sdk-go/pki/validate.go:38.71,40.3 1 0
git.example.com/infra/openbao-sdk-go/pki/validate.go:41.2,42.45 2 0
git.example.com/infra/openbao-sdk-go/pki/validate.go:42.45,44.15 2 0
git.example.com/infra/openbao-sdk-go/pki/validate.go:44.15,46.4 1 0
git.example.com/infra/openbao-sdk-go/pki/validate.go:47.3,47.24 1 0
git.example.com/infra/openbao-sdk-go/pki/validate.go:47.24,48.15 1 0
git.example.com/infra/openbao-sdk-go/pki/validate.go:48.15,50.5 1 0
git.example.com/infra/openbao-sdk-go/pki/validate.go:51.4,51.20 1 0
git.example.com/infra/openbao-sdk-go/pki/validate.go:54.2,55.30 2 0
git.example.com/infra/openbao-sdk-go/pki/validate.go:55.30,57.3 1 0
git.example.com/infra/openbao-sdk-go/pki/validate.go:58.2,59.46 2 0
git.example.com/infra/openbao-sdk-go/pki/validate.go:59.46,61.3 1 0
git.example.com/infra/openbao-sdk-go/pki/validate.go:62.2,62.25 1 0
git.example.com/infra/openbao-sdk-go/pki/validate.go:62.25,64.3 1 0
git.example.com/infra/openbao-sdk-go/pki/validate.go:65.2,65.32 1 0
git.example.com/infra/openbao-sdk-go/pki/validate.go:65.32,67.15 2 0
git.example.com/infra/openbao-sdk-go/pki/validate.go:67.15,69.4 1 0
git.example.com/infra/openbao-sdk-go/pki/validate.go:70.3,70.24 1 0
git.example.com/infra/openbao-sdk-go/pki/validate.go:70.24,72.4 1 0
git.example.com/infra/openbao-sdk-go/pki/validate.go:74.2,75.18 2 0
git.example.com/infra/openbao-sdk-go/pki/validate.go:75.18,77.3 1 0
git.example.com/infra/openbao-sdk-go/pki/validate.go:78.2,78.113 1 0
git.example.com/infra/openbao-sdk-go/pki/validate.go:78.113,80.3 1 0
git.example.com/infra/openbao-sdk-go/pki/validate.go:81.2,81.193 1 0
git.example.com/infra/openbao-sdk-go/pki/validate.go:81.193,83.3 1 0
git.example.com/infra/openbao-sdk-go/pki/validate.go:84.2,84.43 1 0
git.example.com/infra/openbao-sdk-go/pki/validate.go:84.43,86.62 2 0
git.example.com/infra/openbao-sdk-go/pki/validate.go:86.62,88.4 1 0
git.example.com/infra/openbao-sdk-go/pki/validate.go:90.2,90.77 1 0
git.example.com/infra/openbao-sdk-go/pki/validate.go:90.77,92.3 1 0
git.example.com/infra/openbao-sdk-go/pki/validate.go:93.2,93.42 1 0
git.example.com/infra/openbao-sdk-go/pki/validate.go:93.42,95.40 2 0
git.example.com/infra/openbao-sdk-go/pki/validate.go:95.40,96.39 1 0
git.example.com/infra/openbao-sdk-go/pki/validate.go:96.39,98.5 1 0
git.example.com/infra/openbao-sdk-go/pki/validate.go:100.3,100.13 1 0
git.example.com/infra/openbao-sdk-go/pki/validate.go:100.13,102.4 1 0
git.example.com/infra/openbao-sdk-go/pki/validate.go:104.2,104.42 1 0
git.example.com/infra/openbao-sdk-go/pki/validate.go:104.42,106.36 2 0
git.example.com/infra/openbao-sdk-go/pki/validate.go:106.36,107.31 1 0
git.example.com/infra/openbao-sdk-go/pki/validate.go:107.31,109.5 1 0
git.example.com/infra/openbao-sdk-go/pki/validate.go:111.3,111.13 1 0
git.example.com/infra/openbao-sdk-go/pki/validate.go:111.13,113.4 1 0
git.example.com/infra/openbao-sdk-go/pki/validate.go:115.2,115.44 1 0
git.example.com/infra/openbao-sdk-go/pki/validate.go:115.44,116.156 1 0
git.example.com/infra/openbao-sdk-go/pki/validate.go:116.156,118.4 1 0
git.example.com/infra/openbao-sdk-go/pki/validate.go:120.2,120.12 1 0
git.example.com/infra/openbao-sdk-go/sensitive/bytes.go:22.35,22.102 1 0
git.example.com/infra/openbao-sdk-go/sensitive/bytes.go:23.36,24.19 1 0
git.example.com/infra/openbao-sdk-go/sensitive/bytes.go:24.19,26.3 1 0
git.example.com/infra/openbao-sdk-go/sensitive/bytes.go:27.2,29.45 3 0
git.example.com/infra/openbao-sdk-go/sensitive/bytes.go:31.24,32.31 1 0
git.example.com/infra/openbao-sdk-go/sensitive/bytes.go:32.31,34.3 1 0
git.example.com/infra/openbao-sdk-go/sensitive/bytes.go:35.2,38.20 4 0
git.example.com/infra/openbao-sdk-go/sensitive/bytes.go:40.26,41.19 1 0
git.example.com/infra/openbao-sdk-go/sensitive/bytes.go:41.19,43.3 1 0
git.example.com/infra/openbao-sdk-go/sensitive/bytes.go:44.2,46.26 3 0
git.example.com/infra/openbao-sdk-go/sensitive/bytes.go:48.51,48.74 1 0
git.example.com/infra/openbao-sdk-go/sensitive/bytes.go:49.51,49.74 1 0
git.example.com/infra/openbao-sdk-go/sensitive/bytes.go:50.51,50.97 1 0
git.example.com/infra/openbao-sdk-go/sensitive/bytes.go:51.51,51.92 1 0
git.example.com/infra/openbao-sdk-go/sensitive/bytes.go:52.46,54.2 1 0
git.example.com/infra/openbao-sdk-go/auth/providers.go:27.41,29.2 1 0
git.example.com/infra/openbao-sdk-go/auth/providers.go:30.48,31.16 1 0
git.example.com/infra/openbao-sdk-go/auth/providers.go:31.16,33.3 1 0
git.example.com/infra/openbao-sdk-go/auth/providers.go:34.2,34.35 1 0
git.example.com/infra/openbao-sdk-go/auth/providers.go:34.35,36.3 1 0
git.example.com/infra/openbao-sdk-go/auth/providers.go:37.2,37.43 1 0
git.example.com/infra/openbao-sdk-go/auth/providers.go:37.43,39.3 1 0
git.example.com/infra/openbao-sdk-go/auth/providers.go:40.2,40.12 1 0
git.example.com/infra/openbao-sdk-go/auth/providers.go:42.37,43.48 1 0
git.example.com/infra/openbao-sdk-go/auth/providers.go:43.48,45.3 1 0
git.example.com/infra/openbao-sdk-go/auth/providers.go:46.2,46.22 1 0
git.example.com/infra/openbao-sdk-go/auth/providers.go:46.22,47.24 1 0
git.example.com/infra/openbao-sdk-go/auth/providers.go:47.24,49.4 1 0
git.example.com/infra/openbao-sdk-go/auth/providers.go:51.2,51.13 1 0
git.example.com/infra/openbao-sdk-go/auth/providers.go:53.47,54.31 1 0
git.example.com/infra/openbao-sdk-go/auth/providers.go:54.31,54.89 1 0
git.example.com/infra/openbao-sdk-go/auth/providers.go:55.2,55.30 1 0
git.example.com/infra/openbao-sdk-go/auth/providers.go:55.30,57.3 1 0
git.example.com/infra/openbao-sdk-go/auth/providers.go:58.2,60.44 3 0
git.example.com/infra/openbao-sdk-go/auth/providers.go:69.67,72.27 3 0
git.example.com/infra/openbao-sdk-go/auth/providers.go:72.27,74.3 1 0
git.example.com/infra/openbao-sdk-go/auth/providers.go:75.2,76.16 2 0
git.example.com/infra/openbao-sdk-go/auth/providers.go:76.16,78.3 1 0
git.example.com/infra/openbao-sdk-go/auth/providers.go:79.2,79.73 1 0
git.example.com/infra/openbao-sdk-go/auth/providers.go:81.76,82.44 1 0
git.example.com/infra/openbao-sdk-go/auth/providers.go:82.44,84.3 1 0
git.example.com/infra/openbao-sdk-go/auth/providers.go:85.2,87.85 3 0
git.example.com/infra/openbao-sdk-go/auth/providers.go:96.38,98.2 1 0
git.example.com/infra/openbao-sdk-go/auth/providers.go:102.55,103.26 1 0
git.example.com/infra/openbao-sdk-go/auth/providers.go:103.26,105.3 1 0
git.example.com/infra/openbao-sdk-go/auth/providers.go:106.2,106.36 1 0
git.example.com/infra/openbao-sdk-go/auth/providers.go:108.78,109.83 1 0
git.example.com/infra/openbao-sdk-go/auth/providers.go:109.83,111.3 1 0
git.example.com/infra/openbao-sdk-go/auth/providers.go:112.2,112.49 1 0
git.example.com/infra/openbao-sdk-go/auth/providers.go:114.88,115.44 1 0
git.example.com/infra/openbao-sdk-go/auth/providers.go:115.44,117.3 1 0
git.example.com/infra/openbao-sdk-go/auth/providers.go:120.2,121.42 2 0
git.example.com/infra/openbao-sdk-go/auth/providers.go:121.42,123.3 1 0
git.example.com/infra/openbao-sdk-go/auth/providers.go:124.2,125.16 2 0
git.example.com/infra/openbao-sdk-go/auth/providers.go:125.16,127.3 1 0
git.example.com/infra/openbao-sdk-go/auth/providers.go:128.2,130.76 3 0
git.example.com/infra/openbao-sdk-go/auth/providers.go:130.76,132.3 1 0
git.example.com/infra/openbao-sdk-go/auth/providers.go:133.2,135.49 3 0
git.example.com/infra/openbao-sdk-go/auth/providers.go:135.49,137.3 1 0
git.example.com/infra/openbao-sdk-go/auth/providers.go:138.2,138.43 1 0
git.example.com/infra/openbao-sdk-go/auth/providers.go:138.43,140.3 1 0
git.example.com/infra/openbao-sdk-go/auth/providers.go:141.2,142.29 2 0
git.example.com/infra/openbao-sdk-go/auth/providers.go:142.29,144.3 1 0
git.example.com/infra/openbao-sdk-go/auth/providers.go:145.2,146.16 2 0
git.example.com/infra/openbao-sdk-go/auth/providers.go:146.16,148.3 1 0
git.example.com/infra/openbao-sdk-go/auth/providers.go:149.2,149.42 1 0
git.example.com/infra/openbao-sdk-go/auth/providers.go:151.74,153.16 2 0
git.example.com/infra/openbao-sdk-go/auth/providers.go:153.16,155.3 1 0
git.example.com/infra/openbao-sdk-go/auth/providers.go:156.2,156.52 1 0
git.example.com/infra/openbao-sdk-go/auth/providers.go:158.79,160.16 2 0
git.example.com/infra/openbao-sdk-go/auth/providers.go:160.16,162.3 1 0
git.example.com/infra/openbao-sdk-go/auth/providers.go:163.2,163.70 1 0
git.example.com/infra/openbao-sdk-go/baoerr/error.go:49.32,50.14 1 0
git.example.com/infra/openbao-sdk-go/baoerr/error.go:50.14,52.3 1 0
git.example.com/infra/openbao-sdk-go/baoerr/error.go:53.2,53.43 1 0
git.example.com/infra/openbao-sdk-go/baoerr/error.go:55.32,56.14 1 0
git.example.com/infra/openbao-sdk-go/baoerr/error.go:56.14,58.3 1 0
git.example.com/infra/openbao-sdk-go/baoerr/error.go:59.2,59.16 1 0
git.example.com/infra/openbao-sdk-go/baoerr/error.go:60.20,61.26 1 0
git.example.com/infra/openbao-sdk-go/baoerr/error.go:62.28,63.34 1 0
git.example.com/infra/openbao-sdk-go/baoerr/error.go:65.2,65.12 1 0
git.example.com/infra/openbao-sdk-go/baoerr/error.go:67.42,70.2 2 0
git.example.com/infra/openbao-sdk-go/baoerr/error.go:71.40,74.2 2 0
git.example.com/infra/openbao-sdk-go/baoerr/error.go:75.45,75.65 1 0
git.example.com/infra/openbao-sdk-go/baoerr/error.go:76.45,76.65 1 0
git.example.com/infra/openbao-sdk-go/baoerr/error.go:77.45,77.84 1 0
git.example.com/infra/openbao-sdk-go/baoerr/error.go:78.45,78.83 1 0
git.example.com/infra/openbao-sdk-go/baoerr/error.go:79.47,80.14 1 0
git.example.com/infra/openbao-sdk-go/baoerr/error.go:80.14,82.3 1 0
git.example.com/infra/openbao-sdk-go/baoerr/error.go:83.2,89.81 1 0
git.example.com/infra/openbao-sdk-go/baoerr/error.go:91.32,92.11 1 0
git.example.com/infra/openbao-sdk-go/baoerr/error.go:93.281,94.11 1 0
git.example.com/infra/openbao-sdk-go/baoerr/error.go:96.2,96.20 1 0
git.example.com/infra/openbao-sdk-go/baoerr/error.go:98.34,99.11 1 0
git.example.com/infra/openbao-sdk-go/baoerr/error.go:100.50,101.11 1 0
git.example.com/infra/openbao-sdk-go/baoerr/error.go:103.2,103.22 1 0
git.example.com/infra/openbao-sdk-go/internal/authn/approle.go:16.55,20.26 4 0
git.example.com/infra/openbao-sdk-go/internal/authn/approle.go:20.26,22.3 1 0
git.example.com/infra/openbao-sdk-go/internal/authn/approle.go:23.2,24.16 2 0
git.example.com/infra/openbao-sdk-go/internal/authn/approle.go:24.16,26.3 1 0
git.example.com/infra/openbao-sdk-go/internal/authn/approle.go:27.2,31.184 5 0
git.example.com/infra/openbao-sdk-go/internal/authn/approle.go:31.184,33.3 1 0
git.example.com/infra/openbao-sdk-go/internal/authn/approle.go:34.2,34.40 1 0
git.example.com/infra/openbao-sdk-go/internal/authn/approle.go:34.40,36.3 1 0
git.example.com/infra/openbao-sdk-go/internal/authn/approle.go:37.2,37.40 1 0
git.example.com/infra/openbao-sdk-go/internal/authn/approle.go:37.40,40.12 3 0
git.example.com/infra/openbao-sdk-go/internal/authn/approle.go:40.12,42.4 1 0
git.example.com/infra/openbao-sdk-go/internal/authn/approle.go:43.3,44.11 2 0
git.example.com/infra/openbao-sdk-go/internal/authn/approle.go:44.11,46.4 1 0
git.example.com/infra/openbao-sdk-go/internal/authn/approle.go:48.2,49.16 2 0
git.example.com/infra/openbao-sdk-go/internal/authn/approle.go:49.16,51.3 1 0
git.example.com/infra/openbao-sdk-go/internal/authn/approle.go:52.2,54.17 3 0
git.example.com/infra/openbao-sdk-go/internal/authn/approle.go:54.17,56.3 1 0
git.example.com/infra/openbao-sdk-go/internal/authn/approle.go:57.2,57.16 1 0
git.example.com/infra/openbao-sdk-go/internal/authn/approle.go:57.16,59.3 1 0
git.example.com/infra/openbao-sdk-go/internal/authn/approle.go:60.2,60.57 1 0
git.example.com/infra/openbao-sdk-go/internal/authn/approle.go:62.81,66.189 4 0
git.example.com/infra/openbao-sdk-go/internal/authn/approle.go:66.189,66.218 1 0
git.example.com/infra/openbao-sdk-go/internal/authn/approle.go:67.2,67.17 1 0
git.example.com/infra/openbao-sdk-go/internal/authn/approle.go:67.17,69.3 1 0
git.example.com/infra/openbao-sdk-go/internal/authn/approle.go:70.2,70.16 1 0
git.example.com/infra/openbao-sdk-go/internal/authn/approle.go:70.16,72.3 1 0
git.example.com/infra/openbao-sdk-go/internal/authn/approle.go:73.2,73.57 1 0
git.example.com/infra/openbao-sdk-go/internal/authn/approle.go:75.110,77.16 2 0
git.example.com/infra/openbao-sdk-go/internal/authn/approle.go:77.16,79.3 1 0
git.example.com/infra/openbao-sdk-go/internal/authn/approle.go:80.2,81.9 2 0
git.example.com/infra/openbao-sdk-go/internal/authn/approle.go:81.9,83.3 1 0
git.example.com/infra/openbao-sdk-go/internal/authn/approle.go:84.2,85.40 2 0
git.example.com/infra/openbao-sdk-go/internal/authn/approle.go:85.40,87.3 1 0
git.example.com/infra/openbao-sdk-go/internal/authn/approle.go:88.2,89.70 2 0
git.example.com/infra/openbao-sdk-go/internal/authn/approle.go:89.70,91.3 1 0
git.example.com/infra/openbao-sdk-go/internal/authn/approle.go:92.2,93.9 2 0
git.example.com/infra/openbao-sdk-go/internal/authn/approle.go:93.9,95.3 1 0
git.example.com/infra/openbao-sdk-go/internal/authn/approle.go:96.2,96.43 1 0
git.example.com/infra/openbao-sdk-go/internal/authn/approle.go:96.43,98.20 2 0
git.example.com/infra/openbao-sdk-go/internal/authn/approle.go:98.20,100.4 1 0
git.example.com/infra/openbao-sdk-go/internal/authn/approle.go:102.2,105.20 4 0
git.example.com/infra/openbao-sdk-go/internal/authn/approle.go:105.20,107.3 1 0
git.example.com/infra/openbao-sdk-go/internal/authn/approle.go:108.2,111.14 4 0
git.example.com/infra/openbao-sdk-go/internal/authn/approle.go:111.14,114.3 2 0
git.example.com/infra/openbao-sdk-go/internal/authn/approle.go:115.2,115.45 1 0
git.example.com/infra/openbao-sdk-go/internal/authn/approle.go:115.45,118.3 2 0
git.example.com/infra/openbao-sdk-go/internal/authn/approle.go:119.2,129.12 10 0
git.example.com/infra/openbao-sdk-go/internal/authn/clock.go:15.50,15.71 1 0
git.example.com/infra/openbao-sdk-go/internal/authn/clock.go:16.50,16.88 1 0
git.example.com/infra/openbao-sdk-go/internal/authn/clock.go:20.41,20.57 1 0
git.example.com/infra/openbao-sdk-go/internal/authn/clock.go:21.41,21.62 1 0
git.example.com/infra/openbao-sdk-go/internal/authn/manager.go:44.67,45.18 1 0
git.example.com/infra/openbao-sdk-go/internal/authn/manager.go:45.18,47.3 1 0
git.example.com/infra/openbao-sdk-go/internal/authn/manager.go:48.2,48.85 1 0
git.example.com/infra/openbao-sdk-go/internal/authn/manager.go:50.45,51.16 1 0
git.example.com/infra/openbao-sdk-go/internal/authn/manager.go:51.16,53.3 1 0
git.example.com/infra/openbao-sdk-go/internal/authn/manager.go:54.2,54.19 1 0
git.example.com/infra/openbao-sdk-go/internal/authn/manager.go:55.24,56.77 1 0
git.example.com/infra/openbao-sdk-go/internal/authn/manager.go:57.32,58.85 1 0
git.example.com/infra/openbao-sdk-go/internal/authn/manager.go:60.2,60.12 1 0
git.example.com/infra/openbao-sdk-go/internal/authn/manager.go:62.47,63.37 1 0
git.example.com/infra/openbao-sdk-go/internal/authn/manager.go:63.37,65.3 1 0
git.example.com/infra/openbao-sdk-go/internal/authn/manager.go:66.2,66.88 1 0
git.example.com/infra/openbao-sdk-go/internal/authn/manager.go:68.33,69.36 1 0
git.example.com/infra/openbao-sdk-go/internal/authn/manager.go:69.36,71.3 1 0
git.example.com/infra/openbao-sdk-go/internal/authn/manager.go:72.2,72.22 1 0
git.example.com/infra/openbao-sdk-go/internal/authn/manager.go:72.22,73.24 1 0
git.example.com/infra/openbao-sdk-go/internal/authn/manager.go:73.24,75.4 1 0
git.example.com/infra/openbao-sdk-go/internal/authn/manager.go:77.2,77.13 1 0
git.example.com/infra/openbao-sdk-go/internal/authn/manager.go:79.101,80.15 1 0
git.example.com/infra/openbao-sdk-go/internal/authn/manager.go:80.15,81.23 1 0
git.example.com/infra/openbao-sdk-go/internal/authn/manager.go:81.23,83.4 1 0
git.example.com/infra/openbao-sdk-go/internal/authn/manager.go:85.2,85.24 1 0
git.example.com/infra/openbao-sdk-go/internal/authn/manager.go:87.108,88.15 1 0
git.example.com/infra/openbao-sdk-go/internal/authn/manager.go:88.15,89.23 1 0
git.example.com/infra/openbao-sdk-go/internal/authn/manager.go:89.23,91.4 1 0
git.example.com/infra/openbao-sdk-go/internal/authn/manager.go:93.2,93.23 1 0
git.example.com/infra/openbao-sdk-go/internal/authn/manager.go:95.67,96.37 1 0
git.example.com/infra/openbao-sdk-go/internal/authn/manager.go:96.37,98.3 1 0
git.example.com/infra/openbao-sdk-go/internal/authn/manager.go:99.2,100.14 2 0
git.example.com/infra/openbao-sdk-go/internal/authn/manager.go:100.14,103.3 2 0
git.example.com/infra/openbao-sdk-go/internal/authn/manager.go:104.2,105.38 2 0
git.example.com/infra/openbao-sdk-go/internal/authn/manager.go:105.38,107.17 2 0
git.example.com/infra/openbao-sdk-go/internal/authn/manager.go:107.17,111.4 3 0
git.example.com/infra/openbao-sdk-go/internal/authn/manager.go:112.3,114.89 3 0
git.example.com/infra/openbao-sdk-go/internal/authn/manager.go:114.89,118.4 3 0
git.example.com/infra/openbao-sdk-go/internal/authn/manager.go:119.3,119.38 1 0
git.example.com/infra/openbao-sdk-go/internal/authn/manager.go:119.38,121.4 1 0
git.example.com/infra/openbao-sdk-go/internal/authn/manager.go:122.3,123.26 2 0
git.example.com/infra/openbao-sdk-go/internal/authn/manager.go:125.2,127.14 3 0
git.example.com/infra/openbao-sdk-go/internal/authn/manager.go:127.14,129.3 1 0
git.example.com/infra/openbao-sdk-go/internal/authn/manager.go:130.2,130.60 1 0
git.example.com/infra/openbao-sdk-go/internal/authn/manager.go:130.60,132.3 1 0
git.example.com/infra/openbao-sdk-go/internal/authn/manager.go:133.2,135.25 3 0
git.example.com/infra/openbao-sdk-go/internal/authn/manager.go:137.71,143.2 5 0
git.example.com/infra/openbao-sdk-go/internal/authn/manager.go:144.51,148.19 4 0
git.example.com/infra/openbao-sdk-go/internal/authn/manager.go:148.19,150.40 2 0
git.example.com/infra/openbao-sdk-go/internal/authn/manager.go:150.40,152.4 1 0
git.example.com/infra/openbao-sdk-go/internal/authn/manager.go:154.2,154.14 1 0
git.example.com/infra/openbao-sdk-go/internal/authn/manager.go:154.14,157.3 2 0
git.example.com/infra/openbao-sdk-go/internal/authn/manager.go:158.2,159.38 2 0
git.example.com/infra/openbao-sdk-go/internal/authn/manager.go:159.38,162.3 2 0
git.example.com/infra/openbao-sdk-go/internal/authn/manager.go:162.8,164.3 1 0
git.example.com/infra/openbao-sdk-go/internal/authn/manager.go:165.2,165.21 1 0
git.example.com/infra/openbao-sdk-go/internal/authn/manager.go:165.21,168.3 2 0
git.example.com/infra/openbao-sdk-go/internal/authn/manager.go:169.2,169.13 1 0
git.example.com/infra/openbao-sdk-go/internal/authn/manager.go:169.13,170.20 1 0
git.example.com/infra/openbao-sdk-go/internal/authn/manager.go:170.20,172.4 1 0
git.example.com/infra/openbao-sdk-go/internal/authn/manager.go:172.9,174.4 1 0
git.example.com/infra/openbao-sdk-go/internal/authn/manager.go:176.2,176.10 1 0
git.example.com/infra/openbao-sdk-go/internal/authn/manager.go:181.54,182.37 1 0
git.example.com/infra/openbao-sdk-go/internal/authn/manager.go:182.37,184.3 1 0
git.example.com/infra/openbao-sdk-go/internal/authn/manager.go:185.2,185.38 1 0
git.example.com/infra/openbao-sdk-go/internal/authn/manager.go:185.38,188.3 2 0
git.example.com/infra/openbao-sdk-go/internal/authn/manager.go:189.2,190.14 2 0
git.example.com/infra/openbao-sdk-go/internal/authn/manager.go:190.14,193.3 2 0
git.example.com/infra/openbao-sdk-go/internal/authn/manager.go:194.2,194.33 1 0
git.example.com/infra/openbao-sdk-go/internal/authn/manager.go:194.33,196.10 2 0
git.example.com/infra/openbao-sdk-go/internal/authn/manager.go:197.17,198.16 1 0
git.example.com/infra/openbao-sdk-go/internal/authn/manager.go:199.21,200.27 1 0
git.example.com/infra/openbao-sdk-go/internal/authn/manager.go:203.2,204.44 2 0
git.example.com/infra/openbao-sdk-go/internal/authn/manager.go:204.44,208.3 3 0
git.example.com/infra/openbao-sdk-go/internal/authn/manager.go:209.2,217.11 9 0
git.example.com/infra/openbao-sdk-go/internal/authn/manager.go:217.11,219.3 1 0
git.example.com/infra/openbao-sdk-go/internal/authn/manager.go:219.8,221.3 1 0
git.example.com/infra/openbao-sdk-go/internal/authn/manager.go:222.2,223.16 2 0
git.example.com/infra/openbao-sdk-go/internal/authn/manager.go:223.16,227.22 4 0
git.example.com/infra/openbao-sdk-go/internal/authn/manager.go:227.22,229.4 1 0
git.example.com/infra/openbao-sdk-go/internal/authn/manager.go:231.3,233.170 3 0
git.example.com/infra/openbao-sdk-go/internal/authn/manager.go:233.170,235.4 1 0
git.example.com/infra/openbao-sdk-go/internal/authn/manager.go:237.2,241.12 5 0
git.example.com/infra/openbao-sdk-go/internal/authn/manager.go:245.50,246.37 1 0
git.example.com/infra/openbao-sdk-go/internal/authn/manager.go:246.37,248.3 1 0
git.example.com/infra/openbao-sdk-go/internal/authn/manager.go:249.2,249.38 1 0
git.example.com/infra/openbao-sdk-go/internal/authn/manager.go:249.38,251.3 1 0
git.example.com/infra/openbao-sdk-go/internal/authn/manager.go:252.2,252.6 1 0
git.example.com/infra/openbao-sdk-go/internal/authn/manager.go:252.6,254.15 2 0
git.example.com/infra/openbao-sdk-go/internal/authn/manager.go:254.15,257.4 2 0
git.example.com/infra/openbao-sdk-go/internal/authn/manager.go:258.3,258.38 1 0
git.example.com/infra/openbao-sdk-go/internal/authn/manager.go:258.38,259.11 1 0
git.example.com/infra/openbao-sdk-go/internal/authn/manager.go:260.16,263.24 3 0
git.example.com/infra/openbao-sdk-go/internal/authn/manager.go:264.12,265.59 1 0
git.example.com/infra/openbao-sdk-go/internal/authn/manager.go:265.59,268.6 2 0
git.example.com/infra/openbao-sdk-go/internal/authn/manager.go:269.5,270.12 2 0
git.example.com/infra/openbao-sdk-go/internal/authn/manager.go:271.17,272.14 1 0
git.example.com/infra/openbao-sdk-go/internal/authn/manager.go:273.23,274.29 1 0
git.example.com/infra/openbao-sdk-go/internal/authn/manager.go:278.3,278.38 1 0
git.example.com/infra/openbao-sdk-go/internal/authn/manager.go:278.38,281.4 2 0
git.example.com/infra/openbao-sdk-go/internal/authn/manager.go:282.3,288.13 7 0
git.example.com/infra/openbao-sdk-go/internal/authn/manager.go:288.13,288.46 2 0
git.example.com/infra/openbao-sdk-go/internal/authn/manager.go:289.3,289.13 1 0
git.example.com/infra/openbao-sdk-go/internal/authn/manager.go:292.44,293.6 1 0
git.example.com/infra/openbao-sdk-go/internal/authn/manager.go:293.6,300.17 7 0
git.example.com/infra/openbao-sdk-go/internal/authn/manager.go:300.17,302.4 1 0
git.example.com/infra/openbao-sdk-go/internal/authn/manager.go:303.3,303.48 1 0
git.example.com/infra/openbao-sdk-go/internal/authn/manager.go:303.48,305.4 1 0
git.example.com/infra/openbao-sdk-go/internal/authn/manager.go:306.3,307.10 2 0
git.example.com/infra/openbao-sdk-go/internal/authn/manager.go:308.21,310.10 2 0
git.example.com/infra/openbao-sdk-go/internal/authn/manager.go:311.20,312.16 1 0
git.example.com/infra/openbao-sdk-go/internal/authn/manager.go:314.3,314.23 1 0
git.example.com/infra/openbao-sdk-go/internal/authn/manager.go:314.23,316.4 1 0
git.example.com/infra/openbao-sdk-go/internal/authn/manager.go:317.3,317.21 1 0
git.example.com/infra/openbao-sdk-go/internal/authn/manager.go:322.51,323.37 1 0
git.example.com/infra/openbao-sdk-go/internal/authn/manager.go:323.37,325.26 2 0
git.example.com/infra/openbao-sdk-go/internal/authn/manager.go:325.26,327.4 1 0
git.example.com/infra/openbao-sdk-go/internal/authn/manager.go:328.3,329.11 2 0
git.example.com/infra/openbao-sdk-go/internal/authn/manager.go:331.2,334.19 4 0
git.example.com/infra/openbao-sdk-go/internal/authn/manager.go:334.19,336.3 1 0
git.example.com/infra/openbao-sdk-go/internal/authn/manager.go:337.2,337.17 1 0
git.example.com/infra/openbao-sdk-go/internal/authn/manager.go:337.17,339.3 1 0
git.example.com/infra/openbao-sdk-go/internal/authn/manager.go:340.2,340.9 1 0
git.example.com/infra/openbao-sdk-go/internal/authn/manager.go:341.14,342.13 1 0
git.example.com/infra/openbao-sdk-go/internal/authn/manager.go:343.20,344.26 1 0
git.example.com/infra/openbao-sdk-go/internal/authn/manager.go:349.26,354.25 5 0
git.example.com/infra/openbao-sdk-go/internal/authn/manager.go:354.25,356.3 1 0
git.example.com/infra/openbao-sdk-go/internal/engine/client.go:35.56,37.2 1 0
git.example.com/infra/openbao-sdk-go/internal/engine/client.go:38.43,38.78 1 0
git.example.com/infra/openbao-sdk-go/internal/engine/client.go:39.55,40.12 1 0
git.example.com/infra/openbao-sdk-go/internal/engine/client.go:41.28,42.28 1 0
git.example.com/infra/openbao-sdk-go/internal/engine/client.go:43.20,44.28 1 0
git.example.com/infra/openbao-sdk-go/internal/engine/client.go:45.18,46.28 1 0
git.example.com/infra/openbao-sdk-go/internal/engine/client.go:48.2,48.29 1 0
git.example.com/infra/openbao-sdk-go/internal/engine/client.go:50.79,52.26 2 0
git.example.com/infra/openbao-sdk-go/internal/engine/client.go:52.26,54.3 1 0
git.example.com/infra/openbao-sdk-go/internal/engine/client.go:55.2,56.17 2 0
git.example.com/infra/openbao-sdk-go/internal/engine/client.go:56.17,58.3 1 0
git.example.com/infra/openbao-sdk-go/internal/engine/client.go:59.2,59.27 1 0
git.example.com/infra/openbao-sdk-go/internal/engine/client.go:59.27,61.3 1 0
git.example.com/infra/openbao-sdk-go/internal/engine/client.go:62.2,62.77 1 0
git.example.com/infra/openbao-sdk-go/internal/engine/client.go:62.77,64.3 1 0
git.example.com/infra/openbao-sdk-go/internal/engine/client.go:65.2,65.24 1 0
git.example.com/infra/openbao-sdk-go/internal/engine/client.go:65.24,66.54 1 0
git.example.com/infra/openbao-sdk-go/internal/engine/client.go:66.54,68.4 1 0
git.example.com/infra/openbao-sdk-go/internal/engine/client.go:70.2,72.22 3 0
git.example.com/infra/openbao-sdk-go/internal/engine/client.go:72.22,74.3 1 0
git.example.com/infra/openbao-sdk-go/internal/engine/client.go:75.2,75.51 1 0
git.example.com/infra/openbao-sdk-go/internal/engine/client.go:75.51,76.10 1 0
git.example.com/infra/openbao-sdk-go/internal/engine/client.go:77.30,78.17 1 0
git.example.com/infra/openbao-sdk-go/internal/engine/client.go:78.17,78.30 1 0
git.example.com/infra/openbao-sdk-go/internal/engine/client.go:79.21,80.68 1 0
git.example.com/infra/openbao-sdk-go/internal/engine/client.go:83.2,84.24 2 0
git.example.com/infra/openbao-sdk-go/internal/engine/client.go:84.24,86.3 1 0
git.example.com/infra/openbao-sdk-go/internal/engine/client.go:87.2,87.33 1 0
git.example.com/infra/openbao-sdk-go/internal/engine/client.go:87.33,88.23 1 0
git.example.com/infra/openbao-sdk-go/internal/engine/client.go:88.23,90.4 1 0
git.example.com/infra/openbao-sdk-go/internal/engine/client.go:91.3,92.26 2 0
git.example.com/infra/openbao-sdk-go/internal/engine/client.go:92.26,95.18 3 0
git.example.com/infra/openbao-sdk-go/internal/engine/client.go:95.18,96.25 1 0
git.example.com/infra/openbao-sdk-go/internal/engine/client.go:96.25,98.6 1 0
git.example.com/infra/openbao-sdk-go/internal/engine/client.go:99.5,100.41 2 0
git.example.com/infra/openbao-sdk-go/internal/engine/client.go:100.41,102.6 1 0
git.example.com/infra/openbao-sdk-go/internal/engine/client.go:103.5,103.96 1 0
git.example.com/infra/openbao-sdk-go/internal/engine/client.go:105.4,105.26 1 0
git.example.com/infra/openbao-sdk-go/internal/engine/client.go:105.26,107.5 1 0
git.example.com/infra/openbao-sdk-go/internal/engine/client.go:108.9,108.59 1 0
git.example.com/infra/openbao-sdk-go/internal/engine/client.go:108.59,110.4 1 0
git.example.com/infra/openbao-sdk-go/internal/engine/client.go:111.3,111.23 1 0
git.example.com/infra/openbao-sdk-go/internal/engine/client.go:111.23,113.4 1 0
git.example.com/infra/openbao-sdk-go/internal/engine/client.go:114.3,115.15 2 0
git.example.com/infra/openbao-sdk-go/internal/engine/client.go:115.15,117.4 1 0
git.example.com/infra/openbao-sdk-go/internal/engine/client.go:118.3,121.17 4 0
git.example.com/infra/openbao-sdk-go/internal/engine/client.go:121.17,123.41 2 0
git.example.com/infra/openbao-sdk-go/internal/engine/client.go:123.41,126.5 2 0
git.example.com/infra/openbao-sdk-go/internal/engine/client.go:127.9,128.29 1 0
git.example.com/infra/openbao-sdk-go/internal/engine/client.go:128.29,129.21 1 0
git.example.com/infra/openbao-sdk-go/internal/engine/client.go:130.39,131.19 1 0
git.example.com/infra/openbao-sdk-go/internal/engine/client.go:134.4,134.20 1 0
git.example.com/infra/openbao-sdk-go/internal/engine/client.go:135.13,136.36 1 0
git.example.com/infra/openbao-sdk-go/internal/engine/client.go:136.36,138.6 1 0
git.example.com/infra/openbao-sdk-go/internal/engine/client.go:139.5,139.34 1 0
git.example.com/infra/openbao-sdk-go/internal/engine/client.go:139.34,140.56 1 0
git.example.com/infra/openbao-sdk-go/internal/engine/client.go:140.56,142.7 1 0
git.example.com/infra/openbao-sdk-go/internal/engine/client.go:144.5,144.18 1 0
git.example.com/infra/openbao-sdk-go/internal/engine/client.go:145.13,146.15 1 0
git.example.com/infra/openbao-sdk-go/internal/engine/client.go:146.15,148.6 1 0
git.example.com/infra/openbao-sdk-go/internal/engine/client.go:149.5,149.46 1 0
git.example.com/infra/openbao-sdk-go/internal/engine/client.go:150.12,151.50 1 0
git.example.com/infra/openbao-sdk-go/internal/engine/client.go:154.3,154.30 1 0
git.example.com/infra/openbao-sdk-go/internal/engine/client.go:154.30,156.4 1 0
git.example.com/infra/openbao-sdk-go/internal/engine/client.go:157.3,158.13 2 0
git.example.com/infra/openbao-sdk-go/internal/engine/client.go:158.13,160.4 1 0
git.example.com/infra/openbao-sdk-go/internal/engine/client.go:161.3,162.30 2 0
git.example.com/infra/openbao-sdk-go/internal/engine/client.go:162.30,164.4 1 0
git.example.com/infra/openbao-sdk-go/internal/engine/client.go:166.2,166.89 1 0
git.example.com/infra/openbao-sdk-go/internal/engine/client.go:168.32,169.36 1 0
git.example.com/infra/openbao-sdk-go/internal/engine/client.go:169.36,171.3 1 0
git.example.com/infra/openbao-sdk-go/internal/engine/client.go:172.2,172.19 1 0
git.example.com/infra/openbao-sdk-go/internal/engine/client.go:172.19,173.33 1 0
git.example.com/infra/openbao-sdk-go/internal/engine/client.go:173.33,175.4 1 0
git.example.com/infra/openbao-sdk-go/internal/engine/client.go:177.2,177.13 1 0
git.example.com/infra/openbao-sdk-go/internal/engine/client.go:182.35,183.19 1 0
git.example.com/infra/openbao-sdk-go/internal/engine/client.go:183.19,185.3 1 0
git.example.com/infra/openbao-sdk-go/internal/engine/client.go:186.2,187.16 2 0
git.example.com/infra/openbao-sdk-go/internal/engine/client.go:187.16,189.3 1 0
git.example.com/infra/openbao-sdk-go/internal/engine/client.go:190.2,191.25 2 0
git.example.com/infra/openbao-sdk-go/internal/engine/client.go:191.25,193.3 1 0
git.example.com/infra/openbao-sdk-go/internal/engine/client.go:194.2,194.30 1 0
git.example.com/infra/openbao-sdk-go/internal/engine/client.go:194.30,195.46 1 0
git.example.com/infra/openbao-sdk-go/internal/engine/client.go:195.46,196.16 1 0
git.example.com/infra/openbao-sdk-go/internal/engine/client.go:196.16,198.5 1 0
git.example.com/infra/openbao-sdk-go/internal/engine/client.go:199.9,199.85 1 0
git.example.com/infra/openbao-sdk-go/internal/engine/client.go:199.85,201.4 1 0
git.example.com/infra/openbao-sdk-go/internal/engine/client.go:203.2,203.10 1 0
git.example.com/infra/openbao-sdk-go/internal/engine/client.go:208.70,209.14 1 0
git.example.com/infra/openbao-sdk-go/internal/engine/client.go:209.14,211.3 1 0
git.example.com/infra/openbao-sdk-go/internal/engine/client.go:212.2,213.14 2 0
git.example.com/infra/openbao-sdk-go/internal/engine/client.go:213.14,215.3 1 0
git.example.com/infra/openbao-sdk-go/internal/engine/client.go:216.2,216.30 1 0
git.example.com/infra/openbao-sdk-go/internal/engine/client.go:216.30,218.24 2 0
git.example.com/infra/openbao-sdk-go/internal/engine/client.go:218.24,220.4 1 0
git.example.com/infra/openbao-sdk-go/internal/engine/client.go:222.2,222.15 1 0
git.example.com/infra/openbao-sdk-go/internal/engine/client.go:224.62,226.14 2 0
git.example.com/infra/openbao-sdk-go/internal/engine/client.go:226.14,228.3 1 0
git.example.com/infra/openbao-sdk-go/internal/engine/client.go:229.2,230.9 2 0
git.example.com/infra/openbao-sdk-go/internal/engine/client.go:230.9,232.3 1 0
git.example.com/infra/openbao-sdk-go/internal/engine/client.go:233.2,233.15 1 0
git.example.com/infra/openbao-sdk-go/internal/engine/client.go:235.29,237.9 2 0
git.example.com/infra/openbao-sdk-go/internal/engine/client.go:237.9,239.3 1 0
git.example.com/infra/openbao-sdk-go/internal/engine/client.go:240.2,241.36 2 0
git.example.com/infra/openbao-sdk-go/internal/engine/client.go:241.36,243.3 1 0
git.example.com/infra/openbao-sdk-go/internal/engine/client.go:244.2,244.21 1 0
git.example.com/infra/openbao-sdk-go/internal/engine/errors.go:19.43,19.72 1 0
git.example.com/infra/openbao-sdk-go/internal/engine/errors.go:20.43,20.61 1 0
git.example.com/infra/openbao-sdk-go/internal/engine/errors.go:21.93,23.2 1 0
git.example.com/infra/openbao-sdk-go/internal/engine/errors.go:24.96,26.52 2 0
git.example.com/infra/openbao-sdk-go/internal/engine/errors.go:26.52,28.3 1 0
git.example.com/infra/openbao-sdk-go/internal/engine/errors.go:29.2,29.46 1 0
git.example.com/infra/openbao-sdk-go/internal/engine/errors.go:31.35,38.2 6 0
git.example.com/infra/openbao-sdk-go/internal/engine/errors.go:39.81,42.25 3 0
git.example.com/infra/openbao-sdk-go/internal/engine/errors.go:42.25,44.3 1 0
git.example.com/infra/openbao-sdk-go/internal/engine/errors.go:45.2,46.32 2 0
git.example.com/infra/openbao-sdk-go/internal/engine/errors.go:46.32,48.3 1 0
git.example.com/infra/openbao-sdk-go/internal/engine/errors.go:49.2,51.9 3 0
git.example.com/infra/openbao-sdk-go/internal/engine/errors.go:52.40,54.16 2 0
git.example.com/infra/openbao-sdk-go/internal/engine/errors.go:55.48,57.16 2 0
git.example.com/infra/openbao-sdk-go/internal/engine/errors.go:58.43,60.16 2 0
git.example.com/infra/openbao-sdk-go/internal/engine/errors.go:61.42,63.16 2 0
git.example.com/infra/openbao-sdk-go/internal/engine/errors.go:64.25,66.16 2 0
git.example.com/infra/openbao-sdk-go/internal/engine/errors.go:68.2,68.46 1 0
git.example.com/infra/openbao-sdk-go/internal/engine/errors.go:70.75,72.24 2 0
git.example.com/infra/openbao-sdk-go/internal/engine/errors.go:72.24,74.3 1 0
git.example.com/infra/openbao-sdk-go/internal/engine/errors.go:75.2,77.39 3 0
git.example.com/infra/openbao-sdk-go/internal/engine/errors.go:77.39,80.3 2 0
git.example.com/infra/openbao-sdk-go/internal/engine/errors.go:81.2,82.21 2 0
git.example.com/infra/openbao-sdk-go/internal/engine/errors.go:82.21,85.15 3 0
git.example.com/infra/openbao-sdk-go/internal/engine/errors.go:85.15,87.4 1 0
git.example.com/infra/openbao-sdk-go/internal/engine/errors.go:91.2,91.59 1 0
git.example.com/infra/openbao-sdk-go/internal/engine/errors.go:91.59,93.28 2 0
git.example.com/infra/openbao-sdk-go/internal/engine/errors.go:93.28,95.4 1 0
git.example.com/infra/openbao-sdk-go/internal/engine/errors.go:96.3,96.29 1 0
git.example.com/infra/openbao-sdk-go/internal/engine/errors.go:96.29,98.25 2 0
git.example.com/infra/openbao-sdk-go/internal/engine/errors.go:98.25,100.5 1 0
git.example.com/infra/openbao-sdk-go/internal/engine/errors.go:103.2,103.18 1 0
git.example.com/infra/openbao-sdk-go/internal/engine/errors.go:104.11,107.36 3 0
git.example.com/infra/openbao-sdk-go/internal/engine/errors.go:107.36,108.63 1 0
git.example.com/infra/openbao-sdk-go/internal/engine/errors.go:108.63,109.106 1 0
git.example.com/infra/openbao-sdk-go/internal/engine/errors.go:109.106,111.6 1 0
git.example.com/infra/openbao-sdk-go/internal/engine/errors.go:114.11,116.29 2 0
git.example.com/infra/openbao-sdk-go/internal/engine/errors.go:117.11,119.29 2 0
git.example.com/infra/openbao-sdk-go/internal/engine/errors.go:120.11,124.24 2 0
git.example.com/infra/openbao-sdk-go/internal/engine/errors.go:124.24,126.4 1 0
git.example.com/infra/openbao-sdk-go/internal/engine/errors.go:127.3,127.74 1 0
git.example.com/infra/openbao-sdk-go/internal/engine/errors.go:127.74,129.4 1 0
git.example.com/infra/openbao-sdk-go/internal/engine/errors.go:130.31,131.29 1 0
git.example.com/infra/openbao-sdk-go/internal/engine/errors.go:132.10,133.36 1 0
git.example.com/infra/openbao-sdk-go/internal/engine/errors.go:135.2,135.48 1 0
git.example.com/infra/openbao-sdk-go/internal/engine/errors.go:137.48,139.9 2 0
git.example.com/infra/openbao-sdk-go/internal/engine/errors.go:139.9,141.3 1 0
git.example.com/infra/openbao-sdk-go/internal/engine/errors.go:142.2,143.9 2 0
git.example.com/infra/openbao-sdk-go/internal/engine/errors.go:143.9,145.3 1 0
git.example.com/infra/openbao-sdk-go/internal/engine/errors.go:146.2,147.9 2 0
git.example.com/infra/openbao-sdk-go/internal/engine/errors.go:147.9,149.3 1 0
git.example.com/infra/openbao-sdk-go/internal/engine/errors.go:150.2,151.24 2 0
git.example.com/infra/openbao-sdk-go/internal/engine/errors.go:151.24,153.3 1 0
git.example.com/infra/openbao-sdk-go/internal/engine/errors.go:154.2,154.61 1 0
git.example.com/infra/openbao-sdk-go/internal/engine/errors.go:154.61,156.3 1 0
git.example.com/infra/openbao-sdk-go/internal/engine/errors.go:157.2,158.20 2 0
git.example.com/infra/openbao-sdk-go/internal/engine/errors.go:158.20,160.3 1 0
git.example.com/infra/openbao-sdk-go/internal/engine/errors.go:161.2,162.33 2 0
git.example.com/infra/openbao-sdk-go/internal/engine/errors.go:164.94,169.2 4 0
git.example.com/infra/openbao-sdk-go/internal/engine/errors.go:170.55,173.24 3 0
git.example.com/infra/openbao-sdk-go/internal/engine/errors.go:173.24,175.3 1 0
git.example.com/infra/openbao-sdk-go/internal/engine/errors.go:176.2,176.14 1 0
git.example.com/infra/openbao-sdk-go/internal/engine/errors.go:176.14,178.3 1 0
git.example.com/infra/openbao-sdk-go/internal/engine/errors.go:179.2,179.63 1 0
git.example.com/infra/openbao-sdk-go/internal/engine/errors.go:182.44,184.27 2 0
git.example.com/infra/openbao-sdk-go/internal/engine/errors.go:184.27,186.3 1 0
git.example.com/infra/openbao-sdk-go/internal/engine/errors.go:187.2,187.25 1 0
git.example.com/infra/openbao-sdk-go/internal/engine/errors.go:187.25,189.21 2 0
git.example.com/infra/openbao-sdk-go/internal/engine/errors.go:189.21,191.4 1 0
git.example.com/infra/openbao-sdk-go/internal/engine/errors.go:193.2,193.13 1 0
git.example.com/infra/openbao-sdk-go/internal/engine/operations.go:57.46,57.87 2 0
git.example.com/infra/openbao-sdk-go/internal/engine/operations.go:58.46,58.113 1 0
git.example.com/infra/openbao-sdk-go/internal/engine/path.go:10.38,11.60 1 0
git.example.com/infra/openbao-sdk-go/internal/engine/path.go:11.60,13.3 1 0
git.example.com/infra/openbao-sdk-go/internal/engine/path.go:14.2,14.30 1 0
git.example.com/infra/openbao-sdk-go/internal/engine/path.go:14.30,16.114 2 0
git.example.com/infra/openbao-sdk-go/internal/engine/path.go:16.114,18.4 1 0
git.example.com/infra/openbao-sdk-go/internal/engine/path.go:20.2,20.12 1 0
git.example.com/infra/openbao-sdk-go/internal/engine/path.go:22.35,23.13 1 0
git.example.com/infra/openbao-sdk-go/internal/engine/path.go:23.13,25.3 1 0
git.example.com/infra/openbao-sdk-go/internal/engine/path.go:26.2,26.44 1 0
git.example.com/infra/openbao-sdk-go/internal/engine/path.go:26.44,27.34 1 0
git.example.com/infra/openbao-sdk-go/internal/engine/path.go:27.34,29.4 1 0
git.example.com/infra/openbao-sdk-go/internal/engine/path.go:31.2,31.12 1 0
git.example.com/infra/openbao-sdk-go/internal/engine/retry.go:12.100,14.25 2 0
git.example.com/infra/openbao-sdk-go/internal/engine/retry.go:14.25,15.26 1 0
git.example.com/infra/openbao-sdk-go/internal/engine/retry.go:15.26,17.9 2 0
git.example.com/infra/openbao-sdk-go/internal/engine/retry.go:19.3,19.11 1 0
git.example.com/infra/openbao-sdk-go/internal/engine/retry.go:21.2,21.22 1 0
git.example.com/infra/openbao-sdk-go/internal/engine/retry.go:21.22,23.3 1 0
git.example.com/infra/openbao-sdk-go/internal/engine/retry.go:24.2,25.13 2 0
git.example.com/infra/openbao-sdk-go/internal/engine/retry.go:25.13,27.3 1 0
git.example.com/infra/openbao-sdk-go/internal/engine/retry.go:28.2,28.40 1 0
git.example.com/infra/openbao-sdk-go/internal/engine/retry.go:28.40,30.77 2 0
git.example.com/infra/openbao-sdk-go/internal/engine/retry.go:30.77,31.62 1 0
git.example.com/infra/openbao-sdk-go/internal/engine/retry.go:31.62,33.5 1 0
git.example.com/infra/openbao-sdk-go/internal/engine/retry.go:34.4,34.53 1 0
git.example.com/infra/openbao-sdk-go/internal/engine/retry.go:35.9,35.52 1 0
git.example.com/infra/openbao-sdk-go/internal/engine/retry.go:35.52,37.22 2 0
git.example.com/infra/openbao-sdk-go/internal/engine/retry.go:37.22,39.5 1 0
git.example.com/infra/openbao-sdk-go/internal/engine/retry.go:40.9,42.4 1 0
git.example.com/infra/openbao-sdk-go/internal/engine/retry.go:43.3,43.30 1 0
git.example.com/infra/openbao-sdk-go/internal/engine/retry.go:43.30,45.4 1 0
git.example.com/infra/openbao-sdk-go/internal/engine/retry.go:46.3,46.25 1 0
git.example.com/infra/openbao-sdk-go/internal/engine/retry.go:46.25,48.4 1 0
git.example.com/infra/openbao-sdk-go/internal/engine/retry.go:50.2,50.73 1 0
git.example.com/infra/openbao-sdk-go/internal/engine/retry.go:50.73,52.3 1 0
git.example.com/infra/openbao-sdk-go/internal/engine/retry.go:53.2,53.20 1 0
git.example.com/infra/openbao-sdk-go/internal/engine/retry.go:55.55,58.9 3 0
git.example.com/infra/openbao-sdk-go/internal/engine/retry.go:59.20,60.19 1 0
git.example.com/infra/openbao-sdk-go/internal/engine/retry.go:61.17,62.13 1 0
git.example.com/infra/openbao-sdk-go/internal/engine/transport.go:32.68,35.2 2 0
git.example.com/infra/openbao-sdk-go/internal/engine/transport.go:36.56,40.2 3 0
git.example.com/infra/openbao-sdk-go/internal/engine/transport.go:41.50,42.14 1 0
git.example.com/infra/openbao-sdk-go/internal/engine/transport.go:42.14,44.3 1 0
git.example.com/infra/openbao-sdk-go/internal/engine/transport.go:45.2,48.15 4 0
git.example.com/infra/openbao-sdk-go/internal/engine/transport.go:50.31,51.14 1 0
git.example.com/infra/openbao-sdk-go/internal/engine/transport.go:51.14,53.3 1 0
git.example.com/infra/openbao-sdk-go/internal/engine/transport.go:54.2,56.15 3 0
git.example.com/infra/openbao-sdk-go/internal/engine/transport.go:58.39,61.2 2 0
git.example.com/infra/openbao-sdk-go/internal/engine/transport.go:78.58,79.112 1 0
git.example.com/infra/openbao-sdk-go/internal/engine/transport.go:79.112,81.3 1 0
git.example.com/infra/openbao-sdk-go/internal/engine/transport.go:82.2,83.22 2 0
git.example.com/infra/openbao-sdk-go/internal/engine/transport.go:83.22,85.15 2 0
git.example.com/infra/openbao-sdk-go/internal/engine/transport.go:85.15,87.4 1 0
git.example.com/infra/openbao-sdk-go/internal/engine/transport.go:88.3,88.29 1 0
git.example.com/infra/openbao-sdk-go/internal/engine/transport.go:90.2,90.58 1 0
git.example.com/infra/openbao-sdk-go/internal/engine/transport.go:92.44,92.77 1 0
git.example.com/infra/openbao-sdk-go/internal/engine/transport.go:93.74,95.32 2 0
git.example.com/infra/openbao-sdk-go/internal/engine/transport.go:95.32,97.3 1 0
git.example.com/infra/openbao-sdk-go/internal/engine/transport.go:98.2,100.16 3 0
git.example.com/infra/openbao-sdk-go/internal/engine/transport.go:100.16,103.3 2 0
git.example.com/infra/openbao-sdk-go/internal/engine/transport.go:104.2,107.81 4 0
git.example.com/infra/openbao-sdk-go/internal/engine/transport.go:107.81,108.20 1 0
git.example.com/infra/openbao-sdk-go/internal/engine/transport.go:108.20,111.4 2 0
git.example.com/infra/openbao-sdk-go/internal/engine/transport.go:112.3,113.15 2 0
git.example.com/infra/openbao-sdk-go/internal/engine/transport.go:113.15,116.4 2 0
git.example.com/infra/openbao-sdk-go/internal/engine/transport.go:117.3,122.27 6 0
git.example.com/infra/openbao-sdk-go/internal/engine/transport.go:124.2,125.30 2 0
git.example.com/infra/openbao-sdk-go/internal/engine/transport.go:125.30,129.3 3 0
git.example.com/infra/openbao-sdk-go/internal/engine/transport.go:130.2,130.14 1 0
git.example.com/infra/openbao-sdk-go/internal/engine/transport.go:130.14,134.3 3 0
git.example.com/infra/openbao-sdk-go/internal/engine/transport.go:135.2,138.18 4 0
git.example.com/infra/openbao-sdk-go/internal/engine/transport.go:143.47,144.106 1 0
git.example.com/infra/openbao-sdk-go/internal/engine/transport.go:144.106,144.140 1 0
git.example.com/infra/openbao-sdk-go/internal/engine/types.go:22.27,23.14 1 0
git.example.com/infra/openbao-sdk-go/internal/engine/types.go:23.14,26.3 2 0
git.example.com/infra/openbao-sdk-go/internal/jsondoc/json.go:19.54,20.22 1 18
git.example.com/infra/openbao-sdk-go/internal/jsondoc/json.go:20.22,22.3 1 0
git.example.com/infra/openbao-sdk-go/internal/jsondoc/json.go:23.2,26.14 4 18
git.example.com/infra/openbao-sdk-go/internal/jsondoc/json.go:26.14,28.3 1 5
git.example.com/infra/openbao-sdk-go/internal/jsondoc/json.go:29.2,29.35 1 13
git.example.com/infra/openbao-sdk-go/internal/jsondoc/json.go:29.35,31.3 1 1
git.example.com/infra/openbao-sdk-go/internal/jsondoc/json.go:32.2,32.16 1 12
git.example.com/infra/openbao-sdk-go/internal/jsondoc/json.go:32.16,33.39 1 12
git.example.com/infra/openbao-sdk-go/internal/jsondoc/json.go:33.39,35.4 1 5
git.example.com/infra/openbao-sdk-go/internal/jsondoc/json.go:37.2,37.15 1 7
git.example.com/infra/openbao-sdk-go/internal/jsondoc/json.go:39.53,41.14 2 98
git.example.com/infra/openbao-sdk-go/internal/jsondoc/json.go:41.14,43.3 1 1
git.example.com/infra/openbao-sdk-go/internal/jsondoc/json.go:44.2,44.39 1 97
git.example.com/infra/openbao-sdk-go/internal/jsondoc/json.go:44.39,45.24 1 81
git.example.com/infra/openbao-sdk-go/internal/jsondoc/json.go:45.24,47.4 1 1
git.example.com/infra/openbao-sdk-go/internal/jsondoc/json.go:48.3,48.16 1 80
git.example.com/infra/openbao-sdk-go/internal/jsondoc/json.go:49.12,51.17 2 78
git.example.com/infra/openbao-sdk-go/internal/jsondoc/json.go:51.17,53.17 2 80
git.example.com/infra/openbao-sdk-go/internal/jsondoc/json.go:53.17,55.6 1 0
git.example.com/infra/openbao-sdk-go/internal/jsondoc/json.go:56.5,57.12 2 80
git.example.com/infra/openbao-sdk-go/internal/jsondoc/json.go:57.12,59.6 1 0
git.example.com/infra/openbao-sdk-go/internal/jsondoc/json.go:60.5,60.36 1 80
git.example.com/infra/openbao-sdk-go/internal/jsondoc/json.go:60.36,62.6 1 3
git.example.com/infra/openbao-sdk-go/internal/jsondoc/json.go:63.5,64.17 2 77
git.example.com/infra/openbao-sdk-go/internal/jsondoc/json.go:64.17,66.6 1 66
git.example.com/infra/openbao-sdk-go/internal/jsondoc/json.go:67.5,67.15 1 11
git.example.com/infra/openbao-sdk-go/internal/jsondoc/json.go:69.4,70.42 2 9
git.example.com/infra/openbao-sdk-go/internal/jsondoc/json.go:70.42,72.5 1 0
git.example.com/infra/openbao-sdk-go/internal/jsondoc/json.go:73.4,73.17 1 9
git.example.com/infra/openbao-sdk-go/internal/jsondoc/json.go:74.12,76.17 2 2
git.example.com/infra/openbao-sdk-go/internal/jsondoc/json.go:76.17,78.17 2 3
git.example.com/infra/openbao-sdk-go/internal/jsondoc/json.go:78.17,80.6 1 0
git.example.com/infra/openbao-sdk-go/internal/jsondoc/json.go:81.5,81.21 1 3
git.example.com/infra/openbao-sdk-go/internal/jsondoc/json.go:83.4,84.42 2 2
git.example.com/infra/openbao-sdk-go/internal/jsondoc/json.go:84.42,86.5 1 0
git.example.com/infra/openbao-sdk-go/internal/jsondoc/json.go:87.4,87.17 1 2
git.example.com/infra/openbao-sdk-go/internal/jsondoc/json.go:88.11,89.26 1 0
git.example.com/infra/openbao-sdk-go/internal/jsondoc/json.go:92.2,92.20 1 16
git.example.com/infra/openbao-sdk-go/internal/jsondoc/json.go:93.38,94.18 1 16
git.example.com/infra/openbao-sdk-go/internal/jsondoc/json.go:95.10,96.25 1 0
git.example.com/infra/openbao-sdk-go/internal/jsondoc/json.go:99.49,101.14 2 18
git.example.com/infra/openbao-sdk-go/internal/jsondoc/json.go:101.14,103.3 1 11
git.example.com/infra/openbao-sdk-go/internal/jsondoc/json.go:104.2,104.32 1 7
git.example.com/infra/openbao-sdk-go/internal/pkiutil/parse.go:19.70,20.50 1 0
git.example.com/infra/openbao-sdk-go/internal/pkiutil/parse.go:20.50,22.3 1 0
git.example.com/infra/openbao-sdk-go/internal/pkiutil/parse.go:23.2,26.20 4 0
git.example.com/infra/openbao-sdk-go/internal/pkiutil/parse.go:26.20,27.88 1 0
git.example.com/infra/openbao-sdk-go/internal/pkiutil/parse.go:27.88,29.4 1 0
git.example.com/infra/openbao-sdk-go/internal/pkiutil/parse.go:30.3,31.65 2 0
git.example.com/infra/openbao-sdk-go/internal/pkiutil/parse.go:31.65,33.4 1 0
git.example.com/infra/openbao-sdk-go/internal/pkiutil/parse.go:34.3,35.104 2 0
git.example.com/infra/openbao-sdk-go/internal/pkiutil/parse.go:35.104,37.4 1 0
git.example.com/infra/openbao-sdk-go/internal/pkiutil/parse.go:38.3,40.31 3 0
git.example.com/infra/openbao-sdk-go/internal/pkiutil/parse.go:42.2,42.21 1 0
git.example.com/infra/openbao-sdk-go/internal/pkiutil/parse.go:42.21,44.3 1 0
git.example.com/infra/openbao-sdk-go/internal/pkiutil/parse.go:45.2,45.27 1 0
git.example.com/infra/openbao-sdk-go/internal/pkiutil/parse.go:47.56,48.50 1 0
git.example.com/infra/openbao-sdk-go/internal/pkiutil/parse.go:48.50,50.3 1 0
git.example.com/infra/openbao-sdk-go/internal/pkiutil/parse.go:51.2,52.152 2 0
git.example.com/infra/openbao-sdk-go/internal/pkiutil/parse.go:52.152,54.3 1 0
git.example.com/infra/openbao-sdk-go/internal/pkiutil/parse.go:55.2,56.146 2 0
git.example.com/infra/openbao-sdk-go/internal/pkiutil/parse.go:56.146,58.3 1 0
git.example.com/infra/openbao-sdk-go/internal/pkiutil/parse.go:59.2,60.45 2 0
git.example.com/infra/openbao-sdk-go/internal/pkiutil/parse.go:60.45,62.3 1 0
git.example.com/infra/openbao-sdk-go/internal/pkiutil/parse.go:63.2,63.17 1 0
git.example.com/infra/openbao-sdk-go/internal/pkiutil/parse.go:65.52,66.50 1 0
git.example.com/infra/openbao-sdk-go/internal/pkiutil/parse.go:66.50,68.3 1 0
git.example.com/infra/openbao-sdk-go/internal/pkiutil/parse.go:69.2,70.67 2 0
git.example.com/infra/openbao-sdk-go/internal/pkiutil/parse.go:70.67,72.3 1 0
git.example.com/infra/openbao-sdk-go/internal/pkiutil/parse.go:73.2,74.97 2 0
git.example.com/infra/openbao-sdk-go/internal/pkiutil/parse.go:74.97,76.3 1 0
git.example.com/infra/openbao-sdk-go/internal/pkiutil/parse.go:77.2,79.14 3 0
git.example.com/infra/openbao-sdk-go/internal/pkiutil/parse.go:79.14,81.3 1 0
git.example.com/infra/openbao-sdk-go/internal/pkiutil/parse.go:82.2,83.9 2 0
git.example.com/infra/openbao-sdk-go/internal/pkiutil/parse.go:83.9,85.3 1 0
git.example.com/infra/openbao-sdk-go/internal/pkiutil/parse.go:86.2,86.15 1 0
git.example.com/infra/openbao-sdk-go/internal/pkiutil/parse.go:88.32,90.14 2 0
git.example.com/infra/openbao-sdk-go/internal/pkiutil/parse.go:90.14,92.3 1 0
git.example.com/infra/openbao-sdk-go/internal/pkiutil/parse.go:93.2,94.38 2 0
git.example.com/infra/openbao-sdk-go/internal/pkiutil/parse.go:96.32,97.31 1 0
git.example.com/infra/openbao-sdk-go/internal/pkiutil/parse.go:97.31,99.3 1 0
git.example.com/infra/openbao-sdk-go/internal/pkiutil/parse.go:100.2,102.35 3 0
git.example.com/infra/openbao-sdk-go/internal/pkiutil/parse.go:102.35,104.3 1 0
git.example.com/infra/openbao-sdk-go/internal/pkiutil/parse.go:105.2,105.33 1 0
git.example.com/infra/openbao-sdk-go/internal/pkiutil/parse.go:107.48,108.62 1 0
git.example.com/infra/openbao-sdk-go/internal/pkiutil/parse.go:108.62,110.3 1 0
git.example.com/infra/openbao-sdk-go/internal/pkiutil/parse.go:111.2,112.30 2 0
git.example.com/infra/openbao-sdk-go/internal/pkiutil/parse.go:112.30,114.3 1 0
git.example.com/infra/openbao-sdk-go/internal/pkiutil/parse.go:115.2,115.30 1 0
git.example.com/infra/openbao-sdk-go/internal/pkiutil/parse.go:115.30,116.22 1 0
git.example.com/infra/openbao-sdk-go/internal/pkiutil/parse.go:116.22,118.4 1 0
git.example.com/infra/openbao-sdk-go/internal/pkiutil/parse.go:119.3,119.18 1 0
git.example.com/infra/openbao-sdk-go/internal/pkiutil/parse.go:121.2,122.21 2 0
git.example.com/infra/openbao-sdk-go/internal/pkiutil/parse.go:122.21,124.27 2 0
git.example.com/infra/openbao-sdk-go/internal/pkiutil/parse.go:124.27,125.19 1 0
git.example.com/infra/openbao-sdk-go/internal/pkiutil/parse.go:125.19,127.5 1 0
git.example.com/infra/openbao-sdk-go/internal/pkiutil/parse.go:129.3,129.32 1 0
git.example.com/infra/openbao-sdk-go/internal/pkiutil/parse.go:131.2,131.21 1 0
git.example.com/infra/openbao-sdk-go/internal/pkiutil/parse.go:131.21,133.3 1 0
git.example.com/infra/openbao-sdk-go/internal/pkiutil/parse.go:134.2,134.19 1 0
git.example.com/infra/openbao-sdk-go/internal/pkiutil/parse.go:134.19,136.3 1 0
git.example.com/infra/openbao-sdk-go/internal/pkiutil/parse.go:137.2,138.14 2 0
git.example.com/infra/openbao-sdk-go/internal/pkiutil/parse.go:138.14,140.3 1 0
git.example.com/infra/openbao-sdk-go/internal/pkiutil/parse.go:141.2,142.19 2 0
git.example.com/infra/openbao-sdk-go/internal/pkiutil/parse.go:142.19,144.3 1 0
git.example.com/infra/openbao-sdk-go/internal/pkiutil/parse.go:145.2,145.23 1 0
git.example.com/infra/openbao-sdk-go/internal/transitutil/encoding.go:29.53,30.45 1 0
git.example.com/infra/openbao-sdk-go/internal/transitutil/encoding.go:30.45,32.3 1 0
git.example.com/infra/openbao-sdk-go/internal/transitutil/encoding.go:33.2,34.87 2 0
git.example.com/infra/openbao-sdk-go/internal/transitutil/encoding.go:34.87,36.3 1 0
git.example.com/infra/openbao-sdk-go/internal/transitutil/encoding.go:37.2,38.59 2 0
git.example.com/infra/openbao-sdk-go/internal/transitutil/encoding.go:38.59,40.3 1 0
git.example.com/infra/openbao-sdk-go/internal/transitutil/encoding.go:41.2,42.81 2 0
git.example.com/infra/openbao-sdk-go/internal/transitutil/encoding.go:42.81,45.3 2 0
git.example.com/infra/openbao-sdk-go/internal/transitutil/encoding.go:46.2,46.18 1 0
git.example.com/infra/openbao-sdk-go/internal/transitutil/encoding.go:48.56,49.11 1 0
git.example.com/infra/openbao-sdk-go/internal/transitutil/encoding.go:50.57,51.14 1 0
git.example.com/infra/openbao-sdk-go/internal/transitutil/encoding.go:52.30,53.17 1 0
git.example.com/infra/openbao-sdk-go/internal/transitutil/encoding.go:55.2,55.14 1 0
git.example.com/infra/openbao-sdk-go/internal/transitutil/encoding.go:57.65,59.11 2 0
git.example.com/infra/openbao-sdk-go/internal/transitutil/encoding.go:60.35,62.37 2 0
git.example.com/infra/openbao-sdk-go/internal/transitutil/encoding.go:63.28,66.28 3 0
git.example.com/infra/openbao-sdk-go/internal/transitutil/encoding.go:67.30,68.31 1 0
git.example.com/infra/openbao-sdk-go/internal/transitutil/encoding.go:70.2,70.10 1 0
git.example.com/infra/openbao-sdk-go/internal/transitutil/encoding.go:72.55,73.11 1 0
git.example.com/infra/openbao-sdk-go/internal/transitutil/encoding.go:74.35,77.67 3 0
git.example.com/infra/openbao-sdk-go/internal/transitutil/encoding.go:77.67,79.4 1 0
git.example.com/infra/openbao-sdk-go/internal/transitutil/encoding.go:80.3,81.90 2 0
git.example.com/infra/openbao-sdk-go/internal/transitutil/encoding.go:82.28,83.41 1 0
git.example.com/infra/openbao-sdk-go/internal/transitutil/encoding.go:84.30,85.41 1 0
git.example.com/infra/openbao-sdk-go/internal/transitutil/encoding.go:87.2,87.14 1 0
git.example.com/infra/openbao-sdk-go/internal/transitutil/encoding.go:91.74,92.41 1 0
git.example.com/infra/openbao-sdk-go/internal/transitutil/encoding.go:92.41,94.3 1 0
git.example.com/infra/openbao-sdk-go/internal/transitutil/encoding.go:95.2,96.64 2 0
git.example.com/infra/openbao-sdk-go/internal/transitutil/encoding.go:96.64,98.98 2 0
git.example.com/infra/openbao-sdk-go/internal/transitutil/encoding.go:98.98,100.4 1 0
git.example.com/infra/openbao-sdk-go/internal/transitutil/encoding.go:101.3,101.29 1 0
git.example.com/infra/openbao-sdk-go/internal/transitutil/encoding.go:102.8,105.174 3 0
git.example.com/infra/openbao-sdk-go/internal/transitutil/encoding.go:105.174,107.4 1 0
git.example.com/infra/openbao-sdk-go/internal/transitutil/encoding.go:108.3,110.15 3 0
git.example.com/infra/openbao-sdk-go/internal/transitutil/encoding.go:110.15,112.4 1 0
git.example.com/infra/openbao-sdk-go/internal/transitutil/encoding.go:114.2,114.14 1 0
git.example.com/infra/openbao-sdk-go/internal/transitutil/encoding.go:115.20,117.72 2 0
git.example.com/infra/openbao-sdk-go/internal/transitutil/encoding.go:117.72,119.4 1 0
git.example.com/infra/openbao-sdk-go/internal/transitutil/encoding.go:120.42,123.73 3 0
git.example.com/infra/openbao-sdk-go/internal/transitutil/encoding.go:123.73,125.4 1 0
git.example.com/infra/openbao-sdk-go/internal/transitutil/encoding.go:126.17,127.60 1 0
git.example.com/infra/openbao-sdk-go/internal/transitutil/encoding.go:127.60,129.4 1 0
git.example.com/infra/openbao-sdk-go/internal/transitutil/encoding.go:130.10,131.36 1 0
git.example.com/infra/openbao-sdk-go/internal/transitutil/encoding.go:133.2,134.14 2 0
git.example.com/infra/openbao-sdk-go/internal/transitutil/encoding.go:134.14,136.3 1 0
git.example.com/infra/openbao-sdk-go/internal/transitutil/encoding.go:137.2,137.86 1 0
git.example.com/infra/openbao-sdk-go/internal/transitutil/encoding.go:139.54,140.11 1 0
git.example.com/infra/openbao-sdk-go/internal/transitutil/encoding.go:141.35,142.30 1 0
git.example.com/infra/openbao-sdk-go/internal/transitutil/encoding.go:143.28,144.72 1 0
git.example.com/infra/openbao-sdk-go/internal/transitutil/encoding.go:145.30,146.27 1 0
git.example.com/infra/openbao-sdk-go/internal/transitutil/encoding.go:148.2,148.14 1 0
git.example.com/infra/openbao-sdk-go/internal/transitutil/encoding.go:150.106,151.60 1 0
git.example.com/infra/openbao-sdk-go/internal/transitutil/encoding.go:151.60,153.3 1 0
git.example.com/infra/openbao-sdk-go/internal/transitutil/encoding.go:154.2,154.33 1 0
git.example.com/infra/openbao-sdk-go/internal/transitutil/encoding.go:154.33,157.3 2 0
git.example.com/infra/openbao-sdk-go/internal/transitutil/encoding.go:158.2,159.16 2 0
git.example.com/infra/openbao-sdk-go/internal/transitutil/encoding.go:159.16,162.3 2 0
git.example.com/infra/openbao-sdk-go/internal/transitutil/encoding.go:162.8,162.25 1 0
git.example.com/infra/openbao-sdk-go/internal/transitutil/encoding.go:162.25,164.3 1 0
git.example.com/infra/openbao-sdk-go/internal/transitutil/encoding.go:165.2,165.25 1 0
git.example.com/infra/openbao-sdk-go/internal/transitutil/encoding.go:166.24,167.73 1 0
git.example.com/infra/openbao-sdk-go/internal/transitutil/encoding.go:168.22,169.164 1 0
git.example.com/infra/openbao-sdk-go/internal/transitutil/encoding.go:171.2,171.14 1 0
git.example.com/infra/openbao-sdk-go/kv/document.go:18.47,20.14 2 3
git.example.com/infra/openbao-sdk-go/kv/document.go:20.14,22.3 1 1
git.example.com/infra/openbao-sdk-go/kv/document.go:23.2,24.27 2 2
git.example.com/infra/openbao-sdk-go/kv/document.go:26.50,27.43 1 18
git.example.com/infra/openbao-sdk-go/kv/document.go:27.43,29.3 1 11
git.example.com/infra/openbao-sdk-go/kv/document.go:30.2,30.52 1 7
git.example.com/infra/openbao-sdk-go/kv/document.go:32.41,35.19 3 7
git.example.com/infra/openbao-sdk-go/kv/document.go:35.19,37.3 1 1
git.example.com/infra/openbao-sdk-go/kv/document.go:38.2,40.40 3 6
git.example.com/infra/openbao-sdk-go/kv/document.go:40.40,42.3 1 1
git.example.com/infra/openbao-sdk-go/kv/document.go:43.2,43.12 1 5
git.example.com/infra/openbao-sdk-go/kv/document.go:45.39,45.68 1 12
git.example.com/infra/openbao-sdk-go/kv/document.go:46.27,47.14 1 2
git.example.com/infra/openbao-sdk-go/kv/document.go:47.14,49.3 1 1
git.example.com/infra/openbao-sdk-go/kv/document.go:51.54,51.77 1 0
git.example.com/infra/openbao-sdk-go/kv/document.go:52.54,52.77 1 0
git.example.com/infra/openbao-sdk-go/kv/document.go:53.54,53.100 1 5
git.example.com/infra/openbao-sdk-go/kv/document.go:54.54,54.95 1 0
git.example.com/infra/openbao-sdk-go/kv/document.go:55.49,57.2 1 1
git.example.com/infra/openbao-sdk-go/pki/validate.go:11.30,13.2 1 0
git.example.com/infra/openbao-sdk-go/pki/validate.go:16.36,17.40 1 0
git.example.com/infra/openbao-sdk-go/pki/validate.go:17.40,19.3 1 0
git.example.com/infra/openbao-sdk-go/pki/validate.go:20.2,20.12 1 0
git.example.com/infra/openbao-sdk-go/pki/validate.go:25.74,27.170 2 0
git.example.com/infra/openbao-sdk-go/pki/validate.go:27.170,29.3 1 0
git.example.com/infra/openbao-sdk-go/pki/validate.go:30.2,31.14 2 0
git.example.com/infra/openbao-sdk-go/pki/validate.go:31.14,33.3 1 0
git.example.com/infra/openbao-sdk-go/pki/validate.go:34.2,38.71 5 0
git.example.com/infra/openbao-sdk-go/pki/validate.go:38.71,40.3 1 0
git.example.com/infra/openbao-sdk-go/pki/validate.go:41.2,42.45 2 0
git.example.com/infra/openbao-sdk-go/pki/validate.go:42.45,44.15 2 0
git.example.com/infra/openbao-sdk-go/pki/validate.go:44.15,46.4 1 0
git.example.com/infra/openbao-sdk-go/pki/validate.go:47.3,47.24 1 0
git.example.com/infra/openbao-sdk-go/pki/validate.go:47.24,48.15 1 0
git.example.com/infra/openbao-sdk-go/pki/validate.go:48.15,50.5 1 0
git.example.com/infra/openbao-sdk-go/pki/validate.go:51.4,51.20 1 0
git.example.com/infra/openbao-sdk-go/pki/validate.go:54.2,55.30 2 0
git.example.com/infra/openbao-sdk-go/pki/validate.go:55.30,57.3 1 0
git.example.com/infra/openbao-sdk-go/pki/validate.go:58.2,59.46 2 0
git.example.com/infra/openbao-sdk-go/pki/validate.go:59.46,61.3 1 0
git.example.com/infra/openbao-sdk-go/pki/validate.go:62.2,62.25 1 0
git.example.com/infra/openbao-sdk-go/pki/validate.go:62.25,64.3 1 0
git.example.com/infra/openbao-sdk-go/pki/validate.go:65.2,65.32 1 0
git.example.com/infra/openbao-sdk-go/pki/validate.go:65.32,67.15 2 0
git.example.com/infra/openbao-sdk-go/pki/validate.go:67.15,69.4 1 0
git.example.com/infra/openbao-sdk-go/pki/validate.go:70.3,70.24 1 0
git.example.com/infra/openbao-sdk-go/pki/validate.go:70.24,72.4 1 0
git.example.com/infra/openbao-sdk-go/pki/validate.go:74.2,75.18 2 0
git.example.com/infra/openbao-sdk-go/pki/validate.go:75.18,77.3 1 0
git.example.com/infra/openbao-sdk-go/pki/validate.go:78.2,78.113 1 0
git.example.com/infra/openbao-sdk-go/pki/validate.go:78.113,80.3 1 0
git.example.com/infra/openbao-sdk-go/pki/validate.go:81.2,81.193 1 0
git.example.com/infra/openbao-sdk-go/pki/validate.go:81.193,83.3 1 0
git.example.com/infra/openbao-sdk-go/pki/validate.go:84.2,84.43 1 0
git.example.com/infra/openbao-sdk-go/pki/validate.go:84.43,86.62 2 0
git.example.com/infra/openbao-sdk-go/pki/validate.go:86.62,88.4 1 0
git.example.com/infra/openbao-sdk-go/pki/validate.go:90.2,90.77 1 0
git.example.com/infra/openbao-sdk-go/pki/validate.go:90.77,92.3 1 0
git.example.com/infra/openbao-sdk-go/pki/validate.go:93.2,93.42 1 0
git.example.com/infra/openbao-sdk-go/pki/validate.go:93.42,95.40 2 0
git.example.com/infra/openbao-sdk-go/pki/validate.go:95.40,96.39 1 0
git.example.com/infra/openbao-sdk-go/pki/validate.go:96.39,98.5 1 0
git.example.com/infra/openbao-sdk-go/pki/validate.go:100.3,100.13 1 0
git.example.com/infra/openbao-sdk-go/pki/validate.go:100.13,102.4 1 0
git.example.com/infra/openbao-sdk-go/pki/validate.go:104.2,104.42 1 0
git.example.com/infra/openbao-sdk-go/pki/validate.go:104.42,106.36 2 0
git.example.com/infra/openbao-sdk-go/pki/validate.go:106.36,107.31 1 0
git.example.com/infra/openbao-sdk-go/pki/validate.go:107.31,109.5 1 0
git.example.com/infra/openbao-sdk-go/pki/validate.go:111.3,111.13 1 0
git.example.com/infra/openbao-sdk-go/pki/validate.go:111.13,113.4 1 0
git.example.com/infra/openbao-sdk-go/pki/validate.go:115.2,115.44 1 0
git.example.com/infra/openbao-sdk-go/pki/validate.go:115.44,116.156 1 0
git.example.com/infra/openbao-sdk-go/pki/validate.go:116.156,118.4 1 0
git.example.com/infra/openbao-sdk-go/pki/validate.go:120.2,120.12 1 0
git.example.com/infra/openbao-sdk-go/sensitive/bytes.go:22.35,22.102 1 7
git.example.com/infra/openbao-sdk-go/sensitive/bytes.go:23.36,24.19 1 12
git.example.com/infra/openbao-sdk-go/sensitive/bytes.go:24.19,26.3 1 0
git.example.com/infra/openbao-sdk-go/sensitive/bytes.go:27.2,29.45 3 12
git.example.com/infra/openbao-sdk-go/sensitive/bytes.go:31.24,32.31 1 1
git.example.com/infra/openbao-sdk-go/sensitive/bytes.go:32.31,34.3 1 0
git.example.com/infra/openbao-sdk-go/sensitive/bytes.go:35.2,38.20 4 1
git.example.com/infra/openbao-sdk-go/sensitive/bytes.go:40.26,41.19 1 0
git.example.com/infra/openbao-sdk-go/sensitive/bytes.go:41.19,43.3 1 0
git.example.com/infra/openbao-sdk-go/sensitive/bytes.go:44.2,46.26 3 0
git.example.com/infra/openbao-sdk-go/sensitive/bytes.go:48.51,48.74 1 0
git.example.com/infra/openbao-sdk-go/sensitive/bytes.go:49.51,49.74 1 0
git.example.com/infra/openbao-sdk-go/sensitive/bytes.go:50.51,50.97 1 0
git.example.com/infra/openbao-sdk-go/sensitive/bytes.go:51.51,51.92 1 0
git.example.com/infra/openbao-sdk-go/sensitive/bytes.go:52.46,54.2 1 0
git.example.com/infra/openbao-sdk-go/auth/providers.go:27.41,29.2 1 0
git.example.com/infra/openbao-sdk-go/auth/providers.go:30.48,31.16 1 0
git.example.com/infra/openbao-sdk-go/auth/providers.go:31.16,33.3 1 0
git.example.com/infra/openbao-sdk-go/auth/providers.go:34.2,34.35 1 0
git.example.com/infra/openbao-sdk-go/auth/providers.go:34.35,36.3 1 0
git.example.com/infra/openbao-sdk-go/auth/providers.go:37.2,37.43 1 0
git.example.com/infra/openbao-sdk-go/auth/providers.go:37.43,39.3 1 0
git.example.com/infra/openbao-sdk-go/auth/providers.go:40.2,40.12 1 0
git.example.com/infra/openbao-sdk-go/auth/providers.go:42.37,43.48 1 0
git.example.com/infra/openbao-sdk-go/auth/providers.go:43.48,45.3 1 0
git.example.com/infra/openbao-sdk-go/auth/providers.go:46.2,46.22 1 0
git.example.com/infra/openbao-sdk-go/auth/providers.go:46.22,47.24 1 0
git.example.com/infra/openbao-sdk-go/auth/providers.go:47.24,49.4 1 0
git.example.com/infra/openbao-sdk-go/auth/providers.go:51.2,51.13 1 0
git.example.com/infra/openbao-sdk-go/auth/providers.go:53.47,54.31 1 0
git.example.com/infra/openbao-sdk-go/auth/providers.go:54.31,54.89 1 0
git.example.com/infra/openbao-sdk-go/auth/providers.go:55.2,55.30 1 0
git.example.com/infra/openbao-sdk-go/auth/providers.go:55.30,57.3 1 0
git.example.com/infra/openbao-sdk-go/auth/providers.go:58.2,60.44 3 0
git.example.com/infra/openbao-sdk-go/auth/providers.go:69.67,72.27 3 0
git.example.com/infra/openbao-sdk-go/auth/providers.go:72.27,74.3 1 0
git.example.com/infra/openbao-sdk-go/auth/providers.go:75.2,76.16 2 0
git.example.com/infra/openbao-sdk-go/auth/providers.go:76.16,78.3 1 0
git.example.com/infra/openbao-sdk-go/auth/providers.go:79.2,79.73 1 0
git.example.com/infra/openbao-sdk-go/auth/providers.go:81.76,82.44 1 0
git.example.com/infra/openbao-sdk-go/auth/providers.go:82.44,84.3 1 0
git.example.com/infra/openbao-sdk-go/auth/providers.go:85.2,87.85 3 0
git.example.com/infra/openbao-sdk-go/auth/providers.go:96.38,98.2 1 0
git.example.com/infra/openbao-sdk-go/auth/providers.go:102.55,103.26 1 0
git.example.com/infra/openbao-sdk-go/auth/providers.go:103.26,105.3 1 0
git.example.com/infra/openbao-sdk-go/auth/providers.go:106.2,106.36 1 0
git.example.com/infra/openbao-sdk-go/auth/providers.go:108.78,109.83 1 0
git.example.com/infra/openbao-sdk-go/auth/providers.go:109.83,111.3 1 0
git.example.com/infra/openbao-sdk-go/auth/providers.go:112.2,112.49 1 0
git.example.com/infra/openbao-sdk-go/auth/providers.go:114.88,115.44 1 0
git.example.com/infra/openbao-sdk-go/auth/providers.go:115.44,117.3 1 0
git.example.com/infra/openbao-sdk-go/auth/providers.go:120.2,121.42 2 0
git.example.com/infra/openbao-sdk-go/auth/providers.go:121.42,123.3 1 0
git.example.com/infra/openbao-sdk-go/auth/providers.go:124.2,125.16 2 0
git.example.com/infra/openbao-sdk-go/auth/providers.go:125.16,127.3 1 0
git.example.com/infra/openbao-sdk-go/auth/providers.go:128.2,130.76 3 0
git.example.com/infra/openbao-sdk-go/auth/providers.go:130.76,132.3 1 0
git.example.com/infra/openbao-sdk-go/auth/providers.go:133.2,135.49 3 0
git.example.com/infra/openbao-sdk-go/auth/providers.go:135.49,137.3 1 0
git.example.com/infra/openbao-sdk-go/auth/providers.go:138.2,138.43 1 0
git.example.com/infra/openbao-sdk-go/auth/providers.go:138.43,140.3 1 0
git.example.com/infra/openbao-sdk-go/auth/providers.go:141.2,142.29 2 0
git.example.com/infra/openbao-sdk-go/auth/providers.go:142.29,144.3 1 0
git.example.com/infra/openbao-sdk-go/auth/providers.go:145.2,146.16 2 0
git.example.com/infra/openbao-sdk-go/auth/providers.go:146.16,148.3 1 0
git.example.com/infra/openbao-sdk-go/auth/providers.go:149.2,149.42 1 0
git.example.com/infra/openbao-sdk-go/auth/providers.go:151.74,153.16 2 0
git.example.com/infra/openbao-sdk-go/auth/providers.go:153.16,155.3 1 0
git.example.com/infra/openbao-sdk-go/auth/providers.go:156.2,156.52 1 0
git.example.com/infra/openbao-sdk-go/auth/providers.go:158.79,160.16 2 0
git.example.com/infra/openbao-sdk-go/auth/providers.go:160.16,162.3 1 0
git.example.com/infra/openbao-sdk-go/auth/providers.go:163.2,163.70 1 0
git.example.com/infra/openbao-sdk-go/baoerr/error.go:49.32,50.14 1 0
git.example.com/infra/openbao-sdk-go/baoerr/error.go:50.14,52.3 1 0
git.example.com/infra/openbao-sdk-go/baoerr/error.go:53.2,53.43 1 0
git.example.com/infra/openbao-sdk-go/baoerr/error.go:55.32,56.14 1 0
git.example.com/infra/openbao-sdk-go/baoerr/error.go:56.14,58.3 1 0
git.example.com/infra/openbao-sdk-go/baoerr/error.go:59.2,59.16 1 0
git.example.com/infra/openbao-sdk-go/baoerr/error.go:60.20,61.26 1 0
git.example.com/infra/openbao-sdk-go/baoerr/error.go:62.28,63.34 1 0
git.example.com/infra/openbao-sdk-go/baoerr/error.go:65.2,65.12 1 0
git.example.com/infra/openbao-sdk-go/baoerr/error.go:67.42,70.2 2 0
git.example.com/infra/openbao-sdk-go/baoerr/error.go:71.40,74.2 2 0
git.example.com/infra/openbao-sdk-go/baoerr/error.go:75.45,75.65 1 0
git.example.com/infra/openbao-sdk-go/baoerr/error.go:76.45,76.65 1 0
git.example.com/infra/openbao-sdk-go/baoerr/error.go:77.45,77.84 1 0
git.example.com/infra/openbao-sdk-go/baoerr/error.go:78.45,78.83 1 0
git.example.com/infra/openbao-sdk-go/baoerr/error.go:79.47,80.14 1 0
git.example.com/infra/openbao-sdk-go/baoerr/error.go:80.14,82.3 1 0
git.example.com/infra/openbao-sdk-go/baoerr/error.go:83.2,89.81 1 0
git.example.com/infra/openbao-sdk-go/baoerr/error.go:91.32,92.11 1 0
git.example.com/infra/openbao-sdk-go/baoerr/error.go:93.281,94.11 1 0
git.example.com/infra/openbao-sdk-go/baoerr/error.go:96.2,96.20 1 0
git.example.com/infra/openbao-sdk-go/baoerr/error.go:98.34,99.11 1 0
git.example.com/infra/openbao-sdk-go/baoerr/error.go:100.50,101.11 1 0
git.example.com/infra/openbao-sdk-go/baoerr/error.go:103.2,103.22 1 0
git.example.com/infra/openbao-sdk-go/internal/authn/approle.go:16.55,20.26 4 0
git.example.com/infra/openbao-sdk-go/internal/authn/approle.go:20.26,22.3 1 0
git.example.com/infra/openbao-sdk-go/internal/authn/approle.go:23.2,24.16 2 0
git.example.com/infra/openbao-sdk-go/internal/authn/approle.go:24.16,26.3 1 0
git.example.com/infra/openbao-sdk-go/internal/authn/approle.go:27.2,31.184 5 0
git.example.com/infra/openbao-sdk-go/internal/authn/approle.go:31.184,33.3 1 0
git.example.com/infra/openbao-sdk-go/internal/authn/approle.go:34.2,34.40 1 0
git.example.com/infra/openbao-sdk-go/internal/authn/approle.go:34.40,36.3 1 0
git.example.com/infra/openbao-sdk-go/internal/authn/approle.go:37.2,37.40 1 0
git.example.com/infra/openbao-sdk-go/internal/authn/approle.go:37.40,40.12 3 0
git.example.com/infra/openbao-sdk-go/internal/authn/approle.go:40.12,42.4 1 0
git.example.com/infra/openbao-sdk-go/internal/authn/approle.go:43.3,44.11 2 0
git.example.com/infra/openbao-sdk-go/internal/authn/approle.go:44.11,46.4 1 0
git.example.com/infra/openbao-sdk-go/internal/authn/approle.go:48.2,49.16 2 0
git.example.com/infra/openbao-sdk-go/internal/authn/approle.go:49.16,51.3 1 0
git.example.com/infra/openbao-sdk-go/internal/authn/approle.go:52.2,54.17 3 0
git.example.com/infra/openbao-sdk-go/internal/authn/approle.go:54.17,56.3 1 0
git.example.com/infra/openbao-sdk-go/internal/authn/approle.go:57.2,57.16 1 0
git.example.com/infra/openbao-sdk-go/internal/authn/approle.go:57.16,59.3 1 0
git.example.com/infra/openbao-sdk-go/internal/authn/approle.go:60.2,60.57 1 0
git.example.com/infra/openbao-sdk-go/internal/authn/approle.go:62.81,66.189 4 0
git.example.com/infra/openbao-sdk-go/internal/authn/approle.go:66.189,66.218 1 0
git.example.com/infra/openbao-sdk-go/internal/authn/approle.go:67.2,67.17 1 0
git.example.com/infra/openbao-sdk-go/internal/authn/approle.go:67.17,69.3 1 0
git.example.com/infra/openbao-sdk-go/internal/authn/approle.go:70.2,70.16 1 0
git.example.com/infra/openbao-sdk-go/internal/authn/approle.go:70.16,72.3 1 0
git.example.com/infra/openbao-sdk-go/internal/authn/approle.go:73.2,73.57 1 0
git.example.com/infra/openbao-sdk-go/internal/authn/approle.go:75.110,77.16 2 0
git.example.com/infra/openbao-sdk-go/internal/authn/approle.go:77.16,79.3 1 0
git.example.com/infra/openbao-sdk-go/internal/authn/approle.go:80.2,81.9 2 0
git.example.com/infra/openbao-sdk-go/internal/authn/approle.go:81.9,83.3 1 0
git.example.com/infra/openbao-sdk-go/internal/authn/approle.go:84.2,85.40 2 0
git.example.com/infra/openbao-sdk-go/internal/authn/approle.go:85.40,87.3 1 0
git.example.com/infra/openbao-sdk-go/internal/authn/approle.go:88.2,89.70 2 0
git.example.com/infra/openbao-sdk-go/internal/authn/approle.go:89.70,91.3 1 0
git.example.com/infra/openbao-sdk-go/internal/authn/approle.go:92.2,93.9 2 0
git.example.com/infra/openbao-sdk-go/internal/authn/approle.go:93.9,95.3 1 0
git.example.com/infra/openbao-sdk-go/internal/authn/approle.go:96.2,96.43 1 0
git.example.com/infra/openbao-sdk-go/internal/authn/approle.go:96.43,98.20 2 0
git.example.com/infra/openbao-sdk-go/internal/authn/approle.go:98.20,100.4 1 0
git.example.com/infra/openbao-sdk-go/internal/authn/approle.go:102.2,105.20 4 0
git.example.com/infra/openbao-sdk-go/internal/authn/approle.go:105.20,107.3 1 0
git.example.com/infra/openbao-sdk-go/internal/authn/approle.go:108.2,111.14 4 0
git.example.com/infra/openbao-sdk-go/internal/authn/approle.go:111.14,114.3 2 0
git.example.com/infra/openbao-sdk-go/internal/authn/approle.go:115.2,115.45 1 0
git.example.com/infra/openbao-sdk-go/internal/authn/approle.go:115.45,118.3 2 0
git.example.com/infra/openbao-sdk-go/internal/authn/approle.go:119.2,129.12 10 0
git.example.com/infra/openbao-sdk-go/internal/authn/clock.go:15.50,15.71 1 0
git.example.com/infra/openbao-sdk-go/internal/authn/clock.go:16.50,16.88 1 0
git.example.com/infra/openbao-sdk-go/internal/authn/clock.go:20.41,20.57 1 0
git.example.com/infra/openbao-sdk-go/internal/authn/clock.go:21.41,21.62 1 0
git.example.com/infra/openbao-sdk-go/internal/authn/manager.go:44.67,45.18 1 0
git.example.com/infra/openbao-sdk-go/internal/authn/manager.go:45.18,47.3 1 0
git.example.com/infra/openbao-sdk-go/internal/authn/manager.go:48.2,48.85 1 0
git.example.com/infra/openbao-sdk-go/internal/authn/manager.go:50.45,51.16 1 0
git.example.com/infra/openbao-sdk-go/internal/authn/manager.go:51.16,53.3 1 0
git.example.com/infra/openbao-sdk-go/internal/authn/manager.go:54.2,54.19 1 0
git.example.com/infra/openbao-sdk-go/internal/authn/manager.go:55.24,56.77 1 0
git.example.com/infra/openbao-sdk-go/internal/authn/manager.go:57.32,58.85 1 0
git.example.com/infra/openbao-sdk-go/internal/authn/manager.go:60.2,60.12 1 0
git.example.com/infra/openbao-sdk-go/internal/authn/manager.go:62.47,63.37 1 0
git.example.com/infra/openbao-sdk-go/internal/authn/manager.go:63.37,65.3 1 0
git.example.com/infra/openbao-sdk-go/internal/authn/manager.go:66.2,66.88 1 0
git.example.com/infra/openbao-sdk-go/internal/authn/manager.go:68.33,69.36 1 0
git.example.com/infra/openbao-sdk-go/internal/authn/manager.go:69.36,71.3 1 0
git.example.com/infra/openbao-sdk-go/internal/authn/manager.go:72.2,72.22 1 0
git.example.com/infra/openbao-sdk-go/internal/authn/manager.go:72.22,73.24 1 0
git.example.com/infra/openbao-sdk-go/internal/authn/manager.go:73.24,75.4 1 0
git.example.com/infra/openbao-sdk-go/internal/authn/manager.go:77.2,77.13 1 0
git.example.com/infra/openbao-sdk-go/internal/authn/manager.go:79.101,80.15 1 0
git.example.com/infra/openbao-sdk-go/internal/authn/manager.go:80.15,81.23 1 0
git.example.com/infra/openbao-sdk-go/internal/authn/manager.go:81.23,83.4 1 0
git.example.com/infra/openbao-sdk-go/internal/authn/manager.go:85.2,85.24 1 0
git.example.com/infra/openbao-sdk-go/internal/authn/manager.go:87.108,88.15 1 0
git.example.com/infra/openbao-sdk-go/internal/authn/manager.go:88.15,89.23 1 0
git.example.com/infra/openbao-sdk-go/internal/authn/manager.go:89.23,91.4 1 0
git.example.com/infra/openbao-sdk-go/internal/authn/manager.go:93.2,93.23 1 0
git.example.com/infra/openbao-sdk-go/internal/authn/manager.go:95.67,96.37 1 0
git.example.com/infra/openbao-sdk-go/internal/authn/manager.go:96.37,98.3 1 0
git.example.com/infra/openbao-sdk-go/internal/authn/manager.go:99.2,100.14 2 0
git.example.com/infra/openbao-sdk-go/internal/authn/manager.go:100.14,103.3 2 0
git.example.com/infra/openbao-sdk-go/internal/authn/manager.go:104.2,105.38 2 0
git.example.com/infra/openbao-sdk-go/internal/authn/manager.go:105.38,107.17 2 0
git.example.com/infra/openbao-sdk-go/internal/authn/manager.go:107.17,111.4 3 0
git.example.com/infra/openbao-sdk-go/internal/authn/manager.go:112.3,114.89 3 0
git.example.com/infra/openbao-sdk-go/internal/authn/manager.go:114.89,118.4 3 0
git.example.com/infra/openbao-sdk-go/internal/authn/manager.go:119.3,119.38 1 0
git.example.com/infra/openbao-sdk-go/internal/authn/manager.go:119.38,121.4 1 0
git.example.com/infra/openbao-sdk-go/internal/authn/manager.go:122.3,123.26 2 0
git.example.com/infra/openbao-sdk-go/internal/authn/manager.go:125.2,127.14 3 0
git.example.com/infra/openbao-sdk-go/internal/authn/manager.go:127.14,129.3 1 0
git.example.com/infra/openbao-sdk-go/internal/authn/manager.go:130.2,130.60 1 0
git.example.com/infra/openbao-sdk-go/internal/authn/manager.go:130.60,132.3 1 0
git.example.com/infra/openbao-sdk-go/internal/authn/manager.go:133.2,135.25 3 0
git.example.com/infra/openbao-sdk-go/internal/authn/manager.go:137.71,143.2 5 0
git.example.com/infra/openbao-sdk-go/internal/authn/manager.go:144.51,148.19 4 0
git.example.com/infra/openbao-sdk-go/internal/authn/manager.go:148.19,150.40 2 0
git.example.com/infra/openbao-sdk-go/internal/authn/manager.go:150.40,152.4 1 0
git.example.com/infra/openbao-sdk-go/internal/authn/manager.go:154.2,154.14 1 0
git.example.com/infra/openbao-sdk-go/internal/authn/manager.go:154.14,157.3 2 0
git.example.com/infra/openbao-sdk-go/internal/authn/manager.go:158.2,159.38 2 0
git.example.com/infra/openbao-sdk-go/internal/authn/manager.go:159.38,162.3 2 0
git.example.com/infra/openbao-sdk-go/internal/authn/manager.go:162.8,164.3 1 0
git.example.com/infra/openbao-sdk-go/internal/authn/manager.go:165.2,165.21 1 0
git.example.com/infra/openbao-sdk-go/internal/authn/manager.go:165.21,168.3 2 0
git.example.com/infra/openbao-sdk-go/internal/authn/manager.go:169.2,169.13 1 0
git.example.com/infra/openbao-sdk-go/internal/authn/manager.go:169.13,170.20 1 0
git.example.com/infra/openbao-sdk-go/internal/authn/manager.go:170.20,172.4 1 0
git.example.com/infra/openbao-sdk-go/internal/authn/manager.go:172.9,174.4 1 0
git.example.com/infra/openbao-sdk-go/internal/authn/manager.go:176.2,176.10 1 0
git.example.com/infra/openbao-sdk-go/internal/authn/manager.go:181.54,182.37 1 0
git.example.com/infra/openbao-sdk-go/internal/authn/manager.go:182.37,184.3 1 0
git.example.com/infra/openbao-sdk-go/internal/authn/manager.go:185.2,185.38 1 0
git.example.com/infra/openbao-sdk-go/internal/authn/manager.go:185.38,188.3 2 0
git.example.com/infra/openbao-sdk-go/internal/authn/manager.go:189.2,190.14 2 0
git.example.com/infra/openbao-sdk-go/internal/authn/manager.go:190.14,193.3 2 0
git.example.com/infra/openbao-sdk-go/internal/authn/manager.go:194.2,194.33 1 0
git.example.com/infra/openbao-sdk-go/internal/authn/manager.go:194.33,196.10 2 0
git.example.com/infra/openbao-sdk-go/internal/authn/manager.go:197.17,198.16 1 0
git.example.com/infra/openbao-sdk-go/internal/authn/manager.go:199.21,200.27 1 0
git.example.com/infra/openbao-sdk-go/internal/authn/manager.go:203.2,204.44 2 0
git.example.com/infra/openbao-sdk-go/internal/authn/manager.go:204.44,208.3 3 0
git.example.com/infra/openbao-sdk-go/internal/authn/manager.go:209.2,217.11 9 0
git.example.com/infra/openbao-sdk-go/internal/authn/manager.go:217.11,219.3 1 0
git.example.com/infra/openbao-sdk-go/internal/authn/manager.go:219.8,221.3 1 0
git.example.com/infra/openbao-sdk-go/internal/authn/manager.go:222.2,223.16 2 0
git.example.com/infra/openbao-sdk-go/internal/authn/manager.go:223.16,227.22 4 0
git.example.com/infra/openbao-sdk-go/internal/authn/manager.go:227.22,229.4 1 0
git.example.com/infra/openbao-sdk-go/internal/authn/manager.go:231.3,233.170 3 0
git.example.com/infra/openbao-sdk-go/internal/authn/manager.go:233.170,235.4 1 0
git.example.com/infra/openbao-sdk-go/internal/authn/manager.go:237.2,241.12 5 0
git.example.com/infra/openbao-sdk-go/internal/authn/manager.go:245.50,246.37 1 0
git.example.com/infra/openbao-sdk-go/internal/authn/manager.go:246.37,248.3 1 0
git.example.com/infra/openbao-sdk-go/internal/authn/manager.go:249.2,249.38 1 0
git.example.com/infra/openbao-sdk-go/internal/authn/manager.go:249.38,251.3 1 0
git.example.com/infra/openbao-sdk-go/internal/authn/manager.go:252.2,252.6 1 0
git.example.com/infra/openbao-sdk-go/internal/authn/manager.go:252.6,254.15 2 0
git.example.com/infra/openbao-sdk-go/internal/authn/manager.go:254.15,257.4 2 0
git.example.com/infra/openbao-sdk-go/internal/authn/manager.go:258.3,258.38 1 0
git.example.com/infra/openbao-sdk-go/internal/authn/manager.go:258.38,259.11 1 0
git.example.com/infra/openbao-sdk-go/internal/authn/manager.go:260.16,263.24 3 0
git.example.com/infra/openbao-sdk-go/internal/authn/manager.go:264.12,265.59 1 0
git.example.com/infra/openbao-sdk-go/internal/authn/manager.go:265.59,268.6 2 0
git.example.com/infra/openbao-sdk-go/internal/authn/manager.go:269.5,270.12 2 0
git.example.com/infra/openbao-sdk-go/internal/authn/manager.go:271.17,272.14 1 0
git.example.com/infra/openbao-sdk-go/internal/authn/manager.go:273.23,274.29 1 0
git.example.com/infra/openbao-sdk-go/internal/authn/manager.go:278.3,278.38 1 0
git.example.com/infra/openbao-sdk-go/internal/authn/manager.go:278.38,281.4 2 0
git.example.com/infra/openbao-sdk-go/internal/authn/manager.go:282.3,288.13 7 0
git.example.com/infra/openbao-sdk-go/internal/authn/manager.go:288.13,288.46 2 0
git.example.com/infra/openbao-sdk-go/internal/authn/manager.go:289.3,289.13 1 0
git.example.com/infra/openbao-sdk-go/internal/authn/manager.go:292.44,293.6 1 0
git.example.com/infra/openbao-sdk-go/internal/authn/manager.go:293.6,300.17 7 0
git.example.com/infra/openbao-sdk-go/internal/authn/manager.go:300.17,302.4 1 0
git.example.com/infra/openbao-sdk-go/internal/authn/manager.go:303.3,303.48 1 0
git.example.com/infra/openbao-sdk-go/internal/authn/manager.go:303.48,305.4 1 0
git.example.com/infra/openbao-sdk-go/internal/authn/manager.go:306.3,307.10 2 0
git.example.com/infra/openbao-sdk-go/internal/authn/manager.go:308.21,310.10 2 0
git.example.com/infra/openbao-sdk-go/internal/authn/manager.go:311.20,312.16 1 0
git.example.com/infra/openbao-sdk-go/internal/authn/manager.go:314.3,314.23 1 0
git.example.com/infra/openbao-sdk-go/internal/authn/manager.go:314.23,316.4 1 0
git.example.com/infra/openbao-sdk-go/internal/authn/manager.go:317.3,317.21 1 0
git.example.com/infra/openbao-sdk-go/internal/authn/manager.go:322.51,323.37 1 0
git.example.com/infra/openbao-sdk-go/internal/authn/manager.go:323.37,325.26 2 0
git.example.com/infra/openbao-sdk-go/internal/authn/manager.go:325.26,327.4 1 0
git.example.com/infra/openbao-sdk-go/internal/authn/manager.go:328.3,329.11 2 0
git.example.com/infra/openbao-sdk-go/internal/authn/manager.go:331.2,334.19 4 0
git.example.com/infra/openbao-sdk-go/internal/authn/manager.go:334.19,336.3 1 0
git.example.com/infra/openbao-sdk-go/internal/authn/manager.go:337.2,337.17 1 0
git.example.com/infra/openbao-sdk-go/internal/authn/manager.go:337.17,339.3 1 0
git.example.com/infra/openbao-sdk-go/internal/authn/manager.go:340.2,340.9 1 0
git.example.com/infra/openbao-sdk-go/internal/authn/manager.go:341.14,342.13 1 0
git.example.com/infra/openbao-sdk-go/internal/authn/manager.go:343.20,344.26 1 0
git.example.com/infra/openbao-sdk-go/internal/authn/manager.go:349.26,354.25 5 0
git.example.com/infra/openbao-sdk-go/internal/authn/manager.go:354.25,356.3 1 0
git.example.com/infra/openbao-sdk-go/internal/engine/client.go:35.56,37.2 1 0
git.example.com/infra/openbao-sdk-go/internal/engine/client.go:38.43,38.78 1 0
git.example.com/infra/openbao-sdk-go/internal/engine/client.go:39.55,40.12 1 0
git.example.com/infra/openbao-sdk-go/internal/engine/client.go:41.28,42.28 1 0
git.example.com/infra/openbao-sdk-go/internal/engine/client.go:43.20,44.28 1 0
git.example.com/infra/openbao-sdk-go/internal/engine/client.go:45.18,46.28 1 0
git.example.com/infra/openbao-sdk-go/internal/engine/client.go:48.2,48.29 1 0
git.example.com/infra/openbao-sdk-go/internal/engine/client.go:50.79,52.26 2 0
git.example.com/infra/openbao-sdk-go/internal/engine/client.go:52.26,54.3 1 0
git.example.com/infra/openbao-sdk-go/internal/engine/client.go:55.2,56.17 2 0
git.example.com/infra/openbao-sdk-go/internal/engine/client.go:56.17,58.3 1 0
git.example.com/infra/openbao-sdk-go/internal/engine/client.go:59.2,59.27 1 0
git.example.com/infra/openbao-sdk-go/internal/engine/client.go:59.27,61.3 1 0
git.example.com/infra/openbao-sdk-go/internal/engine/client.go:62.2,62.77 1 0
git.example.com/infra/openbao-sdk-go/internal/engine/client.go:62.77,64.3 1 0
git.example.com/infra/openbao-sdk-go/internal/engine/client.go:65.2,65.24 1 0
git.example.com/infra/openbao-sdk-go/internal/engine/client.go:65.24,66.54 1 0
git.example.com/infra/openbao-sdk-go/internal/engine/client.go:66.54,68.4 1 0
git.example.com/infra/openbao-sdk-go/internal/engine/client.go:70.2,72.22 3 0
git.example.com/infra/openbao-sdk-go/internal/engine/client.go:72.22,74.3 1 0
git.example.com/infra/openbao-sdk-go/internal/engine/client.go:75.2,75.51 1 0
git.example.com/infra/openbao-sdk-go/internal/engine/client.go:75.51,76.10 1 0
git.example.com/infra/openbao-sdk-go/internal/engine/client.go:77.30,78.17 1 0
git.example.com/infra/openbao-sdk-go/internal/engine/client.go:78.17,78.30 1 0
git.example.com/infra/openbao-sdk-go/internal/engine/client.go:79.21,80.68 1 0
git.example.com/infra/openbao-sdk-go/internal/engine/client.go:83.2,84.24 2 0
git.example.com/infra/openbao-sdk-go/internal/engine/client.go:84.24,86.3 1 0
git.example.com/infra/openbao-sdk-go/internal/engine/client.go:87.2,87.33 1 0
git.example.com/infra/openbao-sdk-go/internal/engine/client.go:87.33,88.23 1 0
git.example.com/infra/openbao-sdk-go/internal/engine/client.go:88.23,90.4 1 0
git.example.com/infra/openbao-sdk-go/internal/engine/client.go:91.3,92.26 2 0
git.example.com/infra/openbao-sdk-go/internal/engine/client.go:92.26,95.18 3 0
git.example.com/infra/openbao-sdk-go/internal/engine/client.go:95.18,96.25 1 0
git.example.com/infra/openbao-sdk-go/internal/engine/client.go:96.25,98.6 1 0
git.example.com/infra/openbao-sdk-go/internal/engine/client.go:99.5,100.41 2 0
git.example.com/infra/openbao-sdk-go/internal/engine/client.go:100.41,102.6 1 0
git.example.com/infra/openbao-sdk-go/internal/engine/client.go:103.5,103.96 1 0
git.example.com/infra/openbao-sdk-go/internal/engine/client.go:105.4,105.26 1 0
git.example.com/infra/openbao-sdk-go/internal/engine/client.go:105.26,107.5 1 0
git.example.com/infra/openbao-sdk-go/internal/engine/client.go:108.9,108.59 1 0
git.example.com/infra/openbao-sdk-go/internal/engine/client.go:108.59,110.4 1 0
git.example.com/infra/openbao-sdk-go/internal/engine/client.go:111.3,111.23 1 0
git.example.com/infra/openbao-sdk-go/internal/engine/client.go:111.23,113.4 1 0
git.example.com/infra/openbao-sdk-go/internal/engine/client.go:114.3,115.15 2 0
git.example.com/infra/openbao-sdk-go/internal/engine/client.go:115.15,117.4 1 0
git.example.com/infra/openbao-sdk-go/internal/engine/client.go:118.3,121.17 4 0
git.example.com/infra/openbao-sdk-go/internal/engine/client.go:121.17,123.41 2 0
git.example.com/infra/openbao-sdk-go/internal/engine/client.go:123.41,126.5 2 0
git.example.com/infra/openbao-sdk-go/internal/engine/client.go:127.9,128.29 1 0
git.example.com/infra/openbao-sdk-go/internal/engine/client.go:128.29,129.21 1 0
git.example.com/infra/openbao-sdk-go/internal/engine/client.go:130.39,131.19 1 0
git.example.com/infra/openbao-sdk-go/internal/engine/client.go:134.4,134.20 1 0
git.example.com/infra/openbao-sdk-go/internal/engine/client.go:135.13,136.36 1 0
git.example.com/infra/openbao-sdk-go/internal/engine/client.go:136.36,138.6 1 0
git.example.com/infra/openbao-sdk-go/internal/engine/client.go:139.5,139.34 1 0
git.example.com/infra/openbao-sdk-go/internal/engine/client.go:139.34,140.56 1 0
git.example.com/infra/openbao-sdk-go/internal/engine/client.go:140.56,142.7 1 0
git.example.com/infra/openbao-sdk-go/internal/engine/client.go:144.5,144.18 1 0
git.example.com/infra/openbao-sdk-go/internal/engine/client.go:145.13,146.15 1 0
git.example.com/infra/openbao-sdk-go/internal/engine/client.go:146.15,148.6 1 0
git.example.com/infra/openbao-sdk-go/internal/engine/client.go:149.5,149.46 1 0
git.example.com/infra/openbao-sdk-go/internal/engine/client.go:150.12,151.50 1 0
git.example.com/infra/openbao-sdk-go/internal/engine/client.go:154.3,154.30 1 0
git.example.com/infra/openbao-sdk-go/internal/engine/client.go:154.30,156.4 1 0
git.example.com/infra/openbao-sdk-go/internal/engine/client.go:157.3,158.13 2 0
git.example.com/infra/openbao-sdk-go/internal/engine/client.go:158.13,160.4 1 0
git.example.com/infra/openbao-sdk-go/internal/engine/client.go:161.3,162.30 2 0
git.example.com/infra/openbao-sdk-go/internal/engine/client.go:162.30,164.4 1 0
git.example.com/infra/openbao-sdk-go/internal/engine/client.go:166.2,166.89 1 0
git.example.com/infra/openbao-sdk-go/internal/engine/client.go:168.32,169.36 1 0
git.example.com/infra/openbao-sdk-go/internal/engine/client.go:169.36,171.3 1 0
git.example.com/infra/openbao-sdk-go/internal/engine/client.go:172.2,172.19 1 0
git.example.com/infra/openbao-sdk-go/internal/engine/client.go:172.19,173.33 1 0
git.example.com/infra/openbao-sdk-go/internal/engine/client.go:173.33,175.4 1 0
git.example.com/infra/openbao-sdk-go/internal/engine/client.go:177.2,177.13 1 0
git.example.com/infra/openbao-sdk-go/internal/engine/client.go:182.35,183.19 1 0
git.example.com/infra/openbao-sdk-go/internal/engine/client.go:183.19,185.3 1 0
git.example.com/infra/openbao-sdk-go/internal/engine/client.go:186.2,187.16 2 0
git.example.com/infra/openbao-sdk-go/internal/engine/client.go:187.16,189.3 1 0
git.example.com/infra/openbao-sdk-go/internal/engine/client.go:190.2,191.25 2 0
git.example.com/infra/openbao-sdk-go/internal/engine/client.go:191.25,193.3 1 0
git.example.com/infra/openbao-sdk-go/internal/engine/client.go:194.2,194.30 1 0
git.example.com/infra/openbao-sdk-go/internal/engine/client.go:194.30,195.46 1 0
git.example.com/infra/openbao-sdk-go/internal/engine/client.go:195.46,196.16 1 0
git.example.com/infra/openbao-sdk-go/internal/engine/client.go:196.16,198.5 1 0
git.example.com/infra/openbao-sdk-go/internal/engine/client.go:199.9,199.85 1 0
git.example.com/infra/openbao-sdk-go/internal/engine/client.go:199.85,201.4 1 0
git.example.com/infra/openbao-sdk-go/internal/engine/client.go:203.2,203.10 1 0
git.example.com/infra/openbao-sdk-go/internal/engine/client.go:208.70,209.14 1 0
git.example.com/infra/openbao-sdk-go/internal/engine/client.go:209.14,211.3 1 0
git.example.com/infra/openbao-sdk-go/internal/engine/client.go:212.2,213.14 2 0
git.example.com/infra/openbao-sdk-go/internal/engine/client.go:213.14,215.3 1 0
git.example.com/infra/openbao-sdk-go/internal/engine/client.go:216.2,216.30 1 0
git.example.com/infra/openbao-sdk-go/internal/engine/client.go:216.30,218.24 2 0
git.example.com/infra/openbao-sdk-go/internal/engine/client.go:218.24,220.4 1 0
git.example.com/infra/openbao-sdk-go/internal/engine/client.go:222.2,222.15 1 0
git.example.com/infra/openbao-sdk-go/internal/engine/client.go:224.62,226.14 2 0
git.example.com/infra/openbao-sdk-go/internal/engine/client.go:226.14,228.3 1 0
git.example.com/infra/openbao-sdk-go/internal/engine/client.go:229.2,230.9 2 0
git.example.com/infra/openbao-sdk-go/internal/engine/client.go:230.9,232.3 1 0
git.example.com/infra/openbao-sdk-go/internal/engine/client.go:233.2,233.15 1 0
git.example.com/infra/openbao-sdk-go/internal/engine/client.go:235.29,237.9 2 0
git.example.com/infra/openbao-sdk-go/internal/engine/client.go:237.9,239.3 1 0
git.example.com/infra/openbao-sdk-go/internal/engine/client.go:240.2,241.36 2 0
git.example.com/infra/openbao-sdk-go/internal/engine/client.go:241.36,243.3 1 0
git.example.com/infra/openbao-sdk-go/internal/engine/client.go:244.2,244.21 1 0
git.example.com/infra/openbao-sdk-go/internal/engine/errors.go:19.43,19.72 1 0
git.example.com/infra/openbao-sdk-go/internal/engine/errors.go:20.43,20.61 1 0
git.example.com/infra/openbao-sdk-go/internal/engine/errors.go:21.93,23.2 1 0
git.example.com/infra/openbao-sdk-go/internal/engine/errors.go:24.96,26.52 2 0
git.example.com/infra/openbao-sdk-go/internal/engine/errors.go:26.52,28.3 1 0
git.example.com/infra/openbao-sdk-go/internal/engine/errors.go:29.2,29.46 1 0
git.example.com/infra/openbao-sdk-go/internal/engine/errors.go:31.35,38.2 6 0
git.example.com/infra/openbao-sdk-go/internal/engine/errors.go:39.81,42.25 3 0
git.example.com/infra/openbao-sdk-go/internal/engine/errors.go:42.25,44.3 1 0
git.example.com/infra/openbao-sdk-go/internal/engine/errors.go:45.2,46.32 2 0
git.example.com/infra/openbao-sdk-go/internal/engine/errors.go:46.32,48.3 1 0
git.example.com/infra/openbao-sdk-go/internal/engine/errors.go:49.2,51.9 3 0
git.example.com/infra/openbao-sdk-go/internal/engine/errors.go:52.40,54.16 2 0
git.example.com/infra/openbao-sdk-go/internal/engine/errors.go:55.48,57.16 2 0
git.example.com/infra/openbao-sdk-go/internal/engine/errors.go:58.43,60.16 2 0
git.example.com/infra/openbao-sdk-go/internal/engine/errors.go:61.42,63.16 2 0
git.example.com/infra/openbao-sdk-go/internal/engine/errors.go:64.25,66.16 2 0
git.example.com/infra/openbao-sdk-go/internal/engine/errors.go:68.2,68.46 1 0
git.example.com/infra/openbao-sdk-go/internal/engine/errors.go:70.75,72.24 2 0
git.example.com/infra/openbao-sdk-go/internal/engine/errors.go:72.24,74.3 1 0
git.example.com/infra/openbao-sdk-go/internal/engine/errors.go:75.2,77.39 3 0
git.example.com/infra/openbao-sdk-go/internal/engine/errors.go:77.39,80.3 2 0
git.example.com/infra/openbao-sdk-go/internal/engine/errors.go:81.2,82.21 2 0
git.example.com/infra/openbao-sdk-go/internal/engine/errors.go:82.21,85.15 3 0
git.example.com/infra/openbao-sdk-go/internal/engine/errors.go:85.15,87.4 1 0
git.example.com/infra/openbao-sdk-go/internal/engine/errors.go:91.2,91.59 1 0
git.example.com/infra/openbao-sdk-go/internal/engine/errors.go:91.59,93.28 2 0
git.example.com/infra/openbao-sdk-go/internal/engine/errors.go:93.28,95.4 1 0
git.example.com/infra/openbao-sdk-go/internal/engine/errors.go:96.3,96.29 1 0
git.example.com/infra/openbao-sdk-go/internal/engine/errors.go:96.29,98.25 2 0
git.example.com/infra/openbao-sdk-go/internal/engine/errors.go:98.25,100.5 1 0
git.example.com/infra/openbao-sdk-go/internal/engine/errors.go:103.2,103.18 1 0
git.example.com/infra/openbao-sdk-go/internal/engine/errors.go:104.11,107.36 3 0
git.example.com/infra/openbao-sdk-go/internal/engine/errors.go:107.36,108.63 1 0
git.example.com/infra/openbao-sdk-go/internal/engine/errors.go:108.63,109.106 1 0
git.example.com/infra/openbao-sdk-go/internal/engine/errors.go:109.106,111.6 1 0
git.example.com/infra/openbao-sdk-go/internal/engine/errors.go:114.11,116.29 2 0
git.example.com/infra/openbao-sdk-go/internal/engine/errors.go:117.11,119.29 2 0
git.example.com/infra/openbao-sdk-go/internal/engine/errors.go:120.11,124.24 2 0
git.example.com/infra/openbao-sdk-go/internal/engine/errors.go:124.24,126.4 1 0
git.example.com/infra/openbao-sdk-go/internal/engine/errors.go:127.3,127.74 1 0
git.example.com/infra/openbao-sdk-go/internal/engine/errors.go:127.74,129.4 1 0
git.example.com/infra/openbao-sdk-go/internal/engine/errors.go:130.31,131.29 1 0
git.example.com/infra/openbao-sdk-go/internal/engine/errors.go:132.10,133.36 1 0
git.example.com/infra/openbao-sdk-go/internal/engine/errors.go:135.2,135.48 1 0
git.example.com/infra/openbao-sdk-go/internal/engine/errors.go:137.48,139.9 2 0
git.example.com/infra/openbao-sdk-go/internal/engine/errors.go:139.9,141.3 1 0
git.example.com/infra/openbao-sdk-go/internal/engine/errors.go:142.2,143.9 2 0
git.example.com/infra/openbao-sdk-go/internal/engine/errors.go:143.9,145.3 1 0
git.example.com/infra/openbao-sdk-go/internal/engine/errors.go:146.2,147.9 2 0
git.example.com/infra/openbao-sdk-go/internal/engine/errors.go:147.9,149.3 1 0
git.example.com/infra/openbao-sdk-go/internal/engine/errors.go:150.2,151.24 2 0
git.example.com/infra/openbao-sdk-go/internal/engine/errors.go:151.24,153.3 1 0
git.example.com/infra/openbao-sdk-go/internal/engine/errors.go:154.2,154.61 1 0
git.example.com/infra/openbao-sdk-go/internal/engine/errors.go:154.61,156.3 1 0
git.example.com/infra/openbao-sdk-go/internal/engine/errors.go:157.2,158.20 2 0
git.example.com/infra/openbao-sdk-go/internal/engine/errors.go:158.20,160.3 1 0
git.example.com/infra/openbao-sdk-go/internal/engine/errors.go:161.2,162.33 2 0
git.example.com/infra/openbao-sdk-go/internal/engine/errors.go:164.94,169.2 4 0
git.example.com/infra/openbao-sdk-go/internal/engine/errors.go:170.55,173.24 3 0
git.example.com/infra/openbao-sdk-go/internal/engine/errors.go:173.24,175.3 1 0
git.example.com/infra/openbao-sdk-go/internal/engine/errors.go:176.2,176.14 1 0
git.example.com/infra/openbao-sdk-go/internal/engine/errors.go:176.14,178.3 1 0
git.example.com/infra/openbao-sdk-go/internal/engine/errors.go:179.2,179.63 1 0
git.example.com/infra/openbao-sdk-go/internal/engine/errors.go:182.44,184.27 2 0
git.example.com/infra/openbao-sdk-go/internal/engine/errors.go:184.27,186.3 1 0
git.example.com/infra/openbao-sdk-go/internal/engine/errors.go:187.2,187.25 1 0
git.example.com/infra/openbao-sdk-go/internal/engine/errors.go:187.25,189.21 2 0
git.example.com/infra/openbao-sdk-go/internal/engine/errors.go:189.21,191.4 1 0
git.example.com/infra/openbao-sdk-go/internal/engine/errors.go:193.2,193.13 1 0
git.example.com/infra/openbao-sdk-go/internal/engine/operations.go:57.46,57.87 2 0
git.example.com/infra/openbao-sdk-go/internal/engine/operations.go:58.46,58.113 1 0
git.example.com/infra/openbao-sdk-go/internal/engine/path.go:10.38,11.60 1 0
git.example.com/infra/openbao-sdk-go/internal/engine/path.go:11.60,13.3 1 0
git.example.com/infra/openbao-sdk-go/internal/engine/path.go:14.2,14.30 1 0
git.example.com/infra/openbao-sdk-go/internal/engine/path.go:14.30,16.114 2 0
git.example.com/infra/openbao-sdk-go/internal/engine/path.go:16.114,18.4 1 0
git.example.com/infra/openbao-sdk-go/internal/engine/path.go:20.2,20.12 1 0
git.example.com/infra/openbao-sdk-go/internal/engine/path.go:22.35,23.13 1 0
git.example.com/infra/openbao-sdk-go/internal/engine/path.go:23.13,25.3 1 0
git.example.com/infra/openbao-sdk-go/internal/engine/path.go:26.2,26.44 1 0
git.example.com/infra/openbao-sdk-go/internal/engine/path.go:26.44,27.34 1 0
git.example.com/infra/openbao-sdk-go/internal/engine/path.go:27.34,29.4 1 0
git.example.com/infra/openbao-sdk-go/internal/engine/path.go:31.2,31.12 1 0
git.example.com/infra/openbao-sdk-go/internal/engine/retry.go:12.100,14.25 2 0
git.example.com/infra/openbao-sdk-go/internal/engine/retry.go:14.25,15.26 1 0
git.example.com/infra/openbao-sdk-go/internal/engine/retry.go:15.26,17.9 2 0
git.example.com/infra/openbao-sdk-go/internal/engine/retry.go:19.3,19.11 1 0
git.example.com/infra/openbao-sdk-go/internal/engine/retry.go:21.2,21.22 1 0
git.example.com/infra/openbao-sdk-go/internal/engine/retry.go:21.22,23.3 1 0
git.example.com/infra/openbao-sdk-go/internal/engine/retry.go:24.2,25.13 2 0
git.example.com/infra/openbao-sdk-go/internal/engine/retry.go:25.13,27.3 1 0
git.example.com/infra/openbao-sdk-go/internal/engine/retry.go:28.2,28.40 1 0
git.example.com/infra/openbao-sdk-go/internal/engine/retry.go:28.40,30.77 2 0
git.example.com/infra/openbao-sdk-go/internal/engine/retry.go:30.77,31.62 1 0
git.example.com/infra/openbao-sdk-go/internal/engine/retry.go:31.62,33.5 1 0
git.example.com/infra/openbao-sdk-go/internal/engine/retry.go:34.4,34.53 1 0
git.example.com/infra/openbao-sdk-go/internal/engine/retry.go:35.9,35.52 1 0
git.example.com/infra/openbao-sdk-go/internal/engine/retry.go:35.52,37.22 2 0
git.example.com/infra/openbao-sdk-go/internal/engine/retry.go:37.22,39.5 1 0
git.example.com/infra/openbao-sdk-go/internal/engine/retry.go:40.9,42.4 1 0
git.example.com/infra/openbao-sdk-go/internal/engine/retry.go:43.3,43.30 1 0
git.example.com/infra/openbao-sdk-go/internal/engine/retry.go:43.30,45.4 1 0
git.example.com/infra/openbao-sdk-go/internal/engine/retry.go:46.3,46.25 1 0
git.example.com/infra/openbao-sdk-go/internal/engine/retry.go:46.25,48.4 1 0
git.example.com/infra/openbao-sdk-go/internal/engine/retry.go:50.2,50.73 1 0
git.example.com/infra/openbao-sdk-go/internal/engine/retry.go:50.73,52.3 1 0
git.example.com/infra/openbao-sdk-go/internal/engine/retry.go:53.2,53.20 1 0
git.example.com/infra/openbao-sdk-go/internal/engine/retry.go:55.55,58.9 3 0
git.example.com/infra/openbao-sdk-go/internal/engine/retry.go:59.20,60.19 1 0
git.example.com/infra/openbao-sdk-go/internal/engine/retry.go:61.17,62.13 1 0
git.example.com/infra/openbao-sdk-go/internal/engine/transport.go:32.68,35.2 2 0
git.example.com/infra/openbao-sdk-go/internal/engine/transport.go:36.56,40.2 3 0
git.example.com/infra/openbao-sdk-go/internal/engine/transport.go:41.50,42.14 1 0
git.example.com/infra/openbao-sdk-go/internal/engine/transport.go:42.14,44.3 1 0
git.example.com/infra/openbao-sdk-go/internal/engine/transport.go:45.2,48.15 4 0
git.example.com/infra/openbao-sdk-go/internal/engine/transport.go:50.31,51.14 1 0
git.example.com/infra/openbao-sdk-go/internal/engine/transport.go:51.14,53.3 1 0
git.example.com/infra/openbao-sdk-go/internal/engine/transport.go:54.2,56.15 3 0
git.example.com/infra/openbao-sdk-go/internal/engine/transport.go:58.39,61.2 2 0
git.example.com/infra/openbao-sdk-go/internal/engine/transport.go:78.58,79.112 1 0
git.example.com/infra/openbao-sdk-go/internal/engine/transport.go:79.112,81.3 1 0
git.example.com/infra/openbao-sdk-go/internal/engine/transport.go:82.2,83.22 2 0
git.example.com/infra/openbao-sdk-go/internal/engine/transport.go:83.22,85.15 2 0
git.example.com/infra/openbao-sdk-go/internal/engine/transport.go:85.15,87.4 1 0
git.example.com/infra/openbao-sdk-go/internal/engine/transport.go:88.3,88.29 1 0
git.example.com/infra/openbao-sdk-go/internal/engine/transport.go:90.2,90.58 1 0
git.example.com/infra/openbao-sdk-go/internal/engine/transport.go:92.44,92.77 1 0
git.example.com/infra/openbao-sdk-go/internal/engine/transport.go:93.74,95.32 2 0
git.example.com/infra/openbao-sdk-go/internal/engine/transport.go:95.32,97.3 1 0
git.example.com/infra/openbao-sdk-go/internal/engine/transport.go:98.2,100.16 3 0
git.example.com/infra/openbao-sdk-go/internal/engine/transport.go:100.16,103.3 2 0
git.example.com/infra/openbao-sdk-go/internal/engine/transport.go:104.2,107.81 4 0
git.example.com/infra/openbao-sdk-go/internal/engine/transport.go:107.81,108.20 1 0
git.example.com/infra/openbao-sdk-go/internal/engine/transport.go:108.20,111.4 2 0
git.example.com/infra/openbao-sdk-go/internal/engine/transport.go:112.3,113.15 2 0
git.example.com/infra/openbao-sdk-go/internal/engine/transport.go:113.15,116.4 2 0
git.example.com/infra/openbao-sdk-go/internal/engine/transport.go:117.3,122.27 6 0
git.example.com/infra/openbao-sdk-go/internal/engine/transport.go:124.2,125.30 2 0
git.example.com/infra/openbao-sdk-go/internal/engine/transport.go:125.30,129.3 3 0
git.example.com/infra/openbao-sdk-go/internal/engine/transport.go:130.2,130.14 1 0
git.example.com/infra/openbao-sdk-go/internal/engine/transport.go:130.14,134.3 3 0
git.example.com/infra/openbao-sdk-go/internal/engine/transport.go:135.2,138.18 4 0
git.example.com/infra/openbao-sdk-go/internal/engine/transport.go:143.47,144.106 1 0
git.example.com/infra/openbao-sdk-go/internal/engine/transport.go:144.106,144.140 1 0
git.example.com/infra/openbao-sdk-go/internal/engine/types.go:22.27,23.14 1 0
git.example.com/infra/openbao-sdk-go/internal/engine/types.go:23.14,26.3 2 0
git.example.com/infra/openbao-sdk-go/internal/jsondoc/json.go:19.54,20.22 1 0
git.example.com/infra/openbao-sdk-go/internal/jsondoc/json.go:20.22,22.3 1 0
git.example.com/infra/openbao-sdk-go/internal/jsondoc/json.go:23.2,26.14 4 0
git.example.com/infra/openbao-sdk-go/internal/jsondoc/json.go:26.14,28.3 1 0
git.example.com/infra/openbao-sdk-go/internal/jsondoc/json.go:29.2,29.35 1 0
git.example.com/infra/openbao-sdk-go/internal/jsondoc/json.go:29.35,31.3 1 0
git.example.com/infra/openbao-sdk-go/internal/jsondoc/json.go:32.2,32.16 1 0
git.example.com/infra/openbao-sdk-go/internal/jsondoc/json.go:32.16,33.39 1 0
git.example.com/infra/openbao-sdk-go/internal/jsondoc/json.go:33.39,35.4 1 0
git.example.com/infra/openbao-sdk-go/internal/jsondoc/json.go:37.2,37.15 1 0
git.example.com/infra/openbao-sdk-go/internal/jsondoc/json.go:39.53,41.14 2 0
git.example.com/infra/openbao-sdk-go/internal/jsondoc/json.go:41.14,43.3 1 0
git.example.com/infra/openbao-sdk-go/internal/jsondoc/json.go:44.2,44.39 1 0
git.example.com/infra/openbao-sdk-go/internal/jsondoc/json.go:44.39,45.24 1 0
git.example.com/infra/openbao-sdk-go/internal/jsondoc/json.go:45.24,47.4 1 0
git.example.com/infra/openbao-sdk-go/internal/jsondoc/json.go:48.3,48.16 1 0
git.example.com/infra/openbao-sdk-go/internal/jsondoc/json.go:49.12,51.17 2 0
git.example.com/infra/openbao-sdk-go/internal/jsondoc/json.go:51.17,53.17 2 0
git.example.com/infra/openbao-sdk-go/internal/jsondoc/json.go:53.17,55.6 1 0
git.example.com/infra/openbao-sdk-go/internal/jsondoc/json.go:56.5,57.12 2 0
git.example.com/infra/openbao-sdk-go/internal/jsondoc/json.go:57.12,59.6 1 0
git.example.com/infra/openbao-sdk-go/internal/jsondoc/json.go:60.5,60.36 1 0
git.example.com/infra/openbao-sdk-go/internal/jsondoc/json.go:60.36,62.6 1 0
git.example.com/infra/openbao-sdk-go/internal/jsondoc/json.go:63.5,64.17 2 0
git.example.com/infra/openbao-sdk-go/internal/jsondoc/json.go:64.17,66.6 1 0
git.example.com/infra/openbao-sdk-go/internal/jsondoc/json.go:67.5,67.15 1 0
git.example.com/infra/openbao-sdk-go/internal/jsondoc/json.go:69.4,70.42 2 0
git.example.com/infra/openbao-sdk-go/internal/jsondoc/json.go:70.42,72.5 1 0
git.example.com/infra/openbao-sdk-go/internal/jsondoc/json.go:73.4,73.17 1 0
git.example.com/infra/openbao-sdk-go/internal/jsondoc/json.go:74.12,76.17 2 0
git.example.com/infra/openbao-sdk-go/internal/jsondoc/json.go:76.17,78.17 2 0
git.example.com/infra/openbao-sdk-go/internal/jsondoc/json.go:78.17,80.6 1 0
git.example.com/infra/openbao-sdk-go/internal/jsondoc/json.go:81.5,81.21 1 0
git.example.com/infra/openbao-sdk-go/internal/jsondoc/json.go:83.4,84.42 2 0
git.example.com/infra/openbao-sdk-go/internal/jsondoc/json.go:84.42,86.5 1 0
git.example.com/infra/openbao-sdk-go/internal/jsondoc/json.go:87.4,87.17 1 0
git.example.com/infra/openbao-sdk-go/internal/jsondoc/json.go:88.11,89.26 1 0
git.example.com/infra/openbao-sdk-go/internal/jsondoc/json.go:92.2,92.20 1 0
git.example.com/infra/openbao-sdk-go/internal/jsondoc/json.go:93.38,94.18 1 0
git.example.com/infra/openbao-sdk-go/internal/jsondoc/json.go:95.10,96.25 1 0
git.example.com/infra/openbao-sdk-go/internal/jsondoc/json.go:99.49,101.14 2 0
git.example.com/infra/openbao-sdk-go/internal/jsondoc/json.go:101.14,103.3 1 0
git.example.com/infra/openbao-sdk-go/internal/jsondoc/json.go:104.2,104.32 1 0
git.example.com/infra/openbao-sdk-go/internal/pkiutil/parse.go:19.70,20.50 1 0
git.example.com/infra/openbao-sdk-go/internal/pkiutil/parse.go:20.50,22.3 1 0
git.example.com/infra/openbao-sdk-go/internal/pkiutil/parse.go:23.2,26.20 4 0
git.example.com/infra/openbao-sdk-go/internal/pkiutil/parse.go:26.20,27.88 1 0
git.example.com/infra/openbao-sdk-go/internal/pkiutil/parse.go:27.88,29.4 1 0
git.example.com/infra/openbao-sdk-go/internal/pkiutil/parse.go:30.3,31.65 2 0
git.example.com/infra/openbao-sdk-go/internal/pkiutil/parse.go:31.65,33.4 1 0
git.example.com/infra/openbao-sdk-go/internal/pkiutil/parse.go:34.3,35.104 2 0
git.example.com/infra/openbao-sdk-go/internal/pkiutil/parse.go:35.104,37.4 1 0
git.example.com/infra/openbao-sdk-go/internal/pkiutil/parse.go:38.3,40.31 3 0
git.example.com/infra/openbao-sdk-go/internal/pkiutil/parse.go:42.2,42.21 1 0
git.example.com/infra/openbao-sdk-go/internal/pkiutil/parse.go:42.21,44.3 1 0
git.example.com/infra/openbao-sdk-go/internal/pkiutil/parse.go:45.2,45.27 1 0
git.example.com/infra/openbao-sdk-go/internal/pkiutil/parse.go:47.56,48.50 1 0
git.example.com/infra/openbao-sdk-go/internal/pkiutil/parse.go:48.50,50.3 1 0
git.example.com/infra/openbao-sdk-go/internal/pkiutil/parse.go:51.2,52.152 2 0
git.example.com/infra/openbao-sdk-go/internal/pkiutil/parse.go:52.152,54.3 1 0
git.example.com/infra/openbao-sdk-go/internal/pkiutil/parse.go:55.2,56.146 2 0
git.example.com/infra/openbao-sdk-go/internal/pkiutil/parse.go:56.146,58.3 1 0
git.example.com/infra/openbao-sdk-go/internal/pkiutil/parse.go:59.2,60.45 2 0
git.example.com/infra/openbao-sdk-go/internal/pkiutil/parse.go:60.45,62.3 1 0
git.example.com/infra/openbao-sdk-go/internal/pkiutil/parse.go:63.2,63.17 1 0
git.example.com/infra/openbao-sdk-go/internal/pkiutil/parse.go:65.52,66.50 1 0
git.example.com/infra/openbao-sdk-go/internal/pkiutil/parse.go:66.50,68.3 1 0
git.example.com/infra/openbao-sdk-go/internal/pkiutil/parse.go:69.2,70.67 2 0
git.example.com/infra/openbao-sdk-go/internal/pkiutil/parse.go:70.67,72.3 1 0
git.example.com/infra/openbao-sdk-go/internal/pkiutil/parse.go:73.2,74.97 2 0
git.example.com/infra/openbao-sdk-go/internal/pkiutil/parse.go:74.97,76.3 1 0
git.example.com/infra/openbao-sdk-go/internal/pkiutil/parse.go:77.2,79.14 3 0
git.example.com/infra/openbao-sdk-go/internal/pkiutil/parse.go:79.14,81.3 1 0
git.example.com/infra/openbao-sdk-go/internal/pkiutil/parse.go:82.2,83.9 2 0
git.example.com/infra/openbao-sdk-go/internal/pkiutil/parse.go:83.9,85.3 1 0
git.example.com/infra/openbao-sdk-go/internal/pkiutil/parse.go:86.2,86.15 1 0
git.example.com/infra/openbao-sdk-go/internal/pkiutil/parse.go:88.32,90.14 2 0
git.example.com/infra/openbao-sdk-go/internal/pkiutil/parse.go:90.14,92.3 1 0
git.example.com/infra/openbao-sdk-go/internal/pkiutil/parse.go:93.2,94.38 2 0
git.example.com/infra/openbao-sdk-go/internal/pkiutil/parse.go:96.32,97.31 1 0
git.example.com/infra/openbao-sdk-go/internal/pkiutil/parse.go:97.31,99.3 1 0
git.example.com/infra/openbao-sdk-go/internal/pkiutil/parse.go:100.2,102.35 3 0
git.example.com/infra/openbao-sdk-go/internal/pkiutil/parse.go:102.35,104.3 1 0
git.example.com/infra/openbao-sdk-go/internal/pkiutil/parse.go:105.2,105.33 1 0
git.example.com/infra/openbao-sdk-go/internal/pkiutil/parse.go:107.48,108.62 1 0
git.example.com/infra/openbao-sdk-go/internal/pkiutil/parse.go:108.62,110.3 1 0
git.example.com/infra/openbao-sdk-go/internal/pkiutil/parse.go:111.2,112.30 2 0
git.example.com/infra/openbao-sdk-go/internal/pkiutil/parse.go:112.30,114.3 1 0
git.example.com/infra/openbao-sdk-go/internal/pkiutil/parse.go:115.2,115.30 1 0
git.example.com/infra/openbao-sdk-go/internal/pkiutil/parse.go:115.30,116.22 1 0
git.example.com/infra/openbao-sdk-go/internal/pkiutil/parse.go:116.22,118.4 1 0
git.example.com/infra/openbao-sdk-go/internal/pkiutil/parse.go:119.3,119.18 1 0
git.example.com/infra/openbao-sdk-go/internal/pkiutil/parse.go:121.2,122.21 2 0
git.example.com/infra/openbao-sdk-go/internal/pkiutil/parse.go:122.21,124.27 2 0
git.example.com/infra/openbao-sdk-go/internal/pkiutil/parse.go:124.27,125.19 1 0
git.example.com/infra/openbao-sdk-go/internal/pkiutil/parse.go:125.19,127.5 1 0
git.example.com/infra/openbao-sdk-go/internal/pkiutil/parse.go:129.3,129.32 1 0
git.example.com/infra/openbao-sdk-go/internal/pkiutil/parse.go:131.2,131.21 1 0
git.example.com/infra/openbao-sdk-go/internal/pkiutil/parse.go:131.21,133.3 1 0
git.example.com/infra/openbao-sdk-go/internal/pkiutil/parse.go:134.2,134.19 1 0
git.example.com/infra/openbao-sdk-go/internal/pkiutil/parse.go:134.19,136.3 1 0
git.example.com/infra/openbao-sdk-go/internal/pkiutil/parse.go:137.2,138.14 2 0
git.example.com/infra/openbao-sdk-go/internal/pkiutil/parse.go:138.14,140.3 1 0
git.example.com/infra/openbao-sdk-go/internal/pkiutil/parse.go:141.2,142.19 2 0
git.example.com/infra/openbao-sdk-go/internal/pkiutil/parse.go:142.19,144.3 1 0
git.example.com/infra/openbao-sdk-go/internal/pkiutil/parse.go:145.2,145.23 1 0
git.example.com/infra/openbao-sdk-go/internal/transitutil/encoding.go:29.53,30.45 1 18
git.example.com/infra/openbao-sdk-go/internal/transitutil/encoding.go:30.45,32.3 1 3
git.example.com/infra/openbao-sdk-go/internal/transitutil/encoding.go:33.2,34.87 2 15
git.example.com/infra/openbao-sdk-go/internal/transitutil/encoding.go:34.87,36.3 1 3
git.example.com/infra/openbao-sdk-go/internal/transitutil/encoding.go:37.2,38.59 2 12
git.example.com/infra/openbao-sdk-go/internal/transitutil/encoding.go:38.59,40.3 1 5
git.example.com/infra/openbao-sdk-go/internal/transitutil/encoding.go:41.2,42.81 2 7
git.example.com/infra/openbao-sdk-go/internal/transitutil/encoding.go:42.81,45.3 2 4
git.example.com/infra/openbao-sdk-go/internal/transitutil/encoding.go:46.2,46.18 1 3
git.example.com/infra/openbao-sdk-go/internal/transitutil/encoding.go:48.56,49.11 1 16
git.example.com/infra/openbao-sdk-go/internal/transitutil/encoding.go:50.57,51.14 1 8
git.example.com/infra/openbao-sdk-go/internal/transitutil/encoding.go:52.30,53.17 1 7
git.example.com/infra/openbao-sdk-go/internal/transitutil/encoding.go:55.2,55.14 1 1
git.example.com/infra/openbao-sdk-go/internal/transitutil/encoding.go:57.65,59.11 2 4
git.example.com/infra/openbao-sdk-go/internal/transitutil/encoding.go:60.35,62.37 2 1
git.example.com/infra/openbao-sdk-go/internal/transitutil/encoding.go:63.28,66.28 3 1
git.example.com/infra/openbao-sdk-go/internal/transitutil/encoding.go:67.30,68.31 1 1
git.example.com/infra/openbao-sdk-go/internal/transitutil/encoding.go:70.2,70.10 1 4
git.example.com/infra/openbao-sdk-go/internal/transitutil/encoding.go:72.55,73.11 1 24
git.example.com/infra/openbao-sdk-go/internal/transitutil/encoding.go:74.35,77.67 3 7
git.example.com/infra/openbao-sdk-go/internal/transitutil/encoding.go:77.67,79.4 1 3
git.example.com/infra/openbao-sdk-go/internal/transitutil/encoding.go:80.3,81.90 2 4
git.example.com/infra/openbao-sdk-go/internal/transitutil/encoding.go:82.28,83.41 1 7
git.example.com/infra/openbao-sdk-go/internal/transitutil/encoding.go:84.30,85.41 1 9
git.example.com/infra/openbao-sdk-go/internal/transitutil/encoding.go:87.2,87.14 1 1
git.example.com/infra/openbao-sdk-go/internal/transitutil/encoding.go:91.74,92.41 1 13
git.example.com/infra/openbao-sdk-go/internal/transitutil/encoding.go:92.41,94.3 1 2
git.example.com/infra/openbao-sdk-go/internal/transitutil/encoding.go:95.2,96.64 2 11
git.example.com/infra/openbao-sdk-go/internal/transitutil/encoding.go:96.64,98.98 2 3
git.example.com/infra/openbao-sdk-go/internal/transitutil/encoding.go:98.98,100.4 1 2
git.example.com/infra/openbao-sdk-go/internal/transitutil/encoding.go:101.3,101.29 1 1
git.example.com/infra/openbao-sdk-go/internal/transitutil/encoding.go:102.8,105.174 3 8
git.example.com/infra/openbao-sdk-go/internal/transitutil/encoding.go:105.174,107.4 1 0
git.example.com/infra/openbao-sdk-go/internal/transitutil/encoding.go:108.3,110.15 3 8
git.example.com/infra/openbao-sdk-go/internal/transitutil/encoding.go:110.15,112.4 1 1
git.example.com/infra/openbao-sdk-go/internal/transitutil/encoding.go:114.2,114.14 1 8
git.example.com/infra/openbao-sdk-go/internal/transitutil/encoding.go:115.20,117.72 2 1
git.example.com/infra/openbao-sdk-go/internal/transitutil/encoding.go:117.72,119.4 1 0
git.example.com/infra/openbao-sdk-go/internal/transitutil/encoding.go:120.42,123.73 3 2
git.example.com/infra/openbao-sdk-go/internal/transitutil/encoding.go:123.73,125.4 1 1
git.example.com/infra/openbao-sdk-go/internal/transitutil/encoding.go:126.17,127.60 1 3
git.example.com/infra/openbao-sdk-go/internal/transitutil/encoding.go:127.60,129.4 1 1
git.example.com/infra/openbao-sdk-go/internal/transitutil/encoding.go:130.10,131.36 1 2
git.example.com/infra/openbao-sdk-go/internal/transitutil/encoding.go:133.2,134.14 2 4
git.example.com/infra/openbao-sdk-go/internal/transitutil/encoding.go:134.14,136.3 1 0
git.example.com/infra/openbao-sdk-go/internal/transitutil/encoding.go:137.2,137.86 1 4
git.example.com/infra/openbao-sdk-go/internal/transitutil/encoding.go:139.54,140.11 1 5
git.example.com/infra/openbao-sdk-go/internal/transitutil/encoding.go:141.35,142.30 1 1
git.example.com/infra/openbao-sdk-go/internal/transitutil/encoding.go:143.28,144.72 1 2
git.example.com/infra/openbao-sdk-go/internal/transitutil/encoding.go:145.30,146.27 1 2
git.example.com/infra/openbao-sdk-go/internal/transitutil/encoding.go:148.2,148.14 1 0
git.example.com/infra/openbao-sdk-go/internal/transitutil/encoding.go:150.106,151.60 1 14
git.example.com/infra/openbao-sdk-go/internal/transitutil/encoding.go:151.60,153.3 1 2
git.example.com/infra/openbao-sdk-go/internal/transitutil/encoding.go:154.2,154.33 1 12
git.example.com/infra/openbao-sdk-go/internal/transitutil/encoding.go:154.33,157.3 2 4
git.example.com/infra/openbao-sdk-go/internal/transitutil/encoding.go:158.2,159.16 2 8
git.example.com/infra/openbao-sdk-go/internal/transitutil/encoding.go:159.16,162.3 2 4
git.example.com/infra/openbao-sdk-go/internal/transitutil/encoding.go:162.8,162.25 1 4
git.example.com/infra/openbao-sdk-go/internal/transitutil/encoding.go:162.25,164.3 1 2
git.example.com/infra/openbao-sdk-go/internal/transitutil/encoding.go:165.2,165.25 1 6
git.example.com/infra/openbao-sdk-go/internal/transitutil/encoding.go:166.24,167.73 1 3
git.example.com/infra/openbao-sdk-go/internal/transitutil/encoding.go:168.22,169.164 1 3
git.example.com/infra/openbao-sdk-go/internal/transitutil/encoding.go:171.2,171.14 1 0
git.example.com/infra/openbao-sdk-go/kv/document.go:18.47,20.14 2 0
git.example.com/infra/openbao-sdk-go/kv/document.go:20.14,22.3 1 0
git.example.com/infra/openbao-sdk-go/kv/document.go:23.2,24.27 2 0
git.example.com/infra/openbao-sdk-go/kv/document.go:26.50,27.43 1 0
git.example.com/infra/openbao-sdk-go/kv/document.go:27.43,29.3 1 0
git.example.com/infra/openbao-sdk-go/kv/document.go:30.2,30.52 1 0
git.example.com/infra/openbao-sdk-go/kv/document.go:32.41,35.19 3 0
git.example.com/infra/openbao-sdk-go/kv/document.go:35.19,37.3 1 0
git.example.com/infra/openbao-sdk-go/kv/document.go:38.2,40.40 3 0
git.example.com/infra/openbao-sdk-go/kv/document.go:40.40,42.3 1 0
git.example.com/infra/openbao-sdk-go/kv/document.go:43.2,43.12 1 0
git.example.com/infra/openbao-sdk-go/kv/document.go:45.39,45.68 1 0
git.example.com/infra/openbao-sdk-go/kv/document.go:46.27,47.14 1 0
git.example.com/infra/openbao-sdk-go/kv/document.go:47.14,49.3 1 0
git.example.com/infra/openbao-sdk-go/kv/document.go:51.54,51.77 1 0
git.example.com/infra/openbao-sdk-go/kv/document.go:52.54,52.77 1 0
git.example.com/infra/openbao-sdk-go/kv/document.go:53.54,53.100 1 0
git.example.com/infra/openbao-sdk-go/kv/document.go:54.54,54.95 1 0
git.example.com/infra/openbao-sdk-go/kv/document.go:55.49,57.2 1 0
git.example.com/infra/openbao-sdk-go/pki/validate.go:11.30,13.2 1 0
git.example.com/infra/openbao-sdk-go/pki/validate.go:16.36,17.40 1 0
git.example.com/infra/openbao-sdk-go/pki/validate.go:17.40,19.3 1 0
git.example.com/infra/openbao-sdk-go/pki/validate.go:20.2,20.12 1 0
git.example.com/infra/openbao-sdk-go/pki/validate.go:25.74,27.170 2 0
git.example.com/infra/openbao-sdk-go/pki/validate.go:27.170,29.3 1 0
git.example.com/infra/openbao-sdk-go/pki/validate.go:30.2,31.14 2 0
git.example.com/infra/openbao-sdk-go/pki/validate.go:31.14,33.3 1 0
git.example.com/infra/openbao-sdk-go/pki/validate.go:34.2,38.71 5 0
git.example.com/infra/openbao-sdk-go/pki/validate.go:38.71,40.3 1 0
git.example.com/infra/openbao-sdk-go/pki/validate.go:41.2,42.45 2 0
git.example.com/infra/openbao-sdk-go/pki/validate.go:42.45,44.15 2 0
git.example.com/infra/openbao-sdk-go/pki/validate.go:44.15,46.4 1 0
git.example.com/infra/openbao-sdk-go/pki/validate.go:47.3,47.24 1 0
git.example.com/infra/openbao-sdk-go/pki/validate.go:47.24,48.15 1 0
git.example.com/infra/openbao-sdk-go/pki/validate.go:48.15,50.5 1 0
git.example.com/infra/openbao-sdk-go/pki/validate.go:51.4,51.20 1 0
git.example.com/infra/openbao-sdk-go/pki/validate.go:54.2,55.30 2 0
git.example.com/infra/openbao-sdk-go/pki/validate.go:55.30,57.3 1 0
git.example.com/infra/openbao-sdk-go/pki/validate.go:58.2,59.46 2 0
git.example.com/infra/openbao-sdk-go/pki/validate.go:59.46,61.3 1 0
git.example.com/infra/openbao-sdk-go/pki/validate.go:62.2,62.25 1 0
git.example.com/infra/openbao-sdk-go/pki/validate.go:62.25,64.3 1 0
git.example.com/infra/openbao-sdk-go/pki/validate.go:65.2,65.32 1 0
git.example.com/infra/openbao-sdk-go/pki/validate.go:65.32,67.15 2 0
git.example.com/infra/openbao-sdk-go/pki/validate.go:67.15,69.4 1 0
git.example.com/infra/openbao-sdk-go/pki/validate.go:70.3,70.24 1 0
git.example.com/infra/openbao-sdk-go/pki/validate.go:70.24,72.4 1 0
git.example.com/infra/openbao-sdk-go/pki/validate.go:74.2,75.18 2 0
git.example.com/infra/openbao-sdk-go/pki/validate.go:75.18,77.3 1 0
git.example.com/infra/openbao-sdk-go/pki/validate.go:78.2,78.113 1 0
git.example.com/infra/openbao-sdk-go/pki/validate.go:78.113,80.3 1 0
git.example.com/infra/openbao-sdk-go/pki/validate.go:81.2,81.193 1 0
git.example.com/infra/openbao-sdk-go/pki/validate.go:81.193,83.3 1 0
git.example.com/infra/openbao-sdk-go/pki/validate.go:84.2,84.43 1 0
git.example.com/infra/openbao-sdk-go/pki/validate.go:84.43,86.62 2 0
git.example.com/infra/openbao-sdk-go/pki/validate.go:86.62,88.4 1 0
git.example.com/infra/openbao-sdk-go/pki/validate.go:90.2,90.77 1 0
git.example.com/infra/openbao-sdk-go/pki/validate.go:90.77,92.3 1 0
git.example.com/infra/openbao-sdk-go/pki/validate.go:93.2,93.42 1 0
git.example.com/infra/openbao-sdk-go/pki/validate.go:93.42,95.40 2 0
git.example.com/infra/openbao-sdk-go/pki/validate.go:95.40,96.39 1 0
git.example.com/infra/openbao-sdk-go/pki/validate.go:96.39,98.5 1 0
git.example.com/infra/openbao-sdk-go/pki/validate.go:100.3,100.13 1 0
git.example.com/infra/openbao-sdk-go/pki/validate.go:100.13,102.4 1 0
git.example.com/infra/openbao-sdk-go/pki/validate.go:104.2,104.42 1 0
git.example.com/infra/openbao-sdk-go/pki/validate.go:104.42,106.36 2 0
git.example.com/infra/openbao-sdk-go/pki/validate.go:106.36,107.31 1 0
git.example.com/infra/openbao-sdk-go/pki/validate.go:107.31,109.5 1 0
git.example.com/infra/openbao-sdk-go/pki/validate.go:111.3,111.13 1 0
git.example.com/infra/openbao-sdk-go/pki/validate.go:111.13,113.4 1 0
git.example.com/infra/openbao-sdk-go/pki/validate.go:115.2,115.44 1 0
git.example.com/infra/openbao-sdk-go/pki/validate.go:115.44,116.156 1 0
git.example.com/infra/openbao-sdk-go/pki/validate.go:116.156,118.4 1 0
git.example.com/infra/openbao-sdk-go/pki/validate.go:120.2,120.12 1 0
git.example.com/infra/openbao-sdk-go/sensitive/bytes.go:22.35,22.102 1 0
git.example.com/infra/openbao-sdk-go/sensitive/bytes.go:23.36,24.19 1 0
git.example.com/infra/openbao-sdk-go/sensitive/bytes.go:24.19,26.3 1 0
git.example.com/infra/openbao-sdk-go/sensitive/bytes.go:27.2,29.45 3 0
git.example.com/infra/openbao-sdk-go/sensitive/bytes.go:31.24,32.31 1 0
git.example.com/infra/openbao-sdk-go/sensitive/bytes.go:32.31,34.3 1 0
git.example.com/infra/openbao-sdk-go/sensitive/bytes.go:35.2,38.20 4 0
git.example.com/infra/openbao-sdk-go/sensitive/bytes.go:40.26,41.19 1 0
git.example.com/infra/openbao-sdk-go/sensitive/bytes.go:41.19,43.3 1 0
git.example.com/infra/openbao-sdk-go/sensitive/bytes.go:44.2,46.26 3 0
git.example.com/infra/openbao-sdk-go/sensitive/bytes.go:48.51,48.74 1 0
git.example.com/infra/openbao-sdk-go/sensitive/bytes.go:49.51,49.74 1 0
git.example.com/infra/openbao-sdk-go/sensitive/bytes.go:50.51,50.97 1 0
git.example.com/infra/openbao-sdk-go/sensitive/bytes.go:51.51,51.92 1 0
git.example.com/infra/openbao-sdk-go/sensitive/bytes.go:52.46,54.2 1 0
git.example.com/infra/openbao-sdk-go/auth/providers.go:27.41,29.2 1 11
git.example.com/infra/openbao-sdk-go/auth/providers.go:30.48,31.16 1 24
git.example.com/infra/openbao-sdk-go/auth/providers.go:31.16,33.3 1 0
git.example.com/infra/openbao-sdk-go/auth/providers.go:34.2,34.35 1 24
git.example.com/infra/openbao-sdk-go/auth/providers.go:34.35,36.3 1 1
git.example.com/infra/openbao-sdk-go/auth/providers.go:37.2,37.43 1 23
git.example.com/infra/openbao-sdk-go/auth/providers.go:37.43,39.3 1 0
git.example.com/infra/openbao-sdk-go/auth/providers.go:40.2,40.12 1 23
git.example.com/infra/openbao-sdk-go/auth/providers.go:42.37,43.48 1 11
git.example.com/infra/openbao-sdk-go/auth/providers.go:43.48,45.3 1 2
git.example.com/infra/openbao-sdk-go/auth/providers.go:46.2,46.22 1 9
git.example.com/infra/openbao-sdk-go/auth/providers.go:46.22,47.24 1 113
git.example.com/infra/openbao-sdk-go/auth/providers.go:47.24,49.4 1 3
git.example.com/infra/openbao-sdk-go/auth/providers.go:51.2,51.13 1 6
git.example.com/infra/openbao-sdk-go/auth/providers.go:53.47,54.31 1 6
git.example.com/infra/openbao-sdk-go/auth/providers.go:54.31,54.89 1 1
git.example.com/infra/openbao-sdk-go/auth/providers.go:55.2,55.30 1 6
git.example.com/infra/openbao-sdk-go/auth/providers.go:55.30,57.3 1 0
git.example.com/infra/openbao-sdk-go/auth/providers.go:58.2,60.44 3 6
git.example.com/infra/openbao-sdk-go/auth/providers.go:69.67,72.27 3 2
git.example.com/infra/openbao-sdk-go/auth/providers.go:72.27,74.3 1 1
git.example.com/infra/openbao-sdk-go/auth/providers.go:75.2,76.16 2 1
git.example.com/infra/openbao-sdk-go/auth/providers.go:76.16,78.3 1 0
git.example.com/infra/openbao-sdk-go/auth/providers.go:79.2,79.73 1 1
git.example.com/infra/openbao-sdk-go/auth/providers.go:81.76,82.44 1 3
git.example.com/infra/openbao-sdk-go/auth/providers.go:82.44,84.3 1 1
git.example.com/infra/openbao-sdk-go/auth/providers.go:85.2,87.85 3 2
git.example.com/infra/openbao-sdk-go/auth/providers.go:96.38,98.2 1 5
git.example.com/infra/openbao-sdk-go/auth/providers.go:102.55,103.26 1 3
git.example.com/infra/openbao-sdk-go/auth/providers.go:103.26,105.3 1 1
git.example.com/infra/openbao-sdk-go/auth/providers.go:106.2,106.36 1 2
git.example.com/infra/openbao-sdk-go/auth/providers.go:108.78,109.83 1 2
git.example.com/infra/openbao-sdk-go/auth/providers.go:109.83,111.3 1 1
git.example.com/infra/openbao-sdk-go/auth/providers.go:112.2,112.49 1 1
git.example.com/infra/openbao-sdk-go/auth/providers.go:114.88,115.44 1 12
git.example.com/infra/openbao-sdk-go/auth/providers.go:115.44,117.3 1 0
git.example.com/infra/openbao-sdk-go/auth/providers.go:120.2,121.42 2 12
git.example.com/infra/openbao-sdk-go/auth/providers.go:121.42,123.3 1 2
git.example.com/infra/openbao-sdk-go/auth/providers.go:124.2,125.16 2 10
git.example.com/infra/openbao-sdk-go/auth/providers.go:125.16,127.3 1 0
git.example.com/infra/openbao-sdk-go/auth/providers.go:128.2,130.76 3 10
git.example.com/infra/openbao-sdk-go/auth/providers.go:130.76,132.3 1 1
git.example.com/infra/openbao-sdk-go/auth/providers.go:133.2,135.49 3 9
git.example.com/infra/openbao-sdk-go/auth/providers.go:135.49,137.3 1 0
git.example.com/infra/openbao-sdk-go/auth/providers.go:138.2,138.43 1 9
git.example.com/infra/openbao-sdk-go/auth/providers.go:138.43,140.3 1 0
git.example.com/infra/openbao-sdk-go/auth/providers.go:141.2,142.29 2 9
git.example.com/infra/openbao-sdk-go/auth/providers.go:142.29,144.3 1 4
git.example.com/infra/openbao-sdk-go/auth/providers.go:145.2,146.16 2 5
git.example.com/infra/openbao-sdk-go/auth/providers.go:146.16,148.3 1 0
git.example.com/infra/openbao-sdk-go/auth/providers.go:149.2,149.42 1 5
git.example.com/infra/openbao-sdk-go/auth/providers.go:151.74,153.16 2 10
git.example.com/infra/openbao-sdk-go/auth/providers.go:153.16,155.3 1 7
git.example.com/infra/openbao-sdk-go/auth/providers.go:156.2,156.52 1 3
git.example.com/infra/openbao-sdk-go/auth/providers.go:158.79,160.16 2 2
git.example.com/infra/openbao-sdk-go/auth/providers.go:160.16,162.3 1 0
git.example.com/infra/openbao-sdk-go/auth/providers.go:163.2,163.70 1 2
git.example.com/infra/openbao-sdk-go/baoerr/error.go:49.32,50.14 1 4
git.example.com/infra/openbao-sdk-go/baoerr/error.go:50.14,52.3 1 0
git.example.com/infra/openbao-sdk-go/baoerr/error.go:53.2,53.43 1 4
git.example.com/infra/openbao-sdk-go/baoerr/error.go:55.32,56.14 1 0
git.example.com/infra/openbao-sdk-go/baoerr/error.go:56.14,58.3 1 0
git.example.com/infra/openbao-sdk-go/baoerr/error.go:59.2,59.16 1 0
git.example.com/infra/openbao-sdk-go/baoerr/error.go:60.20,61.26 1 0
git.example.com/infra/openbao-sdk-go/baoerr/error.go:62.28,63.34 1 0
git.example.com/infra/openbao-sdk-go/baoerr/error.go:65.2,65.12 1 0
git.example.com/infra/openbao-sdk-go/baoerr/error.go:67.42,70.2 2 0
git.example.com/infra/openbao-sdk-go/baoerr/error.go:71.40,74.2 2 0
git.example.com/infra/openbao-sdk-go/baoerr/error.go:75.45,75.65 1 0
git.example.com/infra/openbao-sdk-go/baoerr/error.go:76.45,76.65 1 0
git.example.com/infra/openbao-sdk-go/baoerr/error.go:77.45,77.84 1 0
git.example.com/infra/openbao-sdk-go/baoerr/error.go:78.45,78.83 1 0
git.example.com/infra/openbao-sdk-go/baoerr/error.go:79.47,80.14 1 0
git.example.com/infra/openbao-sdk-go/baoerr/error.go:80.14,82.3 1 0
git.example.com/infra/openbao-sdk-go/baoerr/error.go:83.2,89.81 1 0
git.example.com/infra/openbao-sdk-go/baoerr/error.go:91.32,92.11 1 4
git.example.com/infra/openbao-sdk-go/baoerr/error.go:93.281,94.11 1 4
git.example.com/infra/openbao-sdk-go/baoerr/error.go:96.2,96.20 1 0
git.example.com/infra/openbao-sdk-go/baoerr/error.go:98.34,99.11 1 0
git.example.com/infra/openbao-sdk-go/baoerr/error.go:100.50,101.11 1 0
git.example.com/infra/openbao-sdk-go/baoerr/error.go:103.2,103.22 1 0
git.example.com/infra/openbao-sdk-go/internal/authn/approle.go:16.55,20.26 4 0
git.example.com/infra/openbao-sdk-go/internal/authn/approle.go:20.26,22.3 1 0
git.example.com/infra/openbao-sdk-go/internal/authn/approle.go:23.2,24.16 2 0
git.example.com/infra/openbao-sdk-go/internal/authn/approle.go:24.16,26.3 1 0
git.example.com/infra/openbao-sdk-go/internal/authn/approle.go:27.2,31.184 5 0
git.example.com/infra/openbao-sdk-go/internal/authn/approle.go:31.184,33.3 1 0
git.example.com/infra/openbao-sdk-go/internal/authn/approle.go:34.2,34.40 1 0
git.example.com/infra/openbao-sdk-go/internal/authn/approle.go:34.40,36.3 1 0
git.example.com/infra/openbao-sdk-go/internal/authn/approle.go:37.2,37.40 1 0
git.example.com/infra/openbao-sdk-go/internal/authn/approle.go:37.40,40.12 3 0
git.example.com/infra/openbao-sdk-go/internal/authn/approle.go:40.12,42.4 1 0
git.example.com/infra/openbao-sdk-go/internal/authn/approle.go:43.3,44.11 2 0
git.example.com/infra/openbao-sdk-go/internal/authn/approle.go:44.11,46.4 1 0
git.example.com/infra/openbao-sdk-go/internal/authn/approle.go:48.2,49.16 2 0
git.example.com/infra/openbao-sdk-go/internal/authn/approle.go:49.16,51.3 1 0
git.example.com/infra/openbao-sdk-go/internal/authn/approle.go:52.2,54.17 3 0
git.example.com/infra/openbao-sdk-go/internal/authn/approle.go:54.17,56.3 1 0
git.example.com/infra/openbao-sdk-go/internal/authn/approle.go:57.2,57.16 1 0
git.example.com/infra/openbao-sdk-go/internal/authn/approle.go:57.16,59.3 1 0
git.example.com/infra/openbao-sdk-go/internal/authn/approle.go:60.2,60.57 1 0
git.example.com/infra/openbao-sdk-go/internal/authn/approle.go:62.81,66.189 4 0
git.example.com/infra/openbao-sdk-go/internal/authn/approle.go:66.189,66.218 1 0
git.example.com/infra/openbao-sdk-go/internal/authn/approle.go:67.2,67.17 1 0
git.example.com/infra/openbao-sdk-go/internal/authn/approle.go:67.17,69.3 1 0
git.example.com/infra/openbao-sdk-go/internal/authn/approle.go:70.2,70.16 1 0
git.example.com/infra/openbao-sdk-go/internal/authn/approle.go:70.16,72.3 1 0
git.example.com/infra/openbao-sdk-go/internal/authn/approle.go:73.2,73.57 1 0
git.example.com/infra/openbao-sdk-go/internal/authn/approle.go:75.110,77.16 2 0
git.example.com/infra/openbao-sdk-go/internal/authn/approle.go:77.16,79.3 1 0
git.example.com/infra/openbao-sdk-go/internal/authn/approle.go:80.2,81.9 2 0
git.example.com/infra/openbao-sdk-go/internal/authn/approle.go:81.9,83.3 1 0
git.example.com/infra/openbao-sdk-go/internal/authn/approle.go:84.2,85.40 2 0
git.example.com/infra/openbao-sdk-go/internal/authn/approle.go:85.40,87.3 1 0
git.example.com/infra/openbao-sdk-go/internal/authn/approle.go:88.2,89.70 2 0
git.example.com/infra/openbao-sdk-go/internal/authn/approle.go:89.70,91.3 1 0
git.example.com/infra/openbao-sdk-go/internal/authn/approle.go:92.2,93.9 2 0
git.example.com/infra/openbao-sdk-go/internal/authn/approle.go:93.9,95.3 1 0
git.example.com/infra/openbao-sdk-go/internal/authn/approle.go:96.2,96.43 1 0
git.example.com/infra/openbao-sdk-go/internal/authn/approle.go:96.43,98.20 2 0
git.example.com/infra/openbao-sdk-go/internal/authn/approle.go:98.20,100.4 1 0
git.example.com/infra/openbao-sdk-go/internal/authn/approle.go:102.2,105.20 4 0
git.example.com/infra/openbao-sdk-go/internal/authn/approle.go:105.20,107.3 1 0
git.example.com/infra/openbao-sdk-go/internal/authn/approle.go:108.2,111.14 4 0
git.example.com/infra/openbao-sdk-go/internal/authn/approle.go:111.14,114.3 2 0
git.example.com/infra/openbao-sdk-go/internal/authn/approle.go:115.2,115.45 1 0
git.example.com/infra/openbao-sdk-go/internal/authn/approle.go:115.45,118.3 2 0
git.example.com/infra/openbao-sdk-go/internal/authn/approle.go:119.2,129.12 10 0
git.example.com/infra/openbao-sdk-go/internal/authn/clock.go:15.50,15.71 1 0
git.example.com/infra/openbao-sdk-go/internal/authn/clock.go:16.50,16.88 1 0
git.example.com/infra/openbao-sdk-go/internal/authn/clock.go:20.41,20.57 1 0
git.example.com/infra/openbao-sdk-go/internal/authn/clock.go:21.41,21.62 1 0
git.example.com/infra/openbao-sdk-go/internal/authn/manager.go:44.67,45.18 1 0
git.example.com/infra/openbao-sdk-go/internal/authn/manager.go:45.18,47.3 1 0
git.example.com/infra/openbao-sdk-go/internal/authn/manager.go:48.2,48.85 1 0
git.example.com/infra/openbao-sdk-go/internal/authn/manager.go:50.45,51.16 1 0
git.example.com/infra/openbao-sdk-go/internal/authn/manager.go:51.16,53.3 1 0
git.example.com/infra/openbao-sdk-go/internal/authn/manager.go:54.2,54.19 1 0
git.example.com/infra/openbao-sdk-go/internal/authn/manager.go:55.24,56.77 1 0
git.example.com/infra/openbao-sdk-go/internal/authn/manager.go:57.32,58.85 1 0
git.example.com/infra/openbao-sdk-go/internal/authn/manager.go:60.2,60.12 1 0
git.example.com/infra/openbao-sdk-go/internal/authn/manager.go:62.47,63.37 1 0
git.example.com/infra/openbao-sdk-go/internal/authn/manager.go:63.37,65.3 1 0
git.example.com/infra/openbao-sdk-go/internal/authn/manager.go:66.2,66.88 1 0
git.example.com/infra/openbao-sdk-go/internal/authn/manager.go:68.33,69.36 1 0
git.example.com/infra/openbao-sdk-go/internal/authn/manager.go:69.36,71.3 1 0
git.example.com/infra/openbao-sdk-go/internal/authn/manager.go:72.2,72.22 1 0
git.example.com/infra/openbao-sdk-go/internal/authn/manager.go:72.22,73.24 1 0
git.example.com/infra/openbao-sdk-go/internal/authn/manager.go:73.24,75.4 1 0
git.example.com/infra/openbao-sdk-go/internal/authn/manager.go:77.2,77.13 1 0
git.example.com/infra/openbao-sdk-go/internal/authn/manager.go:79.101,80.15 1 0
git.example.com/infra/openbao-sdk-go/internal/authn/manager.go:80.15,81.23 1 0
git.example.com/infra/openbao-sdk-go/internal/authn/manager.go:81.23,83.4 1 0
git.example.com/infra/openbao-sdk-go/internal/authn/manager.go:85.2,85.24 1 0
git.example.com/infra/openbao-sdk-go/internal/authn/manager.go:87.108,88.15 1 0
git.example.com/infra/openbao-sdk-go/internal/authn/manager.go:88.15,89.23 1 0
git.example.com/infra/openbao-sdk-go/internal/authn/manager.go:89.23,91.4 1 0
git.example.com/infra/openbao-sdk-go/internal/authn/manager.go:93.2,93.23 1 0
git.example.com/infra/openbao-sdk-go/internal/authn/manager.go:95.67,96.37 1 0
git.example.com/infra/openbao-sdk-go/internal/authn/manager.go:96.37,98.3 1 0
git.example.com/infra/openbao-sdk-go/internal/authn/manager.go:99.2,100.14 2 0
git.example.com/infra/openbao-sdk-go/internal/authn/manager.go:100.14,103.3 2 0
git.example.com/infra/openbao-sdk-go/internal/authn/manager.go:104.2,105.38 2 0
git.example.com/infra/openbao-sdk-go/internal/authn/manager.go:105.38,107.17 2 0
git.example.com/infra/openbao-sdk-go/internal/authn/manager.go:107.17,111.4 3 0
git.example.com/infra/openbao-sdk-go/internal/authn/manager.go:112.3,114.89 3 0
git.example.com/infra/openbao-sdk-go/internal/authn/manager.go:114.89,118.4 3 0
git.example.com/infra/openbao-sdk-go/internal/authn/manager.go:119.3,119.38 1 0
git.example.com/infra/openbao-sdk-go/internal/authn/manager.go:119.38,121.4 1 0
git.example.com/infra/openbao-sdk-go/internal/authn/manager.go:122.3,123.26 2 0
git.example.com/infra/openbao-sdk-go/internal/authn/manager.go:125.2,127.14 3 0
git.example.com/infra/openbao-sdk-go/internal/authn/manager.go:127.14,129.3 1 0
git.example.com/infra/openbao-sdk-go/internal/authn/manager.go:130.2,130.60 1 0
git.example.com/infra/openbao-sdk-go/internal/authn/manager.go:130.60,132.3 1 0
git.example.com/infra/openbao-sdk-go/internal/authn/manager.go:133.2,135.25 3 0
git.example.com/infra/openbao-sdk-go/internal/authn/manager.go:137.71,143.2 5 0
git.example.com/infra/openbao-sdk-go/internal/authn/manager.go:144.51,148.19 4 0
git.example.com/infra/openbao-sdk-go/internal/authn/manager.go:148.19,150.40 2 0
git.example.com/infra/openbao-sdk-go/internal/authn/manager.go:150.40,152.4 1 0
git.example.com/infra/openbao-sdk-go/internal/authn/manager.go:154.2,154.14 1 0
git.example.com/infra/openbao-sdk-go/internal/authn/manager.go:154.14,157.3 2 0
git.example.com/infra/openbao-sdk-go/internal/authn/manager.go:158.2,159.38 2 0
git.example.com/infra/openbao-sdk-go/internal/authn/manager.go:159.38,162.3 2 0
git.example.com/infra/openbao-sdk-go/internal/authn/manager.go:162.8,164.3 1 0
git.example.com/infra/openbao-sdk-go/internal/authn/manager.go:165.2,165.21 1 0
git.example.com/infra/openbao-sdk-go/internal/authn/manager.go:165.21,168.3 2 0
git.example.com/infra/openbao-sdk-go/internal/authn/manager.go:169.2,169.13 1 0
git.example.com/infra/openbao-sdk-go/internal/authn/manager.go:169.13,170.20 1 0
git.example.com/infra/openbao-sdk-go/internal/authn/manager.go:170.20,172.4 1 0
git.example.com/infra/openbao-sdk-go/internal/authn/manager.go:172.9,174.4 1 0
git.example.com/infra/openbao-sdk-go/internal/authn/manager.go:176.2,176.10 1 0
git.example.com/infra/openbao-sdk-go/internal/authn/manager.go:181.54,182.37 1 0
git.example.com/infra/openbao-sdk-go/internal/authn/manager.go:182.37,184.3 1 0
git.example.com/infra/openbao-sdk-go/internal/authn/manager.go:185.2,185.38 1 0
git.example.com/infra/openbao-sdk-go/internal/authn/manager.go:185.38,188.3 2 0
git.example.com/infra/openbao-sdk-go/internal/authn/manager.go:189.2,190.14 2 0
git.example.com/infra/openbao-sdk-go/internal/authn/manager.go:190.14,193.3 2 0
git.example.com/infra/openbao-sdk-go/internal/authn/manager.go:194.2,194.33 1 0
git.example.com/infra/openbao-sdk-go/internal/authn/manager.go:194.33,196.10 2 0
git.example.com/infra/openbao-sdk-go/internal/authn/manager.go:197.17,198.16 1 0
git.example.com/infra/openbao-sdk-go/internal/authn/manager.go:199.21,200.27 1 0
git.example.com/infra/openbao-sdk-go/internal/authn/manager.go:203.2,204.44 2 0
git.example.com/infra/openbao-sdk-go/internal/authn/manager.go:204.44,208.3 3 0
git.example.com/infra/openbao-sdk-go/internal/authn/manager.go:209.2,217.11 9 0
git.example.com/infra/openbao-sdk-go/internal/authn/manager.go:217.11,219.3 1 0
git.example.com/infra/openbao-sdk-go/internal/authn/manager.go:219.8,221.3 1 0
git.example.com/infra/openbao-sdk-go/internal/authn/manager.go:222.2,223.16 2 0
git.example.com/infra/openbao-sdk-go/internal/authn/manager.go:223.16,227.22 4 0
git.example.com/infra/openbao-sdk-go/internal/authn/manager.go:227.22,229.4 1 0
git.example.com/infra/openbao-sdk-go/internal/authn/manager.go:231.3,233.170 3 0
git.example.com/infra/openbao-sdk-go/internal/authn/manager.go:233.170,235.4 1 0
git.example.com/infra/openbao-sdk-go/internal/authn/manager.go:237.2,241.12 5 0
git.example.com/infra/openbao-sdk-go/internal/authn/manager.go:245.50,246.37 1 0
git.example.com/infra/openbao-sdk-go/internal/authn/manager.go:246.37,248.3 1 0
git.example.com/infra/openbao-sdk-go/internal/authn/manager.go:249.2,249.38 1 0
git.example.com/infra/openbao-sdk-go/internal/authn/manager.go:249.38,251.3 1 0
git.example.com/infra/openbao-sdk-go/internal/authn/manager.go:252.2,252.6 1 0
git.example.com/infra/openbao-sdk-go/internal/authn/manager.go:252.6,254.15 2 0
git.example.com/infra/openbao-sdk-go/internal/authn/manager.go:254.15,257.4 2 0
git.example.com/infra/openbao-sdk-go/internal/authn/manager.go:258.3,258.38 1 0
git.example.com/infra/openbao-sdk-go/internal/authn/manager.go:258.38,259.11 1 0
git.example.com/infra/openbao-sdk-go/internal/authn/manager.go:260.16,263.24 3 0
git.example.com/infra/openbao-sdk-go/internal/authn/manager.go:264.12,265.59 1 0
git.example.com/infra/openbao-sdk-go/internal/authn/manager.go:265.59,268.6 2 0
git.example.com/infra/openbao-sdk-go/internal/authn/manager.go:269.5,270.12 2 0
git.example.com/infra/openbao-sdk-go/internal/authn/manager.go:271.17,272.14 1 0
git.example.com/infra/openbao-sdk-go/internal/authn/manager.go:273.23,274.29 1 0
git.example.com/infra/openbao-sdk-go/internal/authn/manager.go:278.3,278.38 1 0
git.example.com/infra/openbao-sdk-go/internal/authn/manager.go:278.38,281.4 2 0
git.example.com/infra/openbao-sdk-go/internal/authn/manager.go:282.3,288.13 7 0
git.example.com/infra/openbao-sdk-go/internal/authn/manager.go:288.13,288.46 2 0
git.example.com/infra/openbao-sdk-go/internal/authn/manager.go:289.3,289.13 1 0
git.example.com/infra/openbao-sdk-go/internal/authn/manager.go:292.44,293.6 1 0
git.example.com/infra/openbao-sdk-go/internal/authn/manager.go:293.6,300.17 7 0
git.example.com/infra/openbao-sdk-go/internal/authn/manager.go:300.17,302.4 1 0
git.example.com/infra/openbao-sdk-go/internal/authn/manager.go:303.3,303.48 1 0
git.example.com/infra/openbao-sdk-go/internal/authn/manager.go:303.48,305.4 1 0
git.example.com/infra/openbao-sdk-go/internal/authn/manager.go:306.3,307.10 2 0
git.example.com/infra/openbao-sdk-go/internal/authn/manager.go:308.21,310.10 2 0
git.example.com/infra/openbao-sdk-go/internal/authn/manager.go:311.20,312.16 1 0
git.example.com/infra/openbao-sdk-go/internal/authn/manager.go:314.3,314.23 1 0
git.example.com/infra/openbao-sdk-go/internal/authn/manager.go:314.23,316.4 1 0
git.example.com/infra/openbao-sdk-go/internal/authn/manager.go:317.3,317.21 1 0
git.example.com/infra/openbao-sdk-go/internal/authn/manager.go:322.51,323.37 1 0
git.example.com/infra/openbao-sdk-go/internal/authn/manager.go:323.37,325.26 2 0
git.example.com/infra/openbao-sdk-go/internal/authn/manager.go:325.26,327.4 1 0
git.example.com/infra/openbao-sdk-go/internal/authn/manager.go:328.3,329.11 2 0
git.example.com/infra/openbao-sdk-go/internal/authn/manager.go:331.2,334.19 4 0
git.example.com/infra/openbao-sdk-go/internal/authn/manager.go:334.19,336.3 1 0
git.example.com/infra/openbao-sdk-go/internal/authn/manager.go:337.2,337.17 1 0
git.example.com/infra/openbao-sdk-go/internal/authn/manager.go:337.17,339.3 1 0
git.example.com/infra/openbao-sdk-go/internal/authn/manager.go:340.2,340.9 1 0
git.example.com/infra/openbao-sdk-go/internal/authn/manager.go:341.14,342.13 1 0
git.example.com/infra/openbao-sdk-go/internal/authn/manager.go:343.20,344.26 1 0
git.example.com/infra/openbao-sdk-go/internal/authn/manager.go:349.26,354.25 5 0
git.example.com/infra/openbao-sdk-go/internal/authn/manager.go:354.25,356.3 1 0
git.example.com/infra/openbao-sdk-go/internal/engine/client.go:35.56,37.2 1 0
git.example.com/infra/openbao-sdk-go/internal/engine/client.go:38.43,38.78 1 0
git.example.com/infra/openbao-sdk-go/internal/engine/client.go:39.55,40.12 1 0
git.example.com/infra/openbao-sdk-go/internal/engine/client.go:41.28,42.28 1 0
git.example.com/infra/openbao-sdk-go/internal/engine/client.go:43.20,44.28 1 0
git.example.com/infra/openbao-sdk-go/internal/engine/client.go:45.18,46.28 1 0
git.example.com/infra/openbao-sdk-go/internal/engine/client.go:48.2,48.29 1 0
git.example.com/infra/openbao-sdk-go/internal/engine/client.go:50.79,52.26 2 0
git.example.com/infra/openbao-sdk-go/internal/engine/client.go:52.26,54.3 1 0
git.example.com/infra/openbao-sdk-go/internal/engine/client.go:55.2,56.17 2 0
git.example.com/infra/openbao-sdk-go/internal/engine/client.go:56.17,58.3 1 0
git.example.com/infra/openbao-sdk-go/internal/engine/client.go:59.2,59.27 1 0
git.example.com/infra/openbao-sdk-go/internal/engine/client.go:59.27,61.3 1 0
git.example.com/infra/openbao-sdk-go/internal/engine/client.go:62.2,62.77 1 0
git.example.com/infra/openbao-sdk-go/internal/engine/client.go:62.77,64.3 1 0
git.example.com/infra/openbao-sdk-go/internal/engine/client.go:65.2,65.24 1 0
git.example.com/infra/openbao-sdk-go/internal/engine/client.go:65.24,66.54 1 0
git.example.com/infra/openbao-sdk-go/internal/engine/client.go:66.54,68.4 1 0
git.example.com/infra/openbao-sdk-go/internal/engine/client.go:70.2,72.22 3 0
git.example.com/infra/openbao-sdk-go/internal/engine/client.go:72.22,74.3 1 0
git.example.com/infra/openbao-sdk-go/internal/engine/client.go:75.2,75.51 1 0
git.example.com/infra/openbao-sdk-go/internal/engine/client.go:75.51,76.10 1 0
git.example.com/infra/openbao-sdk-go/internal/engine/client.go:77.30,78.17 1 0
git.example.com/infra/openbao-sdk-go/internal/engine/client.go:78.17,78.30 1 0
git.example.com/infra/openbao-sdk-go/internal/engine/client.go:79.21,80.68 1 0
git.example.com/infra/openbao-sdk-go/internal/engine/client.go:83.2,84.24 2 0
git.example.com/infra/openbao-sdk-go/internal/engine/client.go:84.24,86.3 1 0
git.example.com/infra/openbao-sdk-go/internal/engine/client.go:87.2,87.33 1 0
git.example.com/infra/openbao-sdk-go/internal/engine/client.go:87.33,88.23 1 0
git.example.com/infra/openbao-sdk-go/internal/engine/client.go:88.23,90.4 1 0
git.example.com/infra/openbao-sdk-go/internal/engine/client.go:91.3,92.26 2 0
git.example.com/infra/openbao-sdk-go/internal/engine/client.go:92.26,95.18 3 0
git.example.com/infra/openbao-sdk-go/internal/engine/client.go:95.18,96.25 1 0
git.example.com/infra/openbao-sdk-go/internal/engine/client.go:96.25,98.6 1 0
git.example.com/infra/openbao-sdk-go/internal/engine/client.go:99.5,100.41 2 0
git.example.com/infra/openbao-sdk-go/internal/engine/client.go:100.41,102.6 1 0
git.example.com/infra/openbao-sdk-go/internal/engine/client.go:103.5,103.96 1 0
git.example.com/infra/openbao-sdk-go/internal/engine/client.go:105.4,105.26 1 0
git.example.com/infra/openbao-sdk-go/internal/engine/client.go:105.26,107.5 1 0
git.example.com/infra/openbao-sdk-go/internal/engine/client.go:108.9,108.59 1 0
git.example.com/infra/openbao-sdk-go/internal/engine/client.go:108.59,110.4 1 0
git.example.com/infra/openbao-sdk-go/internal/engine/client.go:111.3,111.23 1 0
git.example.com/infra/openbao-sdk-go/internal/engine/client.go:111.23,113.4 1 0
git.example.com/infra/openbao-sdk-go/internal/engine/client.go:114.3,115.15 2 0
git.example.com/infra/openbao-sdk-go/internal/engine/client.go:115.15,117.4 1 0
git.example.com/infra/openbao-sdk-go/internal/engine/client.go:118.3,121.17 4 0
git.example.com/infra/openbao-sdk-go/internal/engine/client.go:121.17,123.41 2 0
git.example.com/infra/openbao-sdk-go/internal/engine/client.go:123.41,126.5 2 0
git.example.com/infra/openbao-sdk-go/internal/engine/client.go:127.9,128.29 1 0
git.example.com/infra/openbao-sdk-go/internal/engine/client.go:128.29,129.21 1 0
git.example.com/infra/openbao-sdk-go/internal/engine/client.go:130.39,131.19 1 0
git.example.com/infra/openbao-sdk-go/internal/engine/client.go:134.4,134.20 1 0
git.example.com/infra/openbao-sdk-go/internal/engine/client.go:135.13,136.36 1 0
git.example.com/infra/openbao-sdk-go/internal/engine/client.go:136.36,138.6 1 0
git.example.com/infra/openbao-sdk-go/internal/engine/client.go:139.5,139.34 1 0
git.example.com/infra/openbao-sdk-go/internal/engine/client.go:139.34,140.56 1 0
git.example.com/infra/openbao-sdk-go/internal/engine/client.go:140.56,142.7 1 0
git.example.com/infra/openbao-sdk-go/internal/engine/client.go:144.5,144.18 1 0
git.example.com/infra/openbao-sdk-go/internal/engine/client.go:145.13,146.15 1 0
git.example.com/infra/openbao-sdk-go/internal/engine/client.go:146.15,148.6 1 0
git.example.com/infra/openbao-sdk-go/internal/engine/client.go:149.5,149.46 1 0
git.example.com/infra/openbao-sdk-go/internal/engine/client.go:150.12,151.50 1 0
git.example.com/infra/openbao-sdk-go/internal/engine/client.go:154.3,154.30 1 0
git.example.com/infra/openbao-sdk-go/internal/engine/client.go:154.30,156.4 1 0
git.example.com/infra/openbao-sdk-go/internal/engine/client.go:157.3,158.13 2 0
git.example.com/infra/openbao-sdk-go/internal/engine/client.go:158.13,160.4 1 0
git.example.com/infra/openbao-sdk-go/internal/engine/client.go:161.3,162.30 2 0
git.example.com/infra/openbao-sdk-go/internal/engine/client.go:162.30,164.4 1 0
git.example.com/infra/openbao-sdk-go/internal/engine/client.go:166.2,166.89 1 0
git.example.com/infra/openbao-sdk-go/internal/engine/client.go:168.32,169.36 1 0
git.example.com/infra/openbao-sdk-go/internal/engine/client.go:169.36,171.3 1 0
git.example.com/infra/openbao-sdk-go/internal/engine/client.go:172.2,172.19 1 0
git.example.com/infra/openbao-sdk-go/internal/engine/client.go:172.19,173.33 1 0
git.example.com/infra/openbao-sdk-go/internal/engine/client.go:173.33,175.4 1 0
git.example.com/infra/openbao-sdk-go/internal/engine/client.go:177.2,177.13 1 0
git.example.com/infra/openbao-sdk-go/internal/engine/client.go:182.35,183.19 1 0
git.example.com/infra/openbao-sdk-go/internal/engine/client.go:183.19,185.3 1 0
git.example.com/infra/openbao-sdk-go/internal/engine/client.go:186.2,187.16 2 0
git.example.com/infra/openbao-sdk-go/internal/engine/client.go:187.16,189.3 1 0
git.example.com/infra/openbao-sdk-go/internal/engine/client.go:190.2,191.25 2 0
git.example.com/infra/openbao-sdk-go/internal/engine/client.go:191.25,193.3 1 0
git.example.com/infra/openbao-sdk-go/internal/engine/client.go:194.2,194.30 1 0
git.example.com/infra/openbao-sdk-go/internal/engine/client.go:194.30,195.46 1 0
git.example.com/infra/openbao-sdk-go/internal/engine/client.go:195.46,196.16 1 0
git.example.com/infra/openbao-sdk-go/internal/engine/client.go:196.16,198.5 1 0
git.example.com/infra/openbao-sdk-go/internal/engine/client.go:199.9,199.85 1 0
git.example.com/infra/openbao-sdk-go/internal/engine/client.go:199.85,201.4 1 0
git.example.com/infra/openbao-sdk-go/internal/engine/client.go:203.2,203.10 1 0
git.example.com/infra/openbao-sdk-go/internal/engine/client.go:208.70,209.14 1 0
git.example.com/infra/openbao-sdk-go/internal/engine/client.go:209.14,211.3 1 0
git.example.com/infra/openbao-sdk-go/internal/engine/client.go:212.2,213.14 2 0
git.example.com/infra/openbao-sdk-go/internal/engine/client.go:213.14,215.3 1 0
git.example.com/infra/openbao-sdk-go/internal/engine/client.go:216.2,216.30 1 0
git.example.com/infra/openbao-sdk-go/internal/engine/client.go:216.30,218.24 2 0
git.example.com/infra/openbao-sdk-go/internal/engine/client.go:218.24,220.4 1 0
git.example.com/infra/openbao-sdk-go/internal/engine/client.go:222.2,222.15 1 0
git.example.com/infra/openbao-sdk-go/internal/engine/client.go:224.62,226.14 2 0
git.example.com/infra/openbao-sdk-go/internal/engine/client.go:226.14,228.3 1 0
git.example.com/infra/openbao-sdk-go/internal/engine/client.go:229.2,230.9 2 0
git.example.com/infra/openbao-sdk-go/internal/engine/client.go:230.9,232.3 1 0
git.example.com/infra/openbao-sdk-go/internal/engine/client.go:233.2,233.15 1 0
git.example.com/infra/openbao-sdk-go/internal/engine/client.go:235.29,237.9 2 0
git.example.com/infra/openbao-sdk-go/internal/engine/client.go:237.9,239.3 1 0
git.example.com/infra/openbao-sdk-go/internal/engine/client.go:240.2,241.36 2 0
git.example.com/infra/openbao-sdk-go/internal/engine/client.go:241.36,243.3 1 0
git.example.com/infra/openbao-sdk-go/internal/engine/client.go:244.2,244.21 1 0
git.example.com/infra/openbao-sdk-go/internal/engine/errors.go:19.43,19.72 1 0
git.example.com/infra/openbao-sdk-go/internal/engine/errors.go:20.43,20.61 1 0
git.example.com/infra/openbao-sdk-go/internal/engine/errors.go:21.93,23.2 1 0
git.example.com/infra/openbao-sdk-go/internal/engine/errors.go:24.96,26.52 2 0
git.example.com/infra/openbao-sdk-go/internal/engine/errors.go:26.52,28.3 1 0
git.example.com/infra/openbao-sdk-go/internal/engine/errors.go:29.2,29.46 1 0
git.example.com/infra/openbao-sdk-go/internal/engine/errors.go:31.35,38.2 6 0
git.example.com/infra/openbao-sdk-go/internal/engine/errors.go:39.81,42.25 3 0
git.example.com/infra/openbao-sdk-go/internal/engine/errors.go:42.25,44.3 1 0
git.example.com/infra/openbao-sdk-go/internal/engine/errors.go:45.2,46.32 2 0
git.example.com/infra/openbao-sdk-go/internal/engine/errors.go:46.32,48.3 1 0
git.example.com/infra/openbao-sdk-go/internal/engine/errors.go:49.2,51.9 3 0
git.example.com/infra/openbao-sdk-go/internal/engine/errors.go:52.40,54.16 2 0
git.example.com/infra/openbao-sdk-go/internal/engine/errors.go:55.48,57.16 2 0
git.example.com/infra/openbao-sdk-go/internal/engine/errors.go:58.43,60.16 2 0
git.example.com/infra/openbao-sdk-go/internal/engine/errors.go:61.42,63.16 2 0
git.example.com/infra/openbao-sdk-go/internal/engine/errors.go:64.25,66.16 2 0
git.example.com/infra/openbao-sdk-go/internal/engine/errors.go:68.2,68.46 1 0
git.example.com/infra/openbao-sdk-go/internal/engine/errors.go:70.75,72.24 2 0
git.example.com/infra/openbao-sdk-go/internal/engine/errors.go:72.24,74.3 1 0
git.example.com/infra/openbao-sdk-go/internal/engine/errors.go:75.2,77.39 3 0
git.example.com/infra/openbao-sdk-go/internal/engine/errors.go:77.39,80.3 2 0
git.example.com/infra/openbao-sdk-go/internal/engine/errors.go:81.2,82.21 2 0
git.example.com/infra/openbao-sdk-go/internal/engine/errors.go:82.21,85.15 3 0
git.example.com/infra/openbao-sdk-go/internal/engine/errors.go:85.15,87.4 1 0
git.example.com/infra/openbao-sdk-go/internal/engine/errors.go:91.2,91.59 1 0
git.example.com/infra/openbao-sdk-go/internal/engine/errors.go:91.59,93.28 2 0
git.example.com/infra/openbao-sdk-go/internal/engine/errors.go:93.28,95.4 1 0
git.example.com/infra/openbao-sdk-go/internal/engine/errors.go:96.3,96.29 1 0
git.example.com/infra/openbao-sdk-go/internal/engine/errors.go:96.29,98.25 2 0
git.example.com/infra/openbao-sdk-go/internal/engine/errors.go:98.25,100.5 1 0
git.example.com/infra/openbao-sdk-go/internal/engine/errors.go:103.2,103.18 1 0
git.example.com/infra/openbao-sdk-go/internal/engine/errors.go:104.11,107.36 3 0
git.example.com/infra/openbao-sdk-go/internal/engine/errors.go:107.36,108.63 1 0
git.example.com/infra/openbao-sdk-go/internal/engine/errors.go:108.63,109.106 1 0
git.example.com/infra/openbao-sdk-go/internal/engine/errors.go:109.106,111.6 1 0
git.example.com/infra/openbao-sdk-go/internal/engine/errors.go:114.11,116.29 2 0
git.example.com/infra/openbao-sdk-go/internal/engine/errors.go:117.11,119.29 2 0
git.example.com/infra/openbao-sdk-go/internal/engine/errors.go:120.11,124.24 2 0
git.example.com/infra/openbao-sdk-go/internal/engine/errors.go:124.24,126.4 1 0
git.example.com/infra/openbao-sdk-go/internal/engine/errors.go:127.3,127.74 1 0
git.example.com/infra/openbao-sdk-go/internal/engine/errors.go:127.74,129.4 1 0
git.example.com/infra/openbao-sdk-go/internal/engine/errors.go:130.31,131.29 1 0
git.example.com/infra/openbao-sdk-go/internal/engine/errors.go:132.10,133.36 1 0
git.example.com/infra/openbao-sdk-go/internal/engine/errors.go:135.2,135.48 1 0
git.example.com/infra/openbao-sdk-go/internal/engine/errors.go:137.48,139.9 2 0
git.example.com/infra/openbao-sdk-go/internal/engine/errors.go:139.9,141.3 1 0
git.example.com/infra/openbao-sdk-go/internal/engine/errors.go:142.2,143.9 2 0
git.example.com/infra/openbao-sdk-go/internal/engine/errors.go:143.9,145.3 1 0
git.example.com/infra/openbao-sdk-go/internal/engine/errors.go:146.2,147.9 2 0
git.example.com/infra/openbao-sdk-go/internal/engine/errors.go:147.9,149.3 1 0
git.example.com/infra/openbao-sdk-go/internal/engine/errors.go:150.2,151.24 2 0
git.example.com/infra/openbao-sdk-go/internal/engine/errors.go:151.24,153.3 1 0
git.example.com/infra/openbao-sdk-go/internal/engine/errors.go:154.2,154.61 1 0
git.example.com/infra/openbao-sdk-go/internal/engine/errors.go:154.61,156.3 1 0
git.example.com/infra/openbao-sdk-go/internal/engine/errors.go:157.2,158.20 2 0
git.example.com/infra/openbao-sdk-go/internal/engine/errors.go:158.20,160.3 1 0
git.example.com/infra/openbao-sdk-go/internal/engine/errors.go:161.2,162.33 2 0
git.example.com/infra/openbao-sdk-go/internal/engine/errors.go:164.94,169.2 4 0
git.example.com/infra/openbao-sdk-go/internal/engine/errors.go:170.55,173.24 3 0
git.example.com/infra/openbao-sdk-go/internal/engine/errors.go:173.24,175.3 1 0
git.example.com/infra/openbao-sdk-go/internal/engine/errors.go:176.2,176.14 1 0
git.example.com/infra/openbao-sdk-go/internal/engine/errors.go:176.14,178.3 1 0
git.example.com/infra/openbao-sdk-go/internal/engine/errors.go:179.2,179.63 1 0
git.example.com/infra/openbao-sdk-go/internal/engine/errors.go:182.44,184.27 2 0
git.example.com/infra/openbao-sdk-go/internal/engine/errors.go:184.27,186.3 1 0
git.example.com/infra/openbao-sdk-go/internal/engine/errors.go:187.2,187.25 1 0
git.example.com/infra/openbao-sdk-go/internal/engine/errors.go:187.25,189.21 2 0
git.example.com/infra/openbao-sdk-go/internal/engine/errors.go:189.21,191.4 1 0
git.example.com/infra/openbao-sdk-go/internal/engine/errors.go:193.2,193.13 1 0
git.example.com/infra/openbao-sdk-go/internal/engine/operations.go:57.46,57.87 2 0
git.example.com/infra/openbao-sdk-go/internal/engine/operations.go:58.46,58.113 1 0
git.example.com/infra/openbao-sdk-go/internal/engine/path.go:10.38,11.60 1 0
git.example.com/infra/openbao-sdk-go/internal/engine/path.go:11.60,13.3 1 0
git.example.com/infra/openbao-sdk-go/internal/engine/path.go:14.2,14.30 1 0
git.example.com/infra/openbao-sdk-go/internal/engine/path.go:14.30,16.114 2 0
git.example.com/infra/openbao-sdk-go/internal/engine/path.go:16.114,18.4 1 0
git.example.com/infra/openbao-sdk-go/internal/engine/path.go:20.2,20.12 1 0
git.example.com/infra/openbao-sdk-go/internal/engine/path.go:22.35,23.13 1 0
git.example.com/infra/openbao-sdk-go/internal/engine/path.go:23.13,25.3 1 0
git.example.com/infra/openbao-sdk-go/internal/engine/path.go:26.2,26.44 1 0
git.example.com/infra/openbao-sdk-go/internal/engine/path.go:26.44,27.34 1 0
git.example.com/infra/openbao-sdk-go/internal/engine/path.go:27.34,29.4 1 0
git.example.com/infra/openbao-sdk-go/internal/engine/path.go:31.2,31.12 1 0
git.example.com/infra/openbao-sdk-go/internal/engine/retry.go:12.100,14.25 2 0
git.example.com/infra/openbao-sdk-go/internal/engine/retry.go:14.25,15.26 1 0
git.example.com/infra/openbao-sdk-go/internal/engine/retry.go:15.26,17.9 2 0
git.example.com/infra/openbao-sdk-go/internal/engine/retry.go:19.3,19.11 1 0
git.example.com/infra/openbao-sdk-go/internal/engine/retry.go:21.2,21.22 1 0
git.example.com/infra/openbao-sdk-go/internal/engine/retry.go:21.22,23.3 1 0
git.example.com/infra/openbao-sdk-go/internal/engine/retry.go:24.2,25.13 2 0
git.example.com/infra/openbao-sdk-go/internal/engine/retry.go:25.13,27.3 1 0
git.example.com/infra/openbao-sdk-go/internal/engine/retry.go:28.2,28.40 1 0
git.example.com/infra/openbao-sdk-go/internal/engine/retry.go:28.40,30.77 2 0
git.example.com/infra/openbao-sdk-go/internal/engine/retry.go:30.77,31.62 1 0
git.example.com/infra/openbao-sdk-go/internal/engine/retry.go:31.62,33.5 1 0
git.example.com/infra/openbao-sdk-go/internal/engine/retry.go:34.4,34.53 1 0
git.example.com/infra/openbao-sdk-go/internal/engine/retry.go:35.9,35.52 1 0
git.example.com/infra/openbao-sdk-go/internal/engine/retry.go:35.52,37.22 2 0
git.example.com/infra/openbao-sdk-go/internal/engine/retry.go:37.22,39.5 1 0
git.example.com/infra/openbao-sdk-go/internal/engine/retry.go:40.9,42.4 1 0
git.example.com/infra/openbao-sdk-go/internal/engine/retry.go:43.3,43.30 1 0
git.example.com/infra/openbao-sdk-go/internal/engine/retry.go:43.30,45.4 1 0
git.example.com/infra/openbao-sdk-go/internal/engine/retry.go:46.3,46.25 1 0
git.example.com/infra/openbao-sdk-go/internal/engine/retry.go:46.25,48.4 1 0
git.example.com/infra/openbao-sdk-go/internal/engine/retry.go:50.2,50.73 1 0
git.example.com/infra/openbao-sdk-go/internal/engine/retry.go:50.73,52.3 1 0
git.example.com/infra/openbao-sdk-go/internal/engine/retry.go:53.2,53.20 1 0
git.example.com/infra/openbao-sdk-go/internal/engine/retry.go:55.55,58.9 3 0
git.example.com/infra/openbao-sdk-go/internal/engine/retry.go:59.20,60.19 1 0
git.example.com/infra/openbao-sdk-go/internal/engine/retry.go:61.17,62.13 1 0
git.example.com/infra/openbao-sdk-go/internal/engine/transport.go:32.68,35.2 2 0
git.example.com/infra/openbao-sdk-go/internal/engine/transport.go:36.56,40.2 3 0
git.example.com/infra/openbao-sdk-go/internal/engine/transport.go:41.50,42.14 1 0
git.example.com/infra/openbao-sdk-go/internal/engine/transport.go:42.14,44.3 1 0
git.example.com/infra/openbao-sdk-go/internal/engine/transport.go:45.2,48.15 4 0
git.example.com/infra/openbao-sdk-go/internal/engine/transport.go:50.31,51.14 1 0
git.example.com/infra/openbao-sdk-go/internal/engine/transport.go:51.14,53.3 1 0
git.example.com/infra/openbao-sdk-go/internal/engine/transport.go:54.2,56.15 3 0
git.example.com/infra/openbao-sdk-go/internal/engine/transport.go:58.39,61.2 2 0
git.example.com/infra/openbao-sdk-go/internal/engine/transport.go:78.58,79.112 1 0
git.example.com/infra/openbao-sdk-go/internal/engine/transport.go:79.112,81.3 1 0
git.example.com/infra/openbao-sdk-go/internal/engine/transport.go:82.2,83.22 2 0
git.example.com/infra/openbao-sdk-go/internal/engine/transport.go:83.22,85.15 2 0
git.example.com/infra/openbao-sdk-go/internal/engine/transport.go:85.15,87.4 1 0
git.example.com/infra/openbao-sdk-go/internal/engine/transport.go:88.3,88.29 1 0
git.example.com/infra/openbao-sdk-go/internal/engine/transport.go:90.2,90.58 1 0
git.example.com/infra/openbao-sdk-go/internal/engine/transport.go:92.44,92.77 1 0
git.example.com/infra/openbao-sdk-go/internal/engine/transport.go:93.74,95.32 2 0
git.example.com/infra/openbao-sdk-go/internal/engine/transport.go:95.32,97.3 1 0
git.example.com/infra/openbao-sdk-go/internal/engine/transport.go:98.2,100.16 3 0
git.example.com/infra/openbao-sdk-go/internal/engine/transport.go:100.16,103.3 2 0
git.example.com/infra/openbao-sdk-go/internal/engine/transport.go:104.2,107.81 4 0
git.example.com/infra/openbao-sdk-go/internal/engine/transport.go:107.81,108.20 1 0
git.example.com/infra/openbao-sdk-go/internal/engine/transport.go:108.20,111.4 2 0
git.example.com/infra/openbao-sdk-go/internal/engine/transport.go:112.3,113.15 2 0
git.example.com/infra/openbao-sdk-go/internal/engine/transport.go:113.15,116.4 2 0
git.example.com/infra/openbao-sdk-go/internal/engine/transport.go:117.3,122.27 6 0
git.example.com/infra/openbao-sdk-go/internal/engine/transport.go:124.2,125.30 2 0
git.example.com/infra/openbao-sdk-go/internal/engine/transport.go:125.30,129.3 3 0
git.example.com/infra/openbao-sdk-go/internal/engine/transport.go:130.2,130.14 1 0
git.example.com/infra/openbao-sdk-go/internal/engine/transport.go:130.14,134.3 3 0
git.example.com/infra/openbao-sdk-go/internal/engine/transport.go:135.2,138.18 4 0
git.example.com/infra/openbao-sdk-go/internal/engine/transport.go:143.47,144.106 1 0
git.example.com/infra/openbao-sdk-go/internal/engine/transport.go:144.106,144.140 1 0
git.example.com/infra/openbao-sdk-go/internal/engine/types.go:22.27,23.14 1 0
git.example.com/infra/openbao-sdk-go/internal/engine/types.go:23.14,26.3 2 0
git.example.com/infra/openbao-sdk-go/internal/jsondoc/json.go:19.54,20.22 1 0
git.example.com/infra/openbao-sdk-go/internal/jsondoc/json.go:20.22,22.3 1 0
git.example.com/infra/openbao-sdk-go/internal/jsondoc/json.go:23.2,26.14 4 0
git.example.com/infra/openbao-sdk-go/internal/jsondoc/json.go:26.14,28.3 1 0
git.example.com/infra/openbao-sdk-go/internal/jsondoc/json.go:29.2,29.35 1 0
git.example.com/infra/openbao-sdk-go/internal/jsondoc/json.go:29.35,31.3 1 0
git.example.com/infra/openbao-sdk-go/internal/jsondoc/json.go:32.2,32.16 1 0
git.example.com/infra/openbao-sdk-go/internal/jsondoc/json.go:32.16,33.39 1 0
git.example.com/infra/openbao-sdk-go/internal/jsondoc/json.go:33.39,35.4 1 0
git.example.com/infra/openbao-sdk-go/internal/jsondoc/json.go:37.2,37.15 1 0
git.example.com/infra/openbao-sdk-go/internal/jsondoc/json.go:39.53,41.14 2 0
git.example.com/infra/openbao-sdk-go/internal/jsondoc/json.go:41.14,43.3 1 0
git.example.com/infra/openbao-sdk-go/internal/jsondoc/json.go:44.2,44.39 1 0
git.example.com/infra/openbao-sdk-go/internal/jsondoc/json.go:44.39,45.24 1 0
git.example.com/infra/openbao-sdk-go/internal/jsondoc/json.go:45.24,47.4 1 0
git.example.com/infra/openbao-sdk-go/internal/jsondoc/json.go:48.3,48.16 1 0
git.example.com/infra/openbao-sdk-go/internal/jsondoc/json.go:49.12,51.17 2 0
git.example.com/infra/openbao-sdk-go/internal/jsondoc/json.go:51.17,53.17 2 0
git.example.com/infra/openbao-sdk-go/internal/jsondoc/json.go:53.17,55.6 1 0
git.example.com/infra/openbao-sdk-go/internal/jsondoc/json.go:56.5,57.12 2 0
git.example.com/infra/openbao-sdk-go/internal/jsondoc/json.go:57.12,59.6 1 0
git.example.com/infra/openbao-sdk-go/internal/jsondoc/json.go:60.5,60.36 1 0
git.example.com/infra/openbao-sdk-go/internal/jsondoc/json.go:60.36,62.6 1 0
git.example.com/infra/openbao-sdk-go/internal/jsondoc/json.go:63.5,64.17 2 0
git.example.com/infra/openbao-sdk-go/internal/jsondoc/json.go:64.17,66.6 1 0
git.example.com/infra/openbao-sdk-go/internal/jsondoc/json.go:67.5,67.15 1 0
git.example.com/infra/openbao-sdk-go/internal/jsondoc/json.go:69.4,70.42 2 0
git.example.com/infra/openbao-sdk-go/internal/jsondoc/json.go:70.42,72.5 1 0
git.example.com/infra/openbao-sdk-go/internal/jsondoc/json.go:73.4,73.17 1 0
git.example.com/infra/openbao-sdk-go/internal/jsondoc/json.go:74.12,76.17 2 0
git.example.com/infra/openbao-sdk-go/internal/jsondoc/json.go:76.17,78.17 2 0
git.example.com/infra/openbao-sdk-go/internal/jsondoc/json.go:78.17,80.6 1 0
git.example.com/infra/openbao-sdk-go/internal/jsondoc/json.go:81.5,81.21 1 0
git.example.com/infra/openbao-sdk-go/internal/jsondoc/json.go:83.4,84.42 2 0
git.example.com/infra/openbao-sdk-go/internal/jsondoc/json.go:84.42,86.5 1 0
git.example.com/infra/openbao-sdk-go/internal/jsondoc/json.go:87.4,87.17 1 0
git.example.com/infra/openbao-sdk-go/internal/jsondoc/json.go:88.11,89.26 1 0
git.example.com/infra/openbao-sdk-go/internal/jsondoc/json.go:92.2,92.20 1 0
git.example.com/infra/openbao-sdk-go/internal/jsondoc/json.go:93.38,94.18 1 0
git.example.com/infra/openbao-sdk-go/internal/jsondoc/json.go:95.10,96.25 1 0
git.example.com/infra/openbao-sdk-go/internal/jsondoc/json.go:99.49,101.14 2 0
git.example.com/infra/openbao-sdk-go/internal/jsondoc/json.go:101.14,103.3 1 0
git.example.com/infra/openbao-sdk-go/internal/jsondoc/json.go:104.2,104.32 1 0
git.example.com/infra/openbao-sdk-go/internal/pkiutil/parse.go:19.70,20.50 1 0
git.example.com/infra/openbao-sdk-go/internal/pkiutil/parse.go:20.50,22.3 1 0
git.example.com/infra/openbao-sdk-go/internal/pkiutil/parse.go:23.2,26.20 4 0
git.example.com/infra/openbao-sdk-go/internal/pkiutil/parse.go:26.20,27.88 1 0
git.example.com/infra/openbao-sdk-go/internal/pkiutil/parse.go:27.88,29.4 1 0
git.example.com/infra/openbao-sdk-go/internal/pkiutil/parse.go:30.3,31.65 2 0
git.example.com/infra/openbao-sdk-go/internal/pkiutil/parse.go:31.65,33.4 1 0
git.example.com/infra/openbao-sdk-go/internal/pkiutil/parse.go:34.3,35.104 2 0
git.example.com/infra/openbao-sdk-go/internal/pkiutil/parse.go:35.104,37.4 1 0
git.example.com/infra/openbao-sdk-go/internal/pkiutil/parse.go:38.3,40.31 3 0
git.example.com/infra/openbao-sdk-go/internal/pkiutil/parse.go:42.2,42.21 1 0
git.example.com/infra/openbao-sdk-go/internal/pkiutil/parse.go:42.21,44.3 1 0
git.example.com/infra/openbao-sdk-go/internal/pkiutil/parse.go:45.2,45.27 1 0
git.example.com/infra/openbao-sdk-go/internal/pkiutil/parse.go:47.56,48.50 1 0
git.example.com/infra/openbao-sdk-go/internal/pkiutil/parse.go:48.50,50.3 1 0
git.example.com/infra/openbao-sdk-go/internal/pkiutil/parse.go:51.2,52.152 2 0
git.example.com/infra/openbao-sdk-go/internal/pkiutil/parse.go:52.152,54.3 1 0
git.example.com/infra/openbao-sdk-go/internal/pkiutil/parse.go:55.2,56.146 2 0
git.example.com/infra/openbao-sdk-go/internal/pkiutil/parse.go:56.146,58.3 1 0
git.example.com/infra/openbao-sdk-go/internal/pkiutil/parse.go:59.2,60.45 2 0
git.example.com/infra/openbao-sdk-go/internal/pkiutil/parse.go:60.45,62.3 1 0
git.example.com/infra/openbao-sdk-go/internal/pkiutil/parse.go:63.2,63.17 1 0
git.example.com/infra/openbao-sdk-go/internal/pkiutil/parse.go:65.52,66.50 1 0
git.example.com/infra/openbao-sdk-go/internal/pkiutil/parse.go:66.50,68.3 1 0
git.example.com/infra/openbao-sdk-go/internal/pkiutil/parse.go:69.2,70.67 2 0
git.example.com/infra/openbao-sdk-go/internal/pkiutil/parse.go:70.67,72.3 1 0
git.example.com/infra/openbao-sdk-go/internal/pkiutil/parse.go:73.2,74.97 2 0
git.example.com/infra/openbao-sdk-go/internal/pkiutil/parse.go:74.97,76.3 1 0
git.example.com/infra/openbao-sdk-go/internal/pkiutil/parse.go:77.2,79.14 3 0
git.example.com/infra/openbao-sdk-go/internal/pkiutil/parse.go:79.14,81.3 1 0
git.example.com/infra/openbao-sdk-go/internal/pkiutil/parse.go:82.2,83.9 2 0
git.example.com/infra/openbao-sdk-go/internal/pkiutil/parse.go:83.9,85.3 1 0
git.example.com/infra/openbao-sdk-go/internal/pkiutil/parse.go:86.2,86.15 1 0
git.example.com/infra/openbao-sdk-go/internal/pkiutil/parse.go:88.32,90.14 2 0
git.example.com/infra/openbao-sdk-go/internal/pkiutil/parse.go:90.14,92.3 1 0
git.example.com/infra/openbao-sdk-go/internal/pkiutil/parse.go:93.2,94.38 2 0
git.example.com/infra/openbao-sdk-go/internal/pkiutil/parse.go:96.32,97.31 1 0
git.example.com/infra/openbao-sdk-go/internal/pkiutil/parse.go:97.31,99.3 1 0
git.example.com/infra/openbao-sdk-go/internal/pkiutil/parse.go:100.2,102.35 3 0
git.example.com/infra/openbao-sdk-go/internal/pkiutil/parse.go:102.35,104.3 1 0
git.example.com/infra/openbao-sdk-go/internal/pkiutil/parse.go:105.2,105.33 1 0
git.example.com/infra/openbao-sdk-go/internal/pkiutil/parse.go:107.48,108.62 1 0
git.example.com/infra/openbao-sdk-go/internal/pkiutil/parse.go:108.62,110.3 1 0
git.example.com/infra/openbao-sdk-go/internal/pkiutil/parse.go:111.2,112.30 2 0
git.example.com/infra/openbao-sdk-go/internal/pkiutil/parse.go:112.30,114.3 1 0
git.example.com/infra/openbao-sdk-go/internal/pkiutil/parse.go:115.2,115.30 1 0
git.example.com/infra/openbao-sdk-go/internal/pkiutil/parse.go:115.30,116.22 1 0
git.example.com/infra/openbao-sdk-go/internal/pkiutil/parse.go:116.22,118.4 1 0
git.example.com/infra/openbao-sdk-go/internal/pkiutil/parse.go:119.3,119.18 1 0
git.example.com/infra/openbao-sdk-go/internal/pkiutil/parse.go:121.2,122.21 2 0
git.example.com/infra/openbao-sdk-go/internal/pkiutil/parse.go:122.21,124.27 2 0
git.example.com/infra/openbao-sdk-go/internal/pkiutil/parse.go:124.27,125.19 1 0
git.example.com/infra/openbao-sdk-go/internal/pkiutil/parse.go:125.19,127.5 1 0
git.example.com/infra/openbao-sdk-go/internal/pkiutil/parse.go:129.3,129.32 1 0
git.example.com/infra/openbao-sdk-go/internal/pkiutil/parse.go:131.2,131.21 1 0
git.example.com/infra/openbao-sdk-go/internal/pkiutil/parse.go:131.21,133.3 1 0
git.example.com/infra/openbao-sdk-go/internal/pkiutil/parse.go:134.2,134.19 1 0
git.example.com/infra/openbao-sdk-go/internal/pkiutil/parse.go:134.19,136.3 1 0
git.example.com/infra/openbao-sdk-go/internal/pkiutil/parse.go:137.2,138.14 2 0
git.example.com/infra/openbao-sdk-go/internal/pkiutil/parse.go:138.14,140.3 1 0
git.example.com/infra/openbao-sdk-go/internal/pkiutil/parse.go:141.2,142.19 2 0
git.example.com/infra/openbao-sdk-go/internal/pkiutil/parse.go:142.19,144.3 1 0
git.example.com/infra/openbao-sdk-go/internal/pkiutil/parse.go:145.2,145.23 1 0
git.example.com/infra/openbao-sdk-go/internal/transitutil/encoding.go:29.53,30.45 1 0
git.example.com/infra/openbao-sdk-go/internal/transitutil/encoding.go:30.45,32.3 1 0
git.example.com/infra/openbao-sdk-go/internal/transitutil/encoding.go:33.2,34.87 2 0
git.example.com/infra/openbao-sdk-go/internal/transitutil/encoding.go:34.87,36.3 1 0
git.example.com/infra/openbao-sdk-go/internal/transitutil/encoding.go:37.2,38.59 2 0
git.example.com/infra/openbao-sdk-go/internal/transitutil/encoding.go:38.59,40.3 1 0
git.example.com/infra/openbao-sdk-go/internal/transitutil/encoding.go:41.2,42.81 2 0
git.example.com/infra/openbao-sdk-go/internal/transitutil/encoding.go:42.81,45.3 2 0
git.example.com/infra/openbao-sdk-go/internal/transitutil/encoding.go:46.2,46.18 1 0
git.example.com/infra/openbao-sdk-go/internal/transitutil/encoding.go:48.56,49.11 1 0
git.example.com/infra/openbao-sdk-go/internal/transitutil/encoding.go:50.57,51.14 1 0
git.example.com/infra/openbao-sdk-go/internal/transitutil/encoding.go:52.30,53.17 1 0
git.example.com/infra/openbao-sdk-go/internal/transitutil/encoding.go:55.2,55.14 1 0
git.example.com/infra/openbao-sdk-go/internal/transitutil/encoding.go:57.65,59.11 2 0
git.example.com/infra/openbao-sdk-go/internal/transitutil/encoding.go:60.35,62.37 2 0
git.example.com/infra/openbao-sdk-go/internal/transitutil/encoding.go:63.28,66.28 3 0
git.example.com/infra/openbao-sdk-go/internal/transitutil/encoding.go:67.30,68.31 1 0
git.example.com/infra/openbao-sdk-go/internal/transitutil/encoding.go:70.2,70.10 1 0
git.example.com/infra/openbao-sdk-go/internal/transitutil/encoding.go:72.55,73.11 1 0
git.example.com/infra/openbao-sdk-go/internal/transitutil/encoding.go:74.35,77.67 3 0
git.example.com/infra/openbao-sdk-go/internal/transitutil/encoding.go:77.67,79.4 1 0
git.example.com/infra/openbao-sdk-go/internal/transitutil/encoding.go:80.3,81.90 2 0
git.example.com/infra/openbao-sdk-go/internal/transitutil/encoding.go:82.28,83.41 1 0
git.example.com/infra/openbao-sdk-go/internal/transitutil/encoding.go:84.30,85.41 1 0
git.example.com/infra/openbao-sdk-go/internal/transitutil/encoding.go:87.2,87.14 1 0
git.example.com/infra/openbao-sdk-go/internal/transitutil/encoding.go:91.74,92.41 1 0
git.example.com/infra/openbao-sdk-go/internal/transitutil/encoding.go:92.41,94.3 1 0
git.example.com/infra/openbao-sdk-go/internal/transitutil/encoding.go:95.2,96.64 2 0
git.example.com/infra/openbao-sdk-go/internal/transitutil/encoding.go:96.64,98.98 2 0
git.example.com/infra/openbao-sdk-go/internal/transitutil/encoding.go:98.98,100.4 1 0
git.example.com/infra/openbao-sdk-go/internal/transitutil/encoding.go:101.3,101.29 1 0
git.example.com/infra/openbao-sdk-go/internal/transitutil/encoding.go:102.8,105.174 3 0
git.example.com/infra/openbao-sdk-go/internal/transitutil/encoding.go:105.174,107.4 1 0
git.example.com/infra/openbao-sdk-go/internal/transitutil/encoding.go:108.3,110.15 3 0
git.example.com/infra/openbao-sdk-go/internal/transitutil/encoding.go:110.15,112.4 1 0
git.example.com/infra/openbao-sdk-go/internal/transitutil/encoding.go:114.2,114.14 1 0
git.example.com/infra/openbao-sdk-go/internal/transitutil/encoding.go:115.20,117.72 2 0
git.example.com/infra/openbao-sdk-go/internal/transitutil/encoding.go:117.72,119.4 1 0
git.example.com/infra/openbao-sdk-go/internal/transitutil/encoding.go:120.42,123.73 3 0
git.example.com/infra/openbao-sdk-go/internal/transitutil/encoding.go:123.73,125.4 1 0
git.example.com/infra/openbao-sdk-go/internal/transitutil/encoding.go:126.17,127.60 1 0
git.example.com/infra/openbao-sdk-go/internal/transitutil/encoding.go:127.60,129.4 1 0
git.example.com/infra/openbao-sdk-go/internal/transitutil/encoding.go:130.10,131.36 1 0
git.example.com/infra/openbao-sdk-go/internal/transitutil/encoding.go:133.2,134.14 2 0
git.example.com/infra/openbao-sdk-go/internal/transitutil/encoding.go:134.14,136.3 1 0
git.example.com/infra/openbao-sdk-go/internal/transitutil/encoding.go:137.2,137.86 1 0
git.example.com/infra/openbao-sdk-go/internal/transitutil/encoding.go:139.54,140.11 1 0
git.example.com/infra/openbao-sdk-go/internal/transitutil/encoding.go:141.35,142.30 1 0
git.example.com/infra/openbao-sdk-go/internal/transitutil/encoding.go:143.28,144.72 1 0
git.example.com/infra/openbao-sdk-go/internal/transitutil/encoding.go:145.30,146.27 1 0
git.example.com/infra/openbao-sdk-go/internal/transitutil/encoding.go:148.2,148.14 1 0
git.example.com/infra/openbao-sdk-go/internal/transitutil/encoding.go:150.106,151.60 1 0
git.example.com/infra/openbao-sdk-go/internal/transitutil/encoding.go:151.60,153.3 1 0
git.example.com/infra/openbao-sdk-go/internal/transitutil/encoding.go:154.2,154.33 1 0
git.example.com/infra/openbao-sdk-go/internal/transitutil/encoding.go:154.33,157.3 2 0
git.example.com/infra/openbao-sdk-go/internal/transitutil/encoding.go:158.2,159.16 2 0
git.example.com/infra/openbao-sdk-go/internal/transitutil/encoding.go:159.16,162.3 2 0
git.example.com/infra/openbao-sdk-go/internal/transitutil/encoding.go:162.8,162.25 1 0
git.example.com/infra/openbao-sdk-go/internal/transitutil/encoding.go:162.25,164.3 1 0
git.example.com/infra/openbao-sdk-go/internal/transitutil/encoding.go:165.2,165.25 1 0
git.example.com/infra/openbao-sdk-go/internal/transitutil/encoding.go:166.24,167.73 1 0
git.example.com/infra/openbao-sdk-go/internal/transitutil/encoding.go:168.22,169.164 1 0
git.example.com/infra/openbao-sdk-go/internal/transitutil/encoding.go:171.2,171.14 1 0
git.example.com/infra/openbao-sdk-go/kv/document.go:18.47,20.14 2 0
git.example.com/infra/openbao-sdk-go/kv/document.go:20.14,22.3 1 0
git.example.com/infra/openbao-sdk-go/kv/document.go:23.2,24.27 2 0
git.example.com/infra/openbao-sdk-go/kv/document.go:26.50,27.43 1 0
git.example.com/infra/openbao-sdk-go/kv/document.go:27.43,29.3 1 0
git.example.com/infra/openbao-sdk-go/kv/document.go:30.2,30.52 1 0
git.example.com/infra/openbao-sdk-go/kv/document.go:32.41,35.19 3 0
git.example.com/infra/openbao-sdk-go/kv/document.go:35.19,37.3 1 0
git.example.com/infra/openbao-sdk-go/kv/document.go:38.2,40.40 3 0
git.example.com/infra/openbao-sdk-go/kv/document.go:40.40,42.3 1 0
git.example.com/infra/openbao-sdk-go/kv/document.go:43.2,43.12 1 0
git.example.com/infra/openbao-sdk-go/kv/document.go:45.39,45.68 1 0
git.example.com/infra/openbao-sdk-go/kv/document.go:46.27,47.14 1 0
git.example.com/infra/openbao-sdk-go/kv/document.go:47.14,49.3 1 0
git.example.com/infra/openbao-sdk-go/kv/document.go:51.54,51.77 1 0
git.example.com/infra/openbao-sdk-go/kv/document.go:52.54,52.77 1 0
git.example.com/infra/openbao-sdk-go/kv/document.go:53.54,53.100 1 0
git.example.com/infra/openbao-sdk-go/kv/document.go:54.54,54.95 1 0
git.example.com/infra/openbao-sdk-go/kv/document.go:55.49,57.2 1 0
git.example.com/infra/openbao-sdk-go/pki/validate.go:11.30,13.2 1 0
git.example.com/infra/openbao-sdk-go/pki/validate.go:16.36,17.40 1 0
git.example.com/infra/openbao-sdk-go/pki/validate.go:17.40,19.3 1 0
git.example.com/infra/openbao-sdk-go/pki/validate.go:20.2,20.12 1 0
git.example.com/infra/openbao-sdk-go/pki/validate.go:25.74,27.170 2 0
git.example.com/infra/openbao-sdk-go/pki/validate.go:27.170,29.3 1 0
git.example.com/infra/openbao-sdk-go/pki/validate.go:30.2,31.14 2 0
git.example.com/infra/openbao-sdk-go/pki/validate.go:31.14,33.3 1 0
git.example.com/infra/openbao-sdk-go/pki/validate.go:34.2,38.71 5 0
git.example.com/infra/openbao-sdk-go/pki/validate.go:38.71,40.3 1 0
git.example.com/infra/openbao-sdk-go/pki/validate.go:41.2,42.45 2 0
git.example.com/infra/openbao-sdk-go/pki/validate.go:42.45,44.15 2 0
git.example.com/infra/openbao-sdk-go/pki/validate.go:44.15,46.4 1 0
git.example.com/infra/openbao-sdk-go/pki/validate.go:47.3,47.24 1 0
git.example.com/infra/openbao-sdk-go/pki/validate.go:47.24,48.15 1 0
git.example.com/infra/openbao-sdk-go/pki/validate.go:48.15,50.5 1 0
git.example.com/infra/openbao-sdk-go/pki/validate.go:51.4,51.20 1 0
git.example.com/infra/openbao-sdk-go/pki/validate.go:54.2,55.30 2 0
git.example.com/infra/openbao-sdk-go/pki/validate.go:55.30,57.3 1 0
git.example.com/infra/openbao-sdk-go/pki/validate.go:58.2,59.46 2 0
git.example.com/infra/openbao-sdk-go/pki/validate.go:59.46,61.3 1 0
git.example.com/infra/openbao-sdk-go/pki/validate.go:62.2,62.25 1 0
git.example.com/infra/openbao-sdk-go/pki/validate.go:62.25,64.3 1 0
git.example.com/infra/openbao-sdk-go/pki/validate.go:65.2,65.32 1 0
git.example.com/infra/openbao-sdk-go/pki/validate.go:65.32,67.15 2 0
git.example.com/infra/openbao-sdk-go/pki/validate.go:67.15,69.4 1 0
git.example.com/infra/openbao-sdk-go/pki/validate.go:70.3,70.24 1 0
git.example.com/infra/openbao-sdk-go/pki/validate.go:70.24,72.4 1 0
git.example.com/infra/openbao-sdk-go/pki/validate.go:74.2,75.18 2 0
git.example.com/infra/openbao-sdk-go/pki/validate.go:75.18,77.3 1 0
git.example.com/infra/openbao-sdk-go/pki/validate.go:78.2,78.113 1 0
git.example.com/infra/openbao-sdk-go/pki/validate.go:78.113,80.3 1 0
git.example.com/infra/openbao-sdk-go/pki/validate.go:81.2,81.193 1 0
git.example.com/infra/openbao-sdk-go/pki/validate.go:81.193,83.3 1 0
git.example.com/infra/openbao-sdk-go/pki/validate.go:84.2,84.43 1 0
git.example.com/infra/openbao-sdk-go/pki/validate.go:84.43,86.62 2 0
git.example.com/infra/openbao-sdk-go/pki/validate.go:86.62,88.4 1 0
git.example.com/infra/openbao-sdk-go/pki/validate.go:90.2,90.77 1 0
git.example.com/infra/openbao-sdk-go/pki/validate.go:90.77,92.3 1 0
git.example.com/infra/openbao-sdk-go/pki/validate.go:93.2,93.42 1 0
git.example.com/infra/openbao-sdk-go/pki/validate.go:93.42,95.40 2 0
git.example.com/infra/openbao-sdk-go/pki/validate.go:95.40,96.39 1 0
git.example.com/infra/openbao-sdk-go/pki/validate.go:96.39,98.5 1 0
git.example.com/infra/openbao-sdk-go/pki/validate.go:100.3,100.13 1 0
git.example.com/infra/openbao-sdk-go/pki/validate.go:100.13,102.4 1 0
git.example.com/infra/openbao-sdk-go/pki/validate.go:104.2,104.42 1 0
git.example.com/infra/openbao-sdk-go/pki/validate.go:104.42,106.36 2 0
git.example.com/infra/openbao-sdk-go/pki/validate.go:106.36,107.31 1 0
git.example.com/infra/openbao-sdk-go/pki/validate.go:107.31,109.5 1 0
git.example.com/infra/openbao-sdk-go/pki/validate.go:111.3,111.13 1 0
git.example.com/infra/openbao-sdk-go/pki/validate.go:111.13,113.4 1 0
git.example.com/infra/openbao-sdk-go/pki/validate.go:115.2,115.44 1 0
git.example.com/infra/openbao-sdk-go/pki/validate.go:115.44,116.156 1 0
git.example.com/infra/openbao-sdk-go/pki/validate.go:116.156,118.4 1 0
git.example.com/infra/openbao-sdk-go/pki/validate.go:120.2,120.12 1 0
git.example.com/infra/openbao-sdk-go/sensitive/bytes.go:22.35,22.102 1 10
git.example.com/infra/openbao-sdk-go/sensitive/bytes.go:23.36,24.19 1 5
git.example.com/infra/openbao-sdk-go/sensitive/bytes.go:24.19,26.3 1 0
git.example.com/infra/openbao-sdk-go/sensitive/bytes.go:27.2,29.45 3 5
git.example.com/infra/openbao-sdk-go/sensitive/bytes.go:31.24,32.31 1 2
git.example.com/infra/openbao-sdk-go/sensitive/bytes.go:32.31,34.3 1 0
git.example.com/infra/openbao-sdk-go/sensitive/bytes.go:35.2,38.20 4 2
git.example.com/infra/openbao-sdk-go/sensitive/bytes.go:40.26,41.19 1 1
git.example.com/infra/openbao-sdk-go/sensitive/bytes.go:41.19,43.3 1 0
git.example.com/infra/openbao-sdk-go/sensitive/bytes.go:44.2,46.26 3 1
git.example.com/infra/openbao-sdk-go/sensitive/bytes.go:48.51,48.74 1 0
git.example.com/infra/openbao-sdk-go/sensitive/bytes.go:49.51,49.74 1 0
git.example.com/infra/openbao-sdk-go/sensitive/bytes.go:50.51,50.97 1 0
git.example.com/infra/openbao-sdk-go/sensitive/bytes.go:51.51,51.92 1 0
git.example.com/infra/openbao-sdk-go/sensitive/bytes.go:52.46,54.2 1 0
git.example.com/infra/openbao-sdk-go/auth/providers.go:27.41,29.2 1 0
git.example.com/infra/openbao-sdk-go/auth/providers.go:30.48,31.16 1 0
git.example.com/infra/openbao-sdk-go/auth/providers.go:31.16,33.3 1 0
git.example.com/infra/openbao-sdk-go/auth/providers.go:34.2,34.35 1 0
git.example.com/infra/openbao-sdk-go/auth/providers.go:34.35,36.3 1 0
git.example.com/infra/openbao-sdk-go/auth/providers.go:37.2,37.43 1 0
git.example.com/infra/openbao-sdk-go/auth/providers.go:37.43,39.3 1 0
git.example.com/infra/openbao-sdk-go/auth/providers.go:40.2,40.12 1 0
git.example.com/infra/openbao-sdk-go/auth/providers.go:42.37,43.48 1 0
git.example.com/infra/openbao-sdk-go/auth/providers.go:43.48,45.3 1 0
git.example.com/infra/openbao-sdk-go/auth/providers.go:46.2,46.22 1 0
git.example.com/infra/openbao-sdk-go/auth/providers.go:46.22,47.24 1 0
git.example.com/infra/openbao-sdk-go/auth/providers.go:47.24,49.4 1 0
git.example.com/infra/openbao-sdk-go/auth/providers.go:51.2,51.13 1 0
git.example.com/infra/openbao-sdk-go/auth/providers.go:53.47,54.31 1 0
git.example.com/infra/openbao-sdk-go/auth/providers.go:54.31,54.89 1 0
git.example.com/infra/openbao-sdk-go/auth/providers.go:55.2,55.30 1 0
git.example.com/infra/openbao-sdk-go/auth/providers.go:55.30,57.3 1 0
git.example.com/infra/openbao-sdk-go/auth/providers.go:58.2,60.44 3 0
git.example.com/infra/openbao-sdk-go/auth/providers.go:69.67,72.27 3 0
git.example.com/infra/openbao-sdk-go/auth/providers.go:72.27,74.3 1 0
git.example.com/infra/openbao-sdk-go/auth/providers.go:75.2,76.16 2 0
git.example.com/infra/openbao-sdk-go/auth/providers.go:76.16,78.3 1 0
git.example.com/infra/openbao-sdk-go/auth/providers.go:79.2,79.73 1 0
git.example.com/infra/openbao-sdk-go/auth/providers.go:81.76,82.44 1 0
git.example.com/infra/openbao-sdk-go/auth/providers.go:82.44,84.3 1 0
git.example.com/infra/openbao-sdk-go/auth/providers.go:85.2,87.85 3 0
git.example.com/infra/openbao-sdk-go/auth/providers.go:96.38,98.2 1 0
git.example.com/infra/openbao-sdk-go/auth/providers.go:102.55,103.26 1 0
git.example.com/infra/openbao-sdk-go/auth/providers.go:103.26,105.3 1 0
git.example.com/infra/openbao-sdk-go/auth/providers.go:106.2,106.36 1 0
git.example.com/infra/openbao-sdk-go/auth/providers.go:108.78,109.83 1 0
git.example.com/infra/openbao-sdk-go/auth/providers.go:109.83,111.3 1 0
git.example.com/infra/openbao-sdk-go/auth/providers.go:112.2,112.49 1 0
git.example.com/infra/openbao-sdk-go/auth/providers.go:114.88,115.44 1 0
git.example.com/infra/openbao-sdk-go/auth/providers.go:115.44,117.3 1 0
git.example.com/infra/openbao-sdk-go/auth/providers.go:120.2,121.42 2 0
git.example.com/infra/openbao-sdk-go/auth/providers.go:121.42,123.3 1 0
git.example.com/infra/openbao-sdk-go/auth/providers.go:124.2,125.16 2 0
git.example.com/infra/openbao-sdk-go/auth/providers.go:125.16,127.3 1 0
git.example.com/infra/openbao-sdk-go/auth/providers.go:128.2,130.76 3 0
git.example.com/infra/openbao-sdk-go/auth/providers.go:130.76,132.3 1 0
git.example.com/infra/openbao-sdk-go/auth/providers.go:133.2,135.49 3 0
git.example.com/infra/openbao-sdk-go/auth/providers.go:135.49,137.3 1 0
git.example.com/infra/openbao-sdk-go/auth/providers.go:138.2,138.43 1 0
git.example.com/infra/openbao-sdk-go/auth/providers.go:138.43,140.3 1 0
git.example.com/infra/openbao-sdk-go/auth/providers.go:141.2,142.29 2 0
git.example.com/infra/openbao-sdk-go/auth/providers.go:142.29,144.3 1 0
git.example.com/infra/openbao-sdk-go/auth/providers.go:145.2,146.16 2 0
git.example.com/infra/openbao-sdk-go/auth/providers.go:146.16,148.3 1 0
git.example.com/infra/openbao-sdk-go/auth/providers.go:149.2,149.42 1 0
git.example.com/infra/openbao-sdk-go/auth/providers.go:151.74,153.16 2 0
git.example.com/infra/openbao-sdk-go/auth/providers.go:153.16,155.3 1 0
git.example.com/infra/openbao-sdk-go/auth/providers.go:156.2,156.52 1 0
git.example.com/infra/openbao-sdk-go/auth/providers.go:158.79,160.16 2 0
git.example.com/infra/openbao-sdk-go/auth/providers.go:160.16,162.3 1 0
git.example.com/infra/openbao-sdk-go/auth/providers.go:163.2,163.70 1 0
git.example.com/infra/openbao-sdk-go/baoerr/error.go:49.32,50.14 1 0
git.example.com/infra/openbao-sdk-go/baoerr/error.go:50.14,52.3 1 0
git.example.com/infra/openbao-sdk-go/baoerr/error.go:53.2,53.43 1 0
git.example.com/infra/openbao-sdk-go/baoerr/error.go:55.32,56.14 1 0
git.example.com/infra/openbao-sdk-go/baoerr/error.go:56.14,58.3 1 0
git.example.com/infra/openbao-sdk-go/baoerr/error.go:59.2,59.16 1 0
git.example.com/infra/openbao-sdk-go/baoerr/error.go:60.20,61.26 1 0
git.example.com/infra/openbao-sdk-go/baoerr/error.go:62.28,63.34 1 0
git.example.com/infra/openbao-sdk-go/baoerr/error.go:65.2,65.12 1 0
git.example.com/infra/openbao-sdk-go/baoerr/error.go:67.42,70.2 2 0
git.example.com/infra/openbao-sdk-go/baoerr/error.go:71.40,74.2 2 0
git.example.com/infra/openbao-sdk-go/baoerr/error.go:75.45,75.65 1 0
git.example.com/infra/openbao-sdk-go/baoerr/error.go:76.45,76.65 1 0
git.example.com/infra/openbao-sdk-go/baoerr/error.go:77.45,77.84 1 0
git.example.com/infra/openbao-sdk-go/baoerr/error.go:78.45,78.83 1 0
git.example.com/infra/openbao-sdk-go/baoerr/error.go:79.47,80.14 1 0
git.example.com/infra/openbao-sdk-go/baoerr/error.go:80.14,82.3 1 0
git.example.com/infra/openbao-sdk-go/baoerr/error.go:83.2,89.81 1 0
git.example.com/infra/openbao-sdk-go/baoerr/error.go:91.32,92.11 1 0
git.example.com/infra/openbao-sdk-go/baoerr/error.go:93.281,94.11 1 0
git.example.com/infra/openbao-sdk-go/baoerr/error.go:96.2,96.20 1 0
git.example.com/infra/openbao-sdk-go/baoerr/error.go:98.34,99.11 1 0
git.example.com/infra/openbao-sdk-go/baoerr/error.go:100.50,101.11 1 0
git.example.com/infra/openbao-sdk-go/baoerr/error.go:103.2,103.22 1 0
git.example.com/infra/openbao-sdk-go/internal/authn/approle.go:16.55,20.26 4 0
git.example.com/infra/openbao-sdk-go/internal/authn/approle.go:20.26,22.3 1 0
git.example.com/infra/openbao-sdk-go/internal/authn/approle.go:23.2,24.16 2 0
git.example.com/infra/openbao-sdk-go/internal/authn/approle.go:24.16,26.3 1 0
git.example.com/infra/openbao-sdk-go/internal/authn/approle.go:27.2,31.184 5 0
git.example.com/infra/openbao-sdk-go/internal/authn/approle.go:31.184,33.3 1 0
git.example.com/infra/openbao-sdk-go/internal/authn/approle.go:34.2,34.40 1 0
git.example.com/infra/openbao-sdk-go/internal/authn/approle.go:34.40,36.3 1 0
git.example.com/infra/openbao-sdk-go/internal/authn/approle.go:37.2,37.40 1 0
git.example.com/infra/openbao-sdk-go/internal/authn/approle.go:37.40,40.12 3 0
git.example.com/infra/openbao-sdk-go/internal/authn/approle.go:40.12,42.4 1 0
git.example.com/infra/openbao-sdk-go/internal/authn/approle.go:43.3,44.11 2 0
git.example.com/infra/openbao-sdk-go/internal/authn/approle.go:44.11,46.4 1 0
git.example.com/infra/openbao-sdk-go/internal/authn/approle.go:48.2,49.16 2 0
git.example.com/infra/openbao-sdk-go/internal/authn/approle.go:49.16,51.3 1 0
git.example.com/infra/openbao-sdk-go/internal/authn/approle.go:52.2,54.17 3 0
git.example.com/infra/openbao-sdk-go/internal/authn/approle.go:54.17,56.3 1 0
git.example.com/infra/openbao-sdk-go/internal/authn/approle.go:57.2,57.16 1 0
git.example.com/infra/openbao-sdk-go/internal/authn/approle.go:57.16,59.3 1 0
git.example.com/infra/openbao-sdk-go/internal/authn/approle.go:60.2,60.57 1 0
git.example.com/infra/openbao-sdk-go/internal/authn/approle.go:62.81,66.189 4 0
git.example.com/infra/openbao-sdk-go/internal/authn/approle.go:66.189,66.218 1 0
git.example.com/infra/openbao-sdk-go/internal/authn/approle.go:67.2,67.17 1 0
git.example.com/infra/openbao-sdk-go/internal/authn/approle.go:67.17,69.3 1 0
git.example.com/infra/openbao-sdk-go/internal/authn/approle.go:70.2,70.16 1 0
git.example.com/infra/openbao-sdk-go/internal/authn/approle.go:70.16,72.3 1 0
git.example.com/infra/openbao-sdk-go/internal/authn/approle.go:73.2,73.57 1 0
git.example.com/infra/openbao-sdk-go/internal/authn/approle.go:75.110,77.16 2 0
git.example.com/infra/openbao-sdk-go/internal/authn/approle.go:77.16,79.3 1 0
git.example.com/infra/openbao-sdk-go/internal/authn/approle.go:80.2,81.9 2 0
git.example.com/infra/openbao-sdk-go/internal/authn/approle.go:81.9,83.3 1 0
git.example.com/infra/openbao-sdk-go/internal/authn/approle.go:84.2,85.40 2 0
git.example.com/infra/openbao-sdk-go/internal/authn/approle.go:85.40,87.3 1 0
git.example.com/infra/openbao-sdk-go/internal/authn/approle.go:88.2,89.70 2 0
git.example.com/infra/openbao-sdk-go/internal/authn/approle.go:89.70,91.3 1 0
git.example.com/infra/openbao-sdk-go/internal/authn/approle.go:92.2,93.9 2 0
git.example.com/infra/openbao-sdk-go/internal/authn/approle.go:93.9,95.3 1 0
git.example.com/infra/openbao-sdk-go/internal/authn/approle.go:96.2,96.43 1 0
git.example.com/infra/openbao-sdk-go/internal/authn/approle.go:96.43,98.20 2 0
git.example.com/infra/openbao-sdk-go/internal/authn/approle.go:98.20,100.4 1 0
git.example.com/infra/openbao-sdk-go/internal/authn/approle.go:102.2,105.20 4 0
git.example.com/infra/openbao-sdk-go/internal/authn/approle.go:105.20,107.3 1 0
git.example.com/infra/openbao-sdk-go/internal/authn/approle.go:108.2,111.14 4 0
git.example.com/infra/openbao-sdk-go/internal/authn/approle.go:111.14,114.3 2 0
git.example.com/infra/openbao-sdk-go/internal/authn/approle.go:115.2,115.45 1 0
git.example.com/infra/openbao-sdk-go/internal/authn/approle.go:115.45,118.3 2 0
git.example.com/infra/openbao-sdk-go/internal/authn/approle.go:119.2,129.12 10 0
git.example.com/infra/openbao-sdk-go/internal/authn/clock.go:15.50,15.71 1 0
git.example.com/infra/openbao-sdk-go/internal/authn/clock.go:16.50,16.88 1 0
git.example.com/infra/openbao-sdk-go/internal/authn/clock.go:20.41,20.57 1 0
git.example.com/infra/openbao-sdk-go/internal/authn/clock.go:21.41,21.62 1 0
git.example.com/infra/openbao-sdk-go/internal/authn/manager.go:44.67,45.18 1 0
git.example.com/infra/openbao-sdk-go/internal/authn/manager.go:45.18,47.3 1 0
git.example.com/infra/openbao-sdk-go/internal/authn/manager.go:48.2,48.85 1 0
git.example.com/infra/openbao-sdk-go/internal/authn/manager.go:50.45,51.16 1 0
git.example.com/infra/openbao-sdk-go/internal/authn/manager.go:51.16,53.3 1 0
git.example.com/infra/openbao-sdk-go/internal/authn/manager.go:54.2,54.19 1 0
git.example.com/infra/openbao-sdk-go/internal/authn/manager.go:55.24,56.77 1 0
git.example.com/infra/openbao-sdk-go/internal/authn/manager.go:57.32,58.85 1 0
git.example.com/infra/openbao-sdk-go/internal/authn/manager.go:60.2,60.12 1 0
git.example.com/infra/openbao-sdk-go/internal/authn/manager.go:62.47,63.37 1 0
git.example.com/infra/openbao-sdk-go/internal/authn/manager.go:63.37,65.3 1 0
git.example.com/infra/openbao-sdk-go/internal/authn/manager.go:66.2,66.88 1 0
git.example.com/infra/openbao-sdk-go/internal/authn/manager.go:68.33,69.36 1 0
git.example.com/infra/openbao-sdk-go/internal/authn/manager.go:69.36,71.3 1 0
git.example.com/infra/openbao-sdk-go/internal/authn/manager.go:72.2,72.22 1 0
git.example.com/infra/openbao-sdk-go/internal/authn/manager.go:72.22,73.24 1 0
git.example.com/infra/openbao-sdk-go/internal/authn/manager.go:73.24,75.4 1 0
git.example.com/infra/openbao-sdk-go/internal/authn/manager.go:77.2,77.13 1 0
git.example.com/infra/openbao-sdk-go/internal/authn/manager.go:79.101,80.15 1 0
git.example.com/infra/openbao-sdk-go/internal/authn/manager.go:80.15,81.23 1 0
git.example.com/infra/openbao-sdk-go/internal/authn/manager.go:81.23,83.4 1 0
git.example.com/infra/openbao-sdk-go/internal/authn/manager.go:85.2,85.24 1 0
git.example.com/infra/openbao-sdk-go/internal/authn/manager.go:87.108,88.15 1 0
git.example.com/infra/openbao-sdk-go/internal/authn/manager.go:88.15,89.23 1 0
git.example.com/infra/openbao-sdk-go/internal/authn/manager.go:89.23,91.4 1 0
git.example.com/infra/openbao-sdk-go/internal/authn/manager.go:93.2,93.23 1 0
git.example.com/infra/openbao-sdk-go/internal/authn/manager.go:95.67,96.37 1 0
git.example.com/infra/openbao-sdk-go/internal/authn/manager.go:96.37,98.3 1 0
git.example.com/infra/openbao-sdk-go/internal/authn/manager.go:99.2,100.14 2 0
git.example.com/infra/openbao-sdk-go/internal/authn/manager.go:100.14,103.3 2 0
git.example.com/infra/openbao-sdk-go/internal/authn/manager.go:104.2,105.38 2 0
git.example.com/infra/openbao-sdk-go/internal/authn/manager.go:105.38,107.17 2 0
git.example.com/infra/openbao-sdk-go/internal/authn/manager.go:107.17,111.4 3 0
git.example.com/infra/openbao-sdk-go/internal/authn/manager.go:112.3,114.89 3 0
git.example.com/infra/openbao-sdk-go/internal/authn/manager.go:114.89,118.4 3 0
git.example.com/infra/openbao-sdk-go/internal/authn/manager.go:119.3,119.38 1 0
git.example.com/infra/openbao-sdk-go/internal/authn/manager.go:119.38,121.4 1 0
git.example.com/infra/openbao-sdk-go/internal/authn/manager.go:122.3,123.26 2 0
git.example.com/infra/openbao-sdk-go/internal/authn/manager.go:125.2,127.14 3 0
git.example.com/infra/openbao-sdk-go/internal/authn/manager.go:127.14,129.3 1 0
git.example.com/infra/openbao-sdk-go/internal/authn/manager.go:130.2,130.60 1 0
git.example.com/infra/openbao-sdk-go/internal/authn/manager.go:130.60,132.3 1 0
git.example.com/infra/openbao-sdk-go/internal/authn/manager.go:133.2,135.25 3 0
git.example.com/infra/openbao-sdk-go/internal/authn/manager.go:137.71,143.2 5 0
git.example.com/infra/openbao-sdk-go/internal/authn/manager.go:144.51,148.19 4 0
git.example.com/infra/openbao-sdk-go/internal/authn/manager.go:148.19,150.40 2 0
git.example.com/infra/openbao-sdk-go/internal/authn/manager.go:150.40,152.4 1 0
git.example.com/infra/openbao-sdk-go/internal/authn/manager.go:154.2,154.14 1 0
git.example.com/infra/openbao-sdk-go/internal/authn/manager.go:154.14,157.3 2 0
git.example.com/infra/openbao-sdk-go/internal/authn/manager.go:158.2,159.38 2 0
git.example.com/infra/openbao-sdk-go/internal/authn/manager.go:159.38,162.3 2 0
git.example.com/infra/openbao-sdk-go/internal/authn/manager.go:162.8,164.3 1 0
git.example.com/infra/openbao-sdk-go/internal/authn/manager.go:165.2,165.21 1 0
git.example.com/infra/openbao-sdk-go/internal/authn/manager.go:165.21,168.3 2 0
git.example.com/infra/openbao-sdk-go/internal/authn/manager.go:169.2,169.13 1 0
git.example.com/infra/openbao-sdk-go/internal/authn/manager.go:169.13,170.20 1 0
git.example.com/infra/openbao-sdk-go/internal/authn/manager.go:170.20,172.4 1 0
git.example.com/infra/openbao-sdk-go/internal/authn/manager.go:172.9,174.4 1 0
git.example.com/infra/openbao-sdk-go/internal/authn/manager.go:176.2,176.10 1 0
git.example.com/infra/openbao-sdk-go/internal/authn/manager.go:181.54,182.37 1 0
git.example.com/infra/openbao-sdk-go/internal/authn/manager.go:182.37,184.3 1 0
git.example.com/infra/openbao-sdk-go/internal/authn/manager.go:185.2,185.38 1 0
git.example.com/infra/openbao-sdk-go/internal/authn/manager.go:185.38,188.3 2 0
git.example.com/infra/openbao-sdk-go/internal/authn/manager.go:189.2,190.14 2 0
git.example.com/infra/openbao-sdk-go/internal/authn/manager.go:190.14,193.3 2 0
git.example.com/infra/openbao-sdk-go/internal/authn/manager.go:194.2,194.33 1 0
git.example.com/infra/openbao-sdk-go/internal/authn/manager.go:194.33,196.10 2 0
git.example.com/infra/openbao-sdk-go/internal/authn/manager.go:197.17,198.16 1 0
git.example.com/infra/openbao-sdk-go/internal/authn/manager.go:199.21,200.27 1 0
git.example.com/infra/openbao-sdk-go/internal/authn/manager.go:203.2,204.44 2 0
git.example.com/infra/openbao-sdk-go/internal/authn/manager.go:204.44,208.3 3 0
git.example.com/infra/openbao-sdk-go/internal/authn/manager.go:209.2,217.11 9 0
git.example.com/infra/openbao-sdk-go/internal/authn/manager.go:217.11,219.3 1 0
git.example.com/infra/openbao-sdk-go/internal/authn/manager.go:219.8,221.3 1 0
git.example.com/infra/openbao-sdk-go/internal/authn/manager.go:222.2,223.16 2 0
git.example.com/infra/openbao-sdk-go/internal/authn/manager.go:223.16,227.22 4 0
git.example.com/infra/openbao-sdk-go/internal/authn/manager.go:227.22,229.4 1 0
git.example.com/infra/openbao-sdk-go/internal/authn/manager.go:231.3,233.170 3 0
git.example.com/infra/openbao-sdk-go/internal/authn/manager.go:233.170,235.4 1 0
git.example.com/infra/openbao-sdk-go/internal/authn/manager.go:237.2,241.12 5 0
git.example.com/infra/openbao-sdk-go/internal/authn/manager.go:245.50,246.37 1 0
git.example.com/infra/openbao-sdk-go/internal/authn/manager.go:246.37,248.3 1 0
git.example.com/infra/openbao-sdk-go/internal/authn/manager.go:249.2,249.38 1 0
git.example.com/infra/openbao-sdk-go/internal/authn/manager.go:249.38,251.3 1 0
git.example.com/infra/openbao-sdk-go/internal/authn/manager.go:252.2,252.6 1 0
git.example.com/infra/openbao-sdk-go/internal/authn/manager.go:252.6,254.15 2 0
git.example.com/infra/openbao-sdk-go/internal/authn/manager.go:254.15,257.4 2 0
git.example.com/infra/openbao-sdk-go/internal/authn/manager.go:258.3,258.38 1 0
git.example.com/infra/openbao-sdk-go/internal/authn/manager.go:258.38,259.11 1 0
git.example.com/infra/openbao-sdk-go/internal/authn/manager.go:260.16,263.24 3 0
git.example.com/infra/openbao-sdk-go/internal/authn/manager.go:264.12,265.59 1 0
git.example.com/infra/openbao-sdk-go/internal/authn/manager.go:265.59,268.6 2 0
git.example.com/infra/openbao-sdk-go/internal/authn/manager.go:269.5,270.12 2 0
git.example.com/infra/openbao-sdk-go/internal/authn/manager.go:271.17,272.14 1 0
git.example.com/infra/openbao-sdk-go/internal/authn/manager.go:273.23,274.29 1 0
git.example.com/infra/openbao-sdk-go/internal/authn/manager.go:278.3,278.38 1 0
git.example.com/infra/openbao-sdk-go/internal/authn/manager.go:278.38,281.4 2 0
git.example.com/infra/openbao-sdk-go/internal/authn/manager.go:282.3,288.13 7 0
git.example.com/infra/openbao-sdk-go/internal/authn/manager.go:288.13,288.46 2 0
git.example.com/infra/openbao-sdk-go/internal/authn/manager.go:289.3,289.13 1 0
git.example.com/infra/openbao-sdk-go/internal/authn/manager.go:292.44,293.6 1 0
git.example.com/infra/openbao-sdk-go/internal/authn/manager.go:293.6,300.17 7 0
git.example.com/infra/openbao-sdk-go/internal/authn/manager.go:300.17,302.4 1 0
git.example.com/infra/openbao-sdk-go/internal/authn/manager.go:303.3,303.48 1 0
git.example.com/infra/openbao-sdk-go/internal/authn/manager.go:303.48,305.4 1 0
git.example.com/infra/openbao-sdk-go/internal/authn/manager.go:306.3,307.10 2 0
git.example.com/infra/openbao-sdk-go/internal/authn/manager.go:308.21,310.10 2 0
git.example.com/infra/openbao-sdk-go/internal/authn/manager.go:311.20,312.16 1 0
git.example.com/infra/openbao-sdk-go/internal/authn/manager.go:314.3,314.23 1 0
git.example.com/infra/openbao-sdk-go/internal/authn/manager.go:314.23,316.4 1 0
git.example.com/infra/openbao-sdk-go/internal/authn/manager.go:317.3,317.21 1 0
git.example.com/infra/openbao-sdk-go/internal/authn/manager.go:322.51,323.37 1 0
git.example.com/infra/openbao-sdk-go/internal/authn/manager.go:323.37,325.26 2 0
git.example.com/infra/openbao-sdk-go/internal/authn/manager.go:325.26,327.4 1 0
git.example.com/infra/openbao-sdk-go/internal/authn/manager.go:328.3,329.11 2 0
git.example.com/infra/openbao-sdk-go/internal/authn/manager.go:331.2,334.19 4 0
git.example.com/infra/openbao-sdk-go/internal/authn/manager.go:334.19,336.3 1 0
git.example.com/infra/openbao-sdk-go/internal/authn/manager.go:337.2,337.17 1 0
git.example.com/infra/openbao-sdk-go/internal/authn/manager.go:337.17,339.3 1 0
git.example.com/infra/openbao-sdk-go/internal/authn/manager.go:340.2,340.9 1 0
git.example.com/infra/openbao-sdk-go/internal/authn/manager.go:341.14,342.13 1 0
git.example.com/infra/openbao-sdk-go/internal/authn/manager.go:343.20,344.26 1 0
git.example.com/infra/openbao-sdk-go/internal/authn/manager.go:349.26,354.25 5 0
git.example.com/infra/openbao-sdk-go/internal/authn/manager.go:354.25,356.3 1 0
git.example.com/infra/openbao-sdk-go/internal/engine/client.go:35.56,37.2 1 0
git.example.com/infra/openbao-sdk-go/internal/engine/client.go:38.43,38.78 1 0
git.example.com/infra/openbao-sdk-go/internal/engine/client.go:39.55,40.12 1 0
git.example.com/infra/openbao-sdk-go/internal/engine/client.go:41.28,42.28 1 0
git.example.com/infra/openbao-sdk-go/internal/engine/client.go:43.20,44.28 1 0
git.example.com/infra/openbao-sdk-go/internal/engine/client.go:45.18,46.28 1 0
git.example.com/infra/openbao-sdk-go/internal/engine/client.go:48.2,48.29 1 0
git.example.com/infra/openbao-sdk-go/internal/engine/client.go:50.79,52.26 2 0
git.example.com/infra/openbao-sdk-go/internal/engine/client.go:52.26,54.3 1 0
git.example.com/infra/openbao-sdk-go/internal/engine/client.go:55.2,56.17 2 0
git.example.com/infra/openbao-sdk-go/internal/engine/client.go:56.17,58.3 1 0
git.example.com/infra/openbao-sdk-go/internal/engine/client.go:59.2,59.27 1 0
git.example.com/infra/openbao-sdk-go/internal/engine/client.go:59.27,61.3 1 0
git.example.com/infra/openbao-sdk-go/internal/engine/client.go:62.2,62.77 1 0
git.example.com/infra/openbao-sdk-go/internal/engine/client.go:62.77,64.3 1 0
git.example.com/infra/openbao-sdk-go/internal/engine/client.go:65.2,65.24 1 0
git.example.com/infra/openbao-sdk-go/internal/engine/client.go:65.24,66.54 1 0
git.example.com/infra/openbao-sdk-go/internal/engine/client.go:66.54,68.4 1 0
git.example.com/infra/openbao-sdk-go/internal/engine/client.go:70.2,72.22 3 0
git.example.com/infra/openbao-sdk-go/internal/engine/client.go:72.22,74.3 1 0
git.example.com/infra/openbao-sdk-go/internal/engine/client.go:75.2,75.51 1 0
git.example.com/infra/openbao-sdk-go/internal/engine/client.go:75.51,76.10 1 0
git.example.com/infra/openbao-sdk-go/internal/engine/client.go:77.30,78.17 1 0
git.example.com/infra/openbao-sdk-go/internal/engine/client.go:78.17,78.30 1 0
git.example.com/infra/openbao-sdk-go/internal/engine/client.go:79.21,80.68 1 0
git.example.com/infra/openbao-sdk-go/internal/engine/client.go:83.2,84.24 2 0
git.example.com/infra/openbao-sdk-go/internal/engine/client.go:84.24,86.3 1 0
git.example.com/infra/openbao-sdk-go/internal/engine/client.go:87.2,87.33 1 0
git.example.com/infra/openbao-sdk-go/internal/engine/client.go:87.33,88.23 1 0
git.example.com/infra/openbao-sdk-go/internal/engine/client.go:88.23,90.4 1 0
git.example.com/infra/openbao-sdk-go/internal/engine/client.go:91.3,92.26 2 0
git.example.com/infra/openbao-sdk-go/internal/engine/client.go:92.26,95.18 3 0
git.example.com/infra/openbao-sdk-go/internal/engine/client.go:95.18,96.25 1 0
git.example.com/infra/openbao-sdk-go/internal/engine/client.go:96.25,98.6 1 0
git.example.com/infra/openbao-sdk-go/internal/engine/client.go:99.5,100.41 2 0
git.example.com/infra/openbao-sdk-go/internal/engine/client.go:100.41,102.6 1 0
git.example.com/infra/openbao-sdk-go/internal/engine/client.go:103.5,103.96 1 0
git.example.com/infra/openbao-sdk-go/internal/engine/client.go:105.4,105.26 1 0
git.example.com/infra/openbao-sdk-go/internal/engine/client.go:105.26,107.5 1 0
git.example.com/infra/openbao-sdk-go/internal/engine/client.go:108.9,108.59 1 0
git.example.com/infra/openbao-sdk-go/internal/engine/client.go:108.59,110.4 1 0
git.example.com/infra/openbao-sdk-go/internal/engine/client.go:111.3,111.23 1 0
git.example.com/infra/openbao-sdk-go/internal/engine/client.go:111.23,113.4 1 0
git.example.com/infra/openbao-sdk-go/internal/engine/client.go:114.3,115.15 2 0
git.example.com/infra/openbao-sdk-go/internal/engine/client.go:115.15,117.4 1 0
git.example.com/infra/openbao-sdk-go/internal/engine/client.go:118.3,121.17 4 0
git.example.com/infra/openbao-sdk-go/internal/engine/client.go:121.17,123.41 2 0
git.example.com/infra/openbao-sdk-go/internal/engine/client.go:123.41,126.5 2 0
git.example.com/infra/openbao-sdk-go/internal/engine/client.go:127.9,128.29 1 0
git.example.com/infra/openbao-sdk-go/internal/engine/client.go:128.29,129.21 1 0
git.example.com/infra/openbao-sdk-go/internal/engine/client.go:130.39,131.19 1 0
git.example.com/infra/openbao-sdk-go/internal/engine/client.go:134.4,134.20 1 0
git.example.com/infra/openbao-sdk-go/internal/engine/client.go:135.13,136.36 1 0
git.example.com/infra/openbao-sdk-go/internal/engine/client.go:136.36,138.6 1 0
git.example.com/infra/openbao-sdk-go/internal/engine/client.go:139.5,139.34 1 0
git.example.com/infra/openbao-sdk-go/internal/engine/client.go:139.34,140.56 1 0
git.example.com/infra/openbao-sdk-go/internal/engine/client.go:140.56,142.7 1 0
git.example.com/infra/openbao-sdk-go/internal/engine/client.go:144.5,144.18 1 0
git.example.com/infra/openbao-sdk-go/internal/engine/client.go:145.13,146.15 1 0
git.example.com/infra/openbao-sdk-go/internal/engine/client.go:146.15,148.6 1 0
git.example.com/infra/openbao-sdk-go/internal/engine/client.go:149.5,149.46 1 0
git.example.com/infra/openbao-sdk-go/internal/engine/client.go:150.12,151.50 1 0
git.example.com/infra/openbao-sdk-go/internal/engine/client.go:154.3,154.30 1 0
git.example.com/infra/openbao-sdk-go/internal/engine/client.go:154.30,156.4 1 0
git.example.com/infra/openbao-sdk-go/internal/engine/client.go:157.3,158.13 2 0
git.example.com/infra/openbao-sdk-go/internal/engine/client.go:158.13,160.4 1 0
git.example.com/infra/openbao-sdk-go/internal/engine/client.go:161.3,162.30 2 0
git.example.com/infra/openbao-sdk-go/internal/engine/client.go:162.30,164.4 1 0
git.example.com/infra/openbao-sdk-go/internal/engine/client.go:166.2,166.89 1 0
git.example.com/infra/openbao-sdk-go/internal/engine/client.go:168.32,169.36 1 0
git.example.com/infra/openbao-sdk-go/internal/engine/client.go:169.36,171.3 1 0
git.example.com/infra/openbao-sdk-go/internal/engine/client.go:172.2,172.19 1 0
git.example.com/infra/openbao-sdk-go/internal/engine/client.go:172.19,173.33 1 0
git.example.com/infra/openbao-sdk-go/internal/engine/client.go:173.33,175.4 1 0
git.example.com/infra/openbao-sdk-go/internal/engine/client.go:177.2,177.13 1 0
git.example.com/infra/openbao-sdk-go/internal/engine/client.go:182.35,183.19 1 0
git.example.com/infra/openbao-sdk-go/internal/engine/client.go:183.19,185.3 1 0
git.example.com/infra/openbao-sdk-go/internal/engine/client.go:186.2,187.16 2 0
git.example.com/infra/openbao-sdk-go/internal/engine/client.go:187.16,189.3 1 0
git.example.com/infra/openbao-sdk-go/internal/engine/client.go:190.2,191.25 2 0
git.example.com/infra/openbao-sdk-go/internal/engine/client.go:191.25,193.3 1 0
git.example.com/infra/openbao-sdk-go/internal/engine/client.go:194.2,194.30 1 0
git.example.com/infra/openbao-sdk-go/internal/engine/client.go:194.30,195.46 1 0
git.example.com/infra/openbao-sdk-go/internal/engine/client.go:195.46,196.16 1 0
git.example.com/infra/openbao-sdk-go/internal/engine/client.go:196.16,198.5 1 0
git.example.com/infra/openbao-sdk-go/internal/engine/client.go:199.9,199.85 1 0
git.example.com/infra/openbao-sdk-go/internal/engine/client.go:199.85,201.4 1 0
git.example.com/infra/openbao-sdk-go/internal/engine/client.go:203.2,203.10 1 0
git.example.com/infra/openbao-sdk-go/internal/engine/client.go:208.70,209.14 1 0
git.example.com/infra/openbao-sdk-go/internal/engine/client.go:209.14,211.3 1 0
git.example.com/infra/openbao-sdk-go/internal/engine/client.go:212.2,213.14 2 0
git.example.com/infra/openbao-sdk-go/internal/engine/client.go:213.14,215.3 1 0
git.example.com/infra/openbao-sdk-go/internal/engine/client.go:216.2,216.30 1 0
git.example.com/infra/openbao-sdk-go/internal/engine/client.go:216.30,218.24 2 0
git.example.com/infra/openbao-sdk-go/internal/engine/client.go:218.24,220.4 1 0
git.example.com/infra/openbao-sdk-go/internal/engine/client.go:222.2,222.15 1 0
git.example.com/infra/openbao-sdk-go/internal/engine/client.go:224.62,226.14 2 0
git.example.com/infra/openbao-sdk-go/internal/engine/client.go:226.14,228.3 1 0
git.example.com/infra/openbao-sdk-go/internal/engine/client.go:229.2,230.9 2 0
git.example.com/infra/openbao-sdk-go/internal/engine/client.go:230.9,232.3 1 0
git.example.com/infra/openbao-sdk-go/internal/engine/client.go:233.2,233.15 1 0
git.example.com/infra/openbao-sdk-go/internal/engine/client.go:235.29,237.9 2 0
git.example.com/infra/openbao-sdk-go/internal/engine/client.go:237.9,239.3 1 0
git.example.com/infra/openbao-sdk-go/internal/engine/client.go:240.2,241.36 2 0
git.example.com/infra/openbao-sdk-go/internal/engine/client.go:241.36,243.3 1 0
git.example.com/infra/openbao-sdk-go/internal/engine/client.go:244.2,244.21 1 0
git.example.com/infra/openbao-sdk-go/internal/engine/errors.go:19.43,19.72 1 0
git.example.com/infra/openbao-sdk-go/internal/engine/errors.go:20.43,20.61 1 0
git.example.com/infra/openbao-sdk-go/internal/engine/errors.go:21.93,23.2 1 0
git.example.com/infra/openbao-sdk-go/internal/engine/errors.go:24.96,26.52 2 0
git.example.com/infra/openbao-sdk-go/internal/engine/errors.go:26.52,28.3 1 0
git.example.com/infra/openbao-sdk-go/internal/engine/errors.go:29.2,29.46 1 0
git.example.com/infra/openbao-sdk-go/internal/engine/errors.go:31.35,38.2 6 0
git.example.com/infra/openbao-sdk-go/internal/engine/errors.go:39.81,42.25 3 0
git.example.com/infra/openbao-sdk-go/internal/engine/errors.go:42.25,44.3 1 0
git.example.com/infra/openbao-sdk-go/internal/engine/errors.go:45.2,46.32 2 0
git.example.com/infra/openbao-sdk-go/internal/engine/errors.go:46.32,48.3 1 0
git.example.com/infra/openbao-sdk-go/internal/engine/errors.go:49.2,51.9 3 0
git.example.com/infra/openbao-sdk-go/internal/engine/errors.go:52.40,54.16 2 0
git.example.com/infra/openbao-sdk-go/internal/engine/errors.go:55.48,57.16 2 0
git.example.com/infra/openbao-sdk-go/internal/engine/errors.go:58.43,60.16 2 0
git.example.com/infra/openbao-sdk-go/internal/engine/errors.go:61.42,63.16 2 0
git.example.com/infra/openbao-sdk-go/internal/engine/errors.go:64.25,66.16 2 0
git.example.com/infra/openbao-sdk-go/internal/engine/errors.go:68.2,68.46 1 0
git.example.com/infra/openbao-sdk-go/internal/engine/errors.go:70.75,72.24 2 0
git.example.com/infra/openbao-sdk-go/internal/engine/errors.go:72.24,74.3 1 0
git.example.com/infra/openbao-sdk-go/internal/engine/errors.go:75.2,77.39 3 0
git.example.com/infra/openbao-sdk-go/internal/engine/errors.go:77.39,80.3 2 0
git.example.com/infra/openbao-sdk-go/internal/engine/errors.go:81.2,82.21 2 0
git.example.com/infra/openbao-sdk-go/internal/engine/errors.go:82.21,85.15 3 0
git.example.com/infra/openbao-sdk-go/internal/engine/errors.go:85.15,87.4 1 0
git.example.com/infra/openbao-sdk-go/internal/engine/errors.go:91.2,91.59 1 0
git.example.com/infra/openbao-sdk-go/internal/engine/errors.go:91.59,93.28 2 0
git.example.com/infra/openbao-sdk-go/internal/engine/errors.go:93.28,95.4 1 0
git.example.com/infra/openbao-sdk-go/internal/engine/errors.go:96.3,96.29 1 0
git.example.com/infra/openbao-sdk-go/internal/engine/errors.go:96.29,98.25 2 0
git.example.com/infra/openbao-sdk-go/internal/engine/errors.go:98.25,100.5 1 0
git.example.com/infra/openbao-sdk-go/internal/engine/errors.go:103.2,103.18 1 0
git.example.com/infra/openbao-sdk-go/internal/engine/errors.go:104.11,107.36 3 0
git.example.com/infra/openbao-sdk-go/internal/engine/errors.go:107.36,108.63 1 0
git.example.com/infra/openbao-sdk-go/internal/engine/errors.go:108.63,109.106 1 0
git.example.com/infra/openbao-sdk-go/internal/engine/errors.go:109.106,111.6 1 0
git.example.com/infra/openbao-sdk-go/internal/engine/errors.go:114.11,116.29 2 0
git.example.com/infra/openbao-sdk-go/internal/engine/errors.go:117.11,119.29 2 0
git.example.com/infra/openbao-sdk-go/internal/engine/errors.go:120.11,124.24 2 0
git.example.com/infra/openbao-sdk-go/internal/engine/errors.go:124.24,126.4 1 0
git.example.com/infra/openbao-sdk-go/internal/engine/errors.go:127.3,127.74 1 0
git.example.com/infra/openbao-sdk-go/internal/engine/errors.go:127.74,129.4 1 0
git.example.com/infra/openbao-sdk-go/internal/engine/errors.go:130.31,131.29 1 0
git.example.com/infra/openbao-sdk-go/internal/engine/errors.go:132.10,133.36 1 0
git.example.com/infra/openbao-sdk-go/internal/engine/errors.go:135.2,135.48 1 0
git.example.com/infra/openbao-sdk-go/internal/engine/errors.go:137.48,139.9 2 0
git.example.com/infra/openbao-sdk-go/internal/engine/errors.go:139.9,141.3 1 0
git.example.com/infra/openbao-sdk-go/internal/engine/errors.go:142.2,143.9 2 0
git.example.com/infra/openbao-sdk-go/internal/engine/errors.go:143.9,145.3 1 0
git.example.com/infra/openbao-sdk-go/internal/engine/errors.go:146.2,147.9 2 0
git.example.com/infra/openbao-sdk-go/internal/engine/errors.go:147.9,149.3 1 0
git.example.com/infra/openbao-sdk-go/internal/engine/errors.go:150.2,151.24 2 0
git.example.com/infra/openbao-sdk-go/internal/engine/errors.go:151.24,153.3 1 0
git.example.com/infra/openbao-sdk-go/internal/engine/errors.go:154.2,154.61 1 0
git.example.com/infra/openbao-sdk-go/internal/engine/errors.go:154.61,156.3 1 0
git.example.com/infra/openbao-sdk-go/internal/engine/errors.go:157.2,158.20 2 0
git.example.com/infra/openbao-sdk-go/internal/engine/errors.go:158.20,160.3 1 0
git.example.com/infra/openbao-sdk-go/internal/engine/errors.go:161.2,162.33 2 0
git.example.com/infra/openbao-sdk-go/internal/engine/errors.go:164.94,169.2 4 0
git.example.com/infra/openbao-sdk-go/internal/engine/errors.go:170.55,173.24 3 0
git.example.com/infra/openbao-sdk-go/internal/engine/errors.go:173.24,175.3 1 0
git.example.com/infra/openbao-sdk-go/internal/engine/errors.go:176.2,176.14 1 0
git.example.com/infra/openbao-sdk-go/internal/engine/errors.go:176.14,178.3 1 0
git.example.com/infra/openbao-sdk-go/internal/engine/errors.go:179.2,179.63 1 0
git.example.com/infra/openbao-sdk-go/internal/engine/errors.go:182.44,184.27 2 0
git.example.com/infra/openbao-sdk-go/internal/engine/errors.go:184.27,186.3 1 0
git.example.com/infra/openbao-sdk-go/internal/engine/errors.go:187.2,187.25 1 0
git.example.com/infra/openbao-sdk-go/internal/engine/errors.go:187.25,189.21 2 0
git.example.com/infra/openbao-sdk-go/internal/engine/errors.go:189.21,191.4 1 0
git.example.com/infra/openbao-sdk-go/internal/engine/errors.go:193.2,193.13 1 0
git.example.com/infra/openbao-sdk-go/internal/engine/operations.go:57.46,57.87 2 0
git.example.com/infra/openbao-sdk-go/internal/engine/operations.go:58.46,58.113 1 0
git.example.com/infra/openbao-sdk-go/internal/engine/path.go:10.38,11.60 1 0
git.example.com/infra/openbao-sdk-go/internal/engine/path.go:11.60,13.3 1 0
git.example.com/infra/openbao-sdk-go/internal/engine/path.go:14.2,14.30 1 0
git.example.com/infra/openbao-sdk-go/internal/engine/path.go:14.30,16.114 2 0
git.example.com/infra/openbao-sdk-go/internal/engine/path.go:16.114,18.4 1 0
git.example.com/infra/openbao-sdk-go/internal/engine/path.go:20.2,20.12 1 0
git.example.com/infra/openbao-sdk-go/internal/engine/path.go:22.35,23.13 1 0
git.example.com/infra/openbao-sdk-go/internal/engine/path.go:23.13,25.3 1 0
git.example.com/infra/openbao-sdk-go/internal/engine/path.go:26.2,26.44 1 0
git.example.com/infra/openbao-sdk-go/internal/engine/path.go:26.44,27.34 1 0
git.example.com/infra/openbao-sdk-go/internal/engine/path.go:27.34,29.4 1 0
git.example.com/infra/openbao-sdk-go/internal/engine/path.go:31.2,31.12 1 0
git.example.com/infra/openbao-sdk-go/internal/engine/retry.go:12.100,14.25 2 0
git.example.com/infra/openbao-sdk-go/internal/engine/retry.go:14.25,15.26 1 0
git.example.com/infra/openbao-sdk-go/internal/engine/retry.go:15.26,17.9 2 0
git.example.com/infra/openbao-sdk-go/internal/engine/retry.go:19.3,19.11 1 0
git.example.com/infra/openbao-sdk-go/internal/engine/retry.go:21.2,21.22 1 0
git.example.com/infra/openbao-sdk-go/internal/engine/retry.go:21.22,23.3 1 0
git.example.com/infra/openbao-sdk-go/internal/engine/retry.go:24.2,25.13 2 0
git.example.com/infra/openbao-sdk-go/internal/engine/retry.go:25.13,27.3 1 0
git.example.com/infra/openbao-sdk-go/internal/engine/retry.go:28.2,28.40 1 0
git.example.com/infra/openbao-sdk-go/internal/engine/retry.go:28.40,30.77 2 0
git.example.com/infra/openbao-sdk-go/internal/engine/retry.go:30.77,31.62 1 0
git.example.com/infra/openbao-sdk-go/internal/engine/retry.go:31.62,33.5 1 0
git.example.com/infra/openbao-sdk-go/internal/engine/retry.go:34.4,34.53 1 0
git.example.com/infra/openbao-sdk-go/internal/engine/retry.go:35.9,35.52 1 0
git.example.com/infra/openbao-sdk-go/internal/engine/retry.go:35.52,37.22 2 0
git.example.com/infra/openbao-sdk-go/internal/engine/retry.go:37.22,39.5 1 0
git.example.com/infra/openbao-sdk-go/internal/engine/retry.go:40.9,42.4 1 0
git.example.com/infra/openbao-sdk-go/internal/engine/retry.go:43.3,43.30 1 0
git.example.com/infra/openbao-sdk-go/internal/engine/retry.go:43.30,45.4 1 0
git.example.com/infra/openbao-sdk-go/internal/engine/retry.go:46.3,46.25 1 0
git.example.com/infra/openbao-sdk-go/internal/engine/retry.go:46.25,48.4 1 0
git.example.com/infra/openbao-sdk-go/internal/engine/retry.go:50.2,50.73 1 0
git.example.com/infra/openbao-sdk-go/internal/engine/retry.go:50.73,52.3 1 0
git.example.com/infra/openbao-sdk-go/internal/engine/retry.go:53.2,53.20 1 0
git.example.com/infra/openbao-sdk-go/internal/engine/retry.go:55.55,58.9 3 0
git.example.com/infra/openbao-sdk-go/internal/engine/retry.go:59.20,60.19 1 0
git.example.com/infra/openbao-sdk-go/internal/engine/retry.go:61.17,62.13 1 0
git.example.com/infra/openbao-sdk-go/internal/engine/transport.go:32.68,35.2 2 0
git.example.com/infra/openbao-sdk-go/internal/engine/transport.go:36.56,40.2 3 0
git.example.com/infra/openbao-sdk-go/internal/engine/transport.go:41.50,42.14 1 0
git.example.com/infra/openbao-sdk-go/internal/engine/transport.go:42.14,44.3 1 0
git.example.com/infra/openbao-sdk-go/internal/engine/transport.go:45.2,48.15 4 0
git.example.com/infra/openbao-sdk-go/internal/engine/transport.go:50.31,51.14 1 0
git.example.com/infra/openbao-sdk-go/internal/engine/transport.go:51.14,53.3 1 0
git.example.com/infra/openbao-sdk-go/internal/engine/transport.go:54.2,56.15 3 0
git.example.com/infra/openbao-sdk-go/internal/engine/transport.go:58.39,61.2 2 0
git.example.com/infra/openbao-sdk-go/internal/engine/transport.go:78.58,79.112 1 0
git.example.com/infra/openbao-sdk-go/internal/engine/transport.go:79.112,81.3 1 0
git.example.com/infra/openbao-sdk-go/internal/engine/transport.go:82.2,83.22 2 0
git.example.com/infra/openbao-sdk-go/internal/engine/transport.go:83.22,85.15 2 0
git.example.com/infra/openbao-sdk-go/internal/engine/transport.go:85.15,87.4 1 0
git.example.com/infra/openbao-sdk-go/internal/engine/transport.go:88.3,88.29 1 0
git.example.com/infra/openbao-sdk-go/internal/engine/transport.go:90.2,90.58 1 0
git.example.com/infra/openbao-sdk-go/internal/engine/transport.go:92.44,92.77 1 0
git.example.com/infra/openbao-sdk-go/internal/engine/transport.go:93.74,95.32 2 0
git.example.com/infra/openbao-sdk-go/internal/engine/transport.go:95.32,97.3 1 0
git.example.com/infra/openbao-sdk-go/internal/engine/transport.go:98.2,100.16 3 0
git.example.com/infra/openbao-sdk-go/internal/engine/transport.go:100.16,103.3 2 0
git.example.com/infra/openbao-sdk-go/internal/engine/transport.go:104.2,107.81 4 0
git.example.com/infra/openbao-sdk-go/internal/engine/transport.go:107.81,108.20 1 0
git.example.com/infra/openbao-sdk-go/internal/engine/transport.go:108.20,111.4 2 0
git.example.com/infra/openbao-sdk-go/internal/engine/transport.go:112.3,113.15 2 0
git.example.com/infra/openbao-sdk-go/internal/engine/transport.go:113.15,116.4 2 0
git.example.com/infra/openbao-sdk-go/internal/engine/transport.go:117.3,122.27 6 0
git.example.com/infra/openbao-sdk-go/internal/engine/transport.go:124.2,125.30 2 0
git.example.com/infra/openbao-sdk-go/internal/engine/transport.go:125.30,129.3 3 0
git.example.com/infra/openbao-sdk-go/internal/engine/transport.go:130.2,130.14 1 0
git.example.com/infra/openbao-sdk-go/internal/engine/transport.go:130.14,134.3 3 0
git.example.com/infra/openbao-sdk-go/internal/engine/transport.go:135.2,138.18 4 0
git.example.com/infra/openbao-sdk-go/internal/engine/transport.go:143.47,144.106 1 0
git.example.com/infra/openbao-sdk-go/internal/engine/transport.go:144.106,144.140 1 0
git.example.com/infra/openbao-sdk-go/internal/engine/types.go:22.27,23.14 1 0
git.example.com/infra/openbao-sdk-go/internal/engine/types.go:23.14,26.3 2 0
git.example.com/infra/openbao-sdk-go/internal/jsondoc/json.go:19.54,20.22 1 0
git.example.com/infra/openbao-sdk-go/internal/jsondoc/json.go:20.22,22.3 1 0
git.example.com/infra/openbao-sdk-go/internal/jsondoc/json.go:23.2,26.14 4 0
git.example.com/infra/openbao-sdk-go/internal/jsondoc/json.go:26.14,28.3 1 0
git.example.com/infra/openbao-sdk-go/internal/jsondoc/json.go:29.2,29.35 1 0
git.example.com/infra/openbao-sdk-go/internal/jsondoc/json.go:29.35,31.3 1 0
git.example.com/infra/openbao-sdk-go/internal/jsondoc/json.go:32.2,32.16 1 0
git.example.com/infra/openbao-sdk-go/internal/jsondoc/json.go:32.16,33.39 1 0
git.example.com/infra/openbao-sdk-go/internal/jsondoc/json.go:33.39,35.4 1 0
git.example.com/infra/openbao-sdk-go/internal/jsondoc/json.go:37.2,37.15 1 0
git.example.com/infra/openbao-sdk-go/internal/jsondoc/json.go:39.53,41.14 2 0
git.example.com/infra/openbao-sdk-go/internal/jsondoc/json.go:41.14,43.3 1 0
git.example.com/infra/openbao-sdk-go/internal/jsondoc/json.go:44.2,44.39 1 0
git.example.com/infra/openbao-sdk-go/internal/jsondoc/json.go:44.39,45.24 1 0
git.example.com/infra/openbao-sdk-go/internal/jsondoc/json.go:45.24,47.4 1 0
git.example.com/infra/openbao-sdk-go/internal/jsondoc/json.go:48.3,48.16 1 0
git.example.com/infra/openbao-sdk-go/internal/jsondoc/json.go:49.12,51.17 2 0
git.example.com/infra/openbao-sdk-go/internal/jsondoc/json.go:51.17,53.17 2 0
git.example.com/infra/openbao-sdk-go/internal/jsondoc/json.go:53.17,55.6 1 0
git.example.com/infra/openbao-sdk-go/internal/jsondoc/json.go:56.5,57.12 2 0
git.example.com/infra/openbao-sdk-go/internal/jsondoc/json.go:57.12,59.6 1 0
git.example.com/infra/openbao-sdk-go/internal/jsondoc/json.go:60.5,60.36 1 0
git.example.com/infra/openbao-sdk-go/internal/jsondoc/json.go:60.36,62.6 1 0
git.example.com/infra/openbao-sdk-go/internal/jsondoc/json.go:63.5,64.17 2 0
git.example.com/infra/openbao-sdk-go/internal/jsondoc/json.go:64.17,66.6 1 0
git.example.com/infra/openbao-sdk-go/internal/jsondoc/json.go:67.5,67.15 1 0
git.example.com/infra/openbao-sdk-go/internal/jsondoc/json.go:69.4,70.42 2 0
git.example.com/infra/openbao-sdk-go/internal/jsondoc/json.go:70.42,72.5 1 0
git.example.com/infra/openbao-sdk-go/internal/jsondoc/json.go:73.4,73.17 1 0
git.example.com/infra/openbao-sdk-go/internal/jsondoc/json.go:74.12,76.17 2 0
git.example.com/infra/openbao-sdk-go/internal/jsondoc/json.go:76.17,78.17 2 0
git.example.com/infra/openbao-sdk-go/internal/jsondoc/json.go:78.17,80.6 1 0
git.example.com/infra/openbao-sdk-go/internal/jsondoc/json.go:81.5,81.21 1 0
git.example.com/infra/openbao-sdk-go/internal/jsondoc/json.go:83.4,84.42 2 0
git.example.com/infra/openbao-sdk-go/internal/jsondoc/json.go:84.42,86.5 1 0
git.example.com/infra/openbao-sdk-go/internal/jsondoc/json.go:87.4,87.17 1 0
git.example.com/infra/openbao-sdk-go/internal/jsondoc/json.go:88.11,89.26 1 0
git.example.com/infra/openbao-sdk-go/internal/jsondoc/json.go:92.2,92.20 1 0
git.example.com/infra/openbao-sdk-go/internal/jsondoc/json.go:93.38,94.18 1 0
git.example.com/infra/openbao-sdk-go/internal/jsondoc/json.go:95.10,96.25 1 0
git.example.com/infra/openbao-sdk-go/internal/jsondoc/json.go:99.49,101.14 2 0
git.example.com/infra/openbao-sdk-go/internal/jsondoc/json.go:101.14,103.3 1 0
git.example.com/infra/openbao-sdk-go/internal/jsondoc/json.go:104.2,104.32 1 0
git.example.com/infra/openbao-sdk-go/internal/pkiutil/parse.go:19.70,20.50 1 55
git.example.com/infra/openbao-sdk-go/internal/pkiutil/parse.go:20.50,22.3 1 0
git.example.com/infra/openbao-sdk-go/internal/pkiutil/parse.go:23.2,26.20 4 55
git.example.com/infra/openbao-sdk-go/internal/pkiutil/parse.go:26.20,27.88 1 55
git.example.com/infra/openbao-sdk-go/internal/pkiutil/parse.go:27.88,29.4 1 3
git.example.com/infra/openbao-sdk-go/internal/pkiutil/parse.go:30.3,31.65 2 52
git.example.com/infra/openbao-sdk-go/internal/pkiutil/parse.go:31.65,33.4 1 0
git.example.com/infra/openbao-sdk-go/internal/pkiutil/parse.go:34.3,35.104 2 52
git.example.com/infra/openbao-sdk-go/internal/pkiutil/parse.go:35.104,37.4 1 0
git.example.com/infra/openbao-sdk-go/internal/pkiutil/parse.go:38.3,40.31 3 52
git.example.com/infra/openbao-sdk-go/internal/pkiutil/parse.go:42.2,42.21 1 52
git.example.com/infra/openbao-sdk-go/internal/pkiutil/parse.go:42.21,44.3 1 0
git.example.com/infra/openbao-sdk-go/internal/pkiutil/parse.go:45.2,45.27 1 52
git.example.com/infra/openbao-sdk-go/internal/pkiutil/parse.go:47.56,48.50 1 4
git.example.com/infra/openbao-sdk-go/internal/pkiutil/parse.go:48.50,50.3 1 0
git.example.com/infra/openbao-sdk-go/internal/pkiutil/parse.go:51.2,52.152 2 4
git.example.com/infra/openbao-sdk-go/internal/pkiutil/parse.go:52.152,54.3 1 1
git.example.com/infra/openbao-sdk-go/internal/pkiutil/parse.go:55.2,56.146 2 3
git.example.com/infra/openbao-sdk-go/internal/pkiutil/parse.go:56.146,58.3 1 1
git.example.com/infra/openbao-sdk-go/internal/pkiutil/parse.go:59.2,60.45 2 2
git.example.com/infra/openbao-sdk-go/internal/pkiutil/parse.go:60.45,62.3 1 1
git.example.com/infra/openbao-sdk-go/internal/pkiutil/parse.go:63.2,63.17 1 1
git.example.com/infra/openbao-sdk-go/internal/pkiutil/parse.go:65.52,66.50 1 16
git.example.com/infra/openbao-sdk-go/internal/pkiutil/parse.go:66.50,68.3 1 0
git.example.com/infra/openbao-sdk-go/internal/pkiutil/parse.go:69.2,70.67 2 16
git.example.com/infra/openbao-sdk-go/internal/pkiutil/parse.go:70.67,72.3 1 0
git.example.com/infra/openbao-sdk-go/internal/pkiutil/parse.go:73.2,74.97 2 16
git.example.com/infra/openbao-sdk-go/internal/pkiutil/parse.go:74.97,76.3 1 0
git.example.com/infra/openbao-sdk-go/internal/pkiutil/parse.go:77.2,79.14 3 16
git.example.com/infra/openbao-sdk-go/internal/pkiutil/parse.go:79.14,81.3 1 0
git.example.com/infra/openbao-sdk-go/internal/pkiutil/parse.go:82.2,83.9 2 16
git.example.com/infra/openbao-sdk-go/internal/pkiutil/parse.go:83.9,85.3 1 0
git.example.com/infra/openbao-sdk-go/internal/pkiutil/parse.go:86.2,86.15 1 16
git.example.com/infra/openbao-sdk-go/internal/pkiutil/parse.go:88.32,90.14 2 16
git.example.com/infra/openbao-sdk-go/internal/pkiutil/parse.go:90.14,92.3 1 0
git.example.com/infra/openbao-sdk-go/internal/pkiutil/parse.go:93.2,94.38 2 16
git.example.com/infra/openbao-sdk-go/internal/pkiutil/parse.go:96.32,97.31 1 2
git.example.com/infra/openbao-sdk-go/internal/pkiutil/parse.go:97.31,99.3 1 0
git.example.com/infra/openbao-sdk-go/internal/pkiutil/parse.go:100.2,102.35 3 2
git.example.com/infra/openbao-sdk-go/internal/pkiutil/parse.go:102.35,104.3 1 4
git.example.com/infra/openbao-sdk-go/internal/pkiutil/parse.go:105.2,105.33 1 2
git.example.com/infra/openbao-sdk-go/internal/pkiutil/parse.go:107.48,108.62 1 1
git.example.com/infra/openbao-sdk-go/internal/pkiutil/parse.go:108.62,110.3 1 0
git.example.com/infra/openbao-sdk-go/internal/pkiutil/parse.go:111.2,112.30 2 1
git.example.com/infra/openbao-sdk-go/internal/pkiutil/parse.go:112.30,114.3 1 1
git.example.com/infra/openbao-sdk-go/internal/pkiutil/parse.go:115.2,115.30 1 1
git.example.com/infra/openbao-sdk-go/internal/pkiutil/parse.go:115.30,116.22 1 0
git.example.com/infra/openbao-sdk-go/internal/pkiutil/parse.go:116.22,118.4 1 0
git.example.com/infra/openbao-sdk-go/internal/pkiutil/parse.go:119.3,119.18 1 0
git.example.com/infra/openbao-sdk-go/internal/pkiutil/parse.go:121.2,122.21 2 1
git.example.com/infra/openbao-sdk-go/internal/pkiutil/parse.go:122.21,124.27 2 1
git.example.com/infra/openbao-sdk-go/internal/pkiutil/parse.go:124.27,125.19 1 2
git.example.com/infra/openbao-sdk-go/internal/pkiutil/parse.go:125.19,127.5 1 0
git.example.com/infra/openbao-sdk-go/internal/pkiutil/parse.go:129.3,129.32 1 1
git.example.com/infra/openbao-sdk-go/internal/pkiutil/parse.go:131.2,131.21 1 1
git.example.com/infra/openbao-sdk-go/internal/pkiutil/parse.go:131.21,133.3 1 0
git.example.com/infra/openbao-sdk-go/internal/pkiutil/parse.go:134.2,134.19 1 1
git.example.com/infra/openbao-sdk-go/internal/pkiutil/parse.go:134.19,136.3 1 0
git.example.com/infra/openbao-sdk-go/internal/pkiutil/parse.go:137.2,138.14 2 1
git.example.com/infra/openbao-sdk-go/internal/pkiutil/parse.go:138.14,140.3 1 0
git.example.com/infra/openbao-sdk-go/internal/pkiutil/parse.go:141.2,142.19 2 1
git.example.com/infra/openbao-sdk-go/internal/pkiutil/parse.go:142.19,144.3 1 0
git.example.com/infra/openbao-sdk-go/internal/pkiutil/parse.go:145.2,145.23 1 1
git.example.com/infra/openbao-sdk-go/internal/transitutil/encoding.go:29.53,30.45 1 0
git.example.com/infra/openbao-sdk-go/internal/transitutil/encoding.go:30.45,32.3 1 0
git.example.com/infra/openbao-sdk-go/internal/transitutil/encoding.go:33.2,34.87 2 0
git.example.com/infra/openbao-sdk-go/internal/transitutil/encoding.go:34.87,36.3 1 0
git.example.com/infra/openbao-sdk-go/internal/transitutil/encoding.go:37.2,38.59 2 0
git.example.com/infra/openbao-sdk-go/internal/transitutil/encoding.go:38.59,40.3 1 0
git.example.com/infra/openbao-sdk-go/internal/transitutil/encoding.go:41.2,42.81 2 0
git.example.com/infra/openbao-sdk-go/internal/transitutil/encoding.go:42.81,45.3 2 0
git.example.com/infra/openbao-sdk-go/internal/transitutil/encoding.go:46.2,46.18 1 0
git.example.com/infra/openbao-sdk-go/internal/transitutil/encoding.go:48.56,49.11 1 0
git.example.com/infra/openbao-sdk-go/internal/transitutil/encoding.go:50.57,51.14 1 0
git.example.com/infra/openbao-sdk-go/internal/transitutil/encoding.go:52.30,53.17 1 0
git.example.com/infra/openbao-sdk-go/internal/transitutil/encoding.go:55.2,55.14 1 0
git.example.com/infra/openbao-sdk-go/internal/transitutil/encoding.go:57.65,59.11 2 0
git.example.com/infra/openbao-sdk-go/internal/transitutil/encoding.go:60.35,62.37 2 0
git.example.com/infra/openbao-sdk-go/internal/transitutil/encoding.go:63.28,66.28 3 0
git.example.com/infra/openbao-sdk-go/internal/transitutil/encoding.go:67.30,68.31 1 0
git.example.com/infra/openbao-sdk-go/internal/transitutil/encoding.go:70.2,70.10 1 0
git.example.com/infra/openbao-sdk-go/internal/transitutil/encoding.go:72.55,73.11 1 0
git.example.com/infra/openbao-sdk-go/internal/transitutil/encoding.go:74.35,77.67 3 0
git.example.com/infra/openbao-sdk-go/internal/transitutil/encoding.go:77.67,79.4 1 0
git.example.com/infra/openbao-sdk-go/internal/transitutil/encoding.go:80.3,81.90 2 0
git.example.com/infra/openbao-sdk-go/internal/transitutil/encoding.go:82.28,83.41 1 0
git.example.com/infra/openbao-sdk-go/internal/transitutil/encoding.go:84.30,85.41 1 0
git.example.com/infra/openbao-sdk-go/internal/transitutil/encoding.go:87.2,87.14 1 0
git.example.com/infra/openbao-sdk-go/internal/transitutil/encoding.go:91.74,92.41 1 0
git.example.com/infra/openbao-sdk-go/internal/transitutil/encoding.go:92.41,94.3 1 0
git.example.com/infra/openbao-sdk-go/internal/transitutil/encoding.go:95.2,96.64 2 0
git.example.com/infra/openbao-sdk-go/internal/transitutil/encoding.go:96.64,98.98 2 0
git.example.com/infra/openbao-sdk-go/internal/transitutil/encoding.go:98.98,100.4 1 0
git.example.com/infra/openbao-sdk-go/internal/transitutil/encoding.go:101.3,101.29 1 0
git.example.com/infra/openbao-sdk-go/internal/transitutil/encoding.go:102.8,105.174 3 0
git.example.com/infra/openbao-sdk-go/internal/transitutil/encoding.go:105.174,107.4 1 0
git.example.com/infra/openbao-sdk-go/internal/transitutil/encoding.go:108.3,110.15 3 0
git.example.com/infra/openbao-sdk-go/internal/transitutil/encoding.go:110.15,112.4 1 0
git.example.com/infra/openbao-sdk-go/internal/transitutil/encoding.go:114.2,114.14 1 0
git.example.com/infra/openbao-sdk-go/internal/transitutil/encoding.go:115.20,117.72 2 0
git.example.com/infra/openbao-sdk-go/internal/transitutil/encoding.go:117.72,119.4 1 0
git.example.com/infra/openbao-sdk-go/internal/transitutil/encoding.go:120.42,123.73 3 0
git.example.com/infra/openbao-sdk-go/internal/transitutil/encoding.go:123.73,125.4 1 0
git.example.com/infra/openbao-sdk-go/internal/transitutil/encoding.go:126.17,127.60 1 0
git.example.com/infra/openbao-sdk-go/internal/transitutil/encoding.go:127.60,129.4 1 0
git.example.com/infra/openbao-sdk-go/internal/transitutil/encoding.go:130.10,131.36 1 0
git.example.com/infra/openbao-sdk-go/internal/transitutil/encoding.go:133.2,134.14 2 0
git.example.com/infra/openbao-sdk-go/internal/transitutil/encoding.go:134.14,136.3 1 0
git.example.com/infra/openbao-sdk-go/internal/transitutil/encoding.go:137.2,137.86 1 0
git.example.com/infra/openbao-sdk-go/internal/transitutil/encoding.go:139.54,140.11 1 0
git.example.com/infra/openbao-sdk-go/internal/transitutil/encoding.go:141.35,142.30 1 0
git.example.com/infra/openbao-sdk-go/internal/transitutil/encoding.go:143.28,144.72 1 0
git.example.com/infra/openbao-sdk-go/internal/transitutil/encoding.go:145.30,146.27 1 0
git.example.com/infra/openbao-sdk-go/internal/transitutil/encoding.go:148.2,148.14 1 0
git.example.com/infra/openbao-sdk-go/internal/transitutil/encoding.go:150.106,151.60 1 0
git.example.com/infra/openbao-sdk-go/internal/transitutil/encoding.go:151.60,153.3 1 0
git.example.com/infra/openbao-sdk-go/internal/transitutil/encoding.go:154.2,154.33 1 0
git.example.com/infra/openbao-sdk-go/internal/transitutil/encoding.go:154.33,157.3 2 0
git.example.com/infra/openbao-sdk-go/internal/transitutil/encoding.go:158.2,159.16 2 0
git.example.com/infra/openbao-sdk-go/internal/transitutil/encoding.go:159.16,162.3 2 0
git.example.com/infra/openbao-sdk-go/internal/transitutil/encoding.go:162.8,162.25 1 0
git.example.com/infra/openbao-sdk-go/internal/transitutil/encoding.go:162.25,164.3 1 0
git.example.com/infra/openbao-sdk-go/internal/transitutil/encoding.go:165.2,165.25 1 0
git.example.com/infra/openbao-sdk-go/internal/transitutil/encoding.go:166.24,167.73 1 0
git.example.com/infra/openbao-sdk-go/internal/transitutil/encoding.go:168.22,169.164 1 0
git.example.com/infra/openbao-sdk-go/internal/transitutil/encoding.go:171.2,171.14 1 0
git.example.com/infra/openbao-sdk-go/kv/document.go:18.47,20.14 2 0
git.example.com/infra/openbao-sdk-go/kv/document.go:20.14,22.3 1 0
git.example.com/infra/openbao-sdk-go/kv/document.go:23.2,24.27 2 0
git.example.com/infra/openbao-sdk-go/kv/document.go:26.50,27.43 1 0
git.example.com/infra/openbao-sdk-go/kv/document.go:27.43,29.3 1 0
git.example.com/infra/openbao-sdk-go/kv/document.go:30.2,30.52 1 0
git.example.com/infra/openbao-sdk-go/kv/document.go:32.41,35.19 3 0
git.example.com/infra/openbao-sdk-go/kv/document.go:35.19,37.3 1 0
git.example.com/infra/openbao-sdk-go/kv/document.go:38.2,40.40 3 0
git.example.com/infra/openbao-sdk-go/kv/document.go:40.40,42.3 1 0
git.example.com/infra/openbao-sdk-go/kv/document.go:43.2,43.12 1 0
git.example.com/infra/openbao-sdk-go/kv/document.go:45.39,45.68 1 0
git.example.com/infra/openbao-sdk-go/kv/document.go:46.27,47.14 1 0
git.example.com/infra/openbao-sdk-go/kv/document.go:47.14,49.3 1 0
git.example.com/infra/openbao-sdk-go/kv/document.go:51.54,51.77 1 0
git.example.com/infra/openbao-sdk-go/kv/document.go:52.54,52.77 1 0
git.example.com/infra/openbao-sdk-go/kv/document.go:53.54,53.100 1 0
git.example.com/infra/openbao-sdk-go/kv/document.go:54.54,54.95 1 0
git.example.com/infra/openbao-sdk-go/kv/document.go:55.49,57.2 1 0
git.example.com/infra/openbao-sdk-go/pki/validate.go:11.30,13.2 1 21
git.example.com/infra/openbao-sdk-go/pki/validate.go:16.36,17.40 1 4
git.example.com/infra/openbao-sdk-go/pki/validate.go:17.40,19.3 1 3
git.example.com/infra/openbao-sdk-go/pki/validate.go:20.2,20.12 1 1
git.example.com/infra/openbao-sdk-go/pki/validate.go:25.74,27.170 2 20
git.example.com/infra/openbao-sdk-go/pki/validate.go:27.170,29.3 1 3
git.example.com/infra/openbao-sdk-go/pki/validate.go:30.2,31.14 2 17
git.example.com/infra/openbao-sdk-go/pki/validate.go:31.14,33.3 1 1
git.example.com/infra/openbao-sdk-go/pki/validate.go:34.2,38.71 5 16
git.example.com/infra/openbao-sdk-go/pki/validate.go:38.71,40.3 1 1
git.example.com/infra/openbao-sdk-go/pki/validate.go:41.2,42.45 2 15
git.example.com/infra/openbao-sdk-go/pki/validate.go:42.45,44.15 2 15
git.example.com/infra/openbao-sdk-go/pki/validate.go:44.15,46.4 1 1
git.example.com/infra/openbao-sdk-go/pki/validate.go:47.3,47.24 1 14
git.example.com/infra/openbao-sdk-go/pki/validate.go:47.24,48.15 1 14
git.example.com/infra/openbao-sdk-go/pki/validate.go:48.15,50.5 1 1
git.example.com/infra/openbao-sdk-go/pki/validate.go:51.4,51.20 1 13
git.example.com/infra/openbao-sdk-go/pki/validate.go:54.2,55.30 2 13
git.example.com/infra/openbao-sdk-go/pki/validate.go:55.30,57.3 1 0
git.example.com/infra/openbao-sdk-go/pki/validate.go:58.2,59.46 2 13
git.example.com/infra/openbao-sdk-go/pki/validate.go:59.46,61.3 1 13
git.example.com/infra/openbao-sdk-go/pki/validate.go:62.2,62.25 1 13
git.example.com/infra/openbao-sdk-go/pki/validate.go:62.25,64.3 1 1
git.example.com/infra/openbao-sdk-go/pki/validate.go:65.2,65.32 1 12
git.example.com/infra/openbao-sdk-go/pki/validate.go:65.32,67.15 2 23
git.example.com/infra/openbao-sdk-go/pki/validate.go:67.15,69.4 1 1
git.example.com/infra/openbao-sdk-go/pki/validate.go:70.3,70.24 1 22
git.example.com/infra/openbao-sdk-go/pki/validate.go:70.24,72.4 1 22
git.example.com/infra/openbao-sdk-go/pki/validate.go:74.2,75.18 2 11
git.example.com/infra/openbao-sdk-go/pki/validate.go:75.18,77.3 1 4
git.example.com/infra/openbao-sdk-go/pki/validate.go:78.2,78.113 1 11
git.example.com/infra/openbao-sdk-go/pki/validate.go:78.113,80.3 1 2
git.example.com/infra/openbao-sdk-go/pki/validate.go:81.2,81.193 1 9
git.example.com/infra/openbao-sdk-go/pki/validate.go:81.193,83.3 1 1
git.example.com/infra/openbao-sdk-go/pki/validate.go:84.2,84.43 1 8
git.example.com/infra/openbao-sdk-go/pki/validate.go:84.43,86.62 2 1
git.example.com/infra/openbao-sdk-go/pki/validate.go:86.62,88.4 1 1
git.example.com/infra/openbao-sdk-go/pki/validate.go:90.2,90.77 1 7
git.example.com/infra/openbao-sdk-go/pki/validate.go:90.77,92.3 1 1
git.example.com/infra/openbao-sdk-go/pki/validate.go:93.2,93.42 1 6
git.example.com/infra/openbao-sdk-go/pki/validate.go:93.42,95.40 2 5
git.example.com/infra/openbao-sdk-go/pki/validate.go:95.40,96.39 1 5
git.example.com/infra/openbao-sdk-go/pki/validate.go:96.39,98.5 1 4
git.example.com/infra/openbao-sdk-go/pki/validate.go:100.3,100.13 1 5
git.example.com/infra/openbao-sdk-go/pki/validate.go:100.13,102.4 1 1
git.example.com/infra/openbao-sdk-go/pki/validate.go:104.2,104.42 1 5
git.example.com/infra/openbao-sdk-go/pki/validate.go:104.42,106.36 2 4
git.example.com/infra/openbao-sdk-go/pki/validate.go:106.36,107.31 1 4
git.example.com/infra/openbao-sdk-go/pki/validate.go:107.31,109.5 1 3
git.example.com/infra/openbao-sdk-go/pki/validate.go:111.3,111.13 1 4
git.example.com/infra/openbao-sdk-go/pki/validate.go:111.13,113.4 1 1
git.example.com/infra/openbao-sdk-go/pki/validate.go:115.2,115.44 1 4
git.example.com/infra/openbao-sdk-go/pki/validate.go:115.44,116.156 1 4
git.example.com/infra/openbao-sdk-go/pki/validate.go:116.156,118.4 1 2
git.example.com/infra/openbao-sdk-go/pki/validate.go:120.2,120.12 1 2
git.example.com/infra/openbao-sdk-go/sensitive/bytes.go:22.35,22.102 1 3
git.example.com/infra/openbao-sdk-go/sensitive/bytes.go:23.36,24.19 1 16
git.example.com/infra/openbao-sdk-go/sensitive/bytes.go:24.19,26.3 1 0
git.example.com/infra/openbao-sdk-go/sensitive/bytes.go:27.2,29.45 3 16
git.example.com/infra/openbao-sdk-go/sensitive/bytes.go:31.24,32.31 1 3
git.example.com/infra/openbao-sdk-go/sensitive/bytes.go:32.31,34.3 1 0
git.example.com/infra/openbao-sdk-go/sensitive/bytes.go:35.2,38.20 4 3
git.example.com/infra/openbao-sdk-go/sensitive/bytes.go:40.26,41.19 1 0
git.example.com/infra/openbao-sdk-go/sensitive/bytes.go:41.19,43.3 1 0
git.example.com/infra/openbao-sdk-go/sensitive/bytes.go:44.2,46.26 3 0
git.example.com/infra/openbao-sdk-go/sensitive/bytes.go:48.51,48.74 1 0
git.example.com/infra/openbao-sdk-go/sensitive/bytes.go:49.51,49.74 1 0
git.example.com/infra/openbao-sdk-go/sensitive/bytes.go:50.51,50.97 1 0
git.example.com/infra/openbao-sdk-go/sensitive/bytes.go:51.51,51.92 1 0
git.example.com/infra/openbao-sdk-go/sensitive/bytes.go:52.46,54.2 1 0
git.example.com/infra/openbao-sdk-go/auth/providers.go:27.41,29.2 1 0
git.example.com/infra/openbao-sdk-go/auth/providers.go:30.48,31.16 1 345
git.example.com/infra/openbao-sdk-go/auth/providers.go:31.16,33.3 1 0
git.example.com/infra/openbao-sdk-go/auth/providers.go:34.2,34.35 1 345
git.example.com/infra/openbao-sdk-go/auth/providers.go:34.35,36.3 1 0
git.example.com/infra/openbao-sdk-go/auth/providers.go:37.2,37.43 1 345
git.example.com/infra/openbao-sdk-go/auth/providers.go:37.43,39.3 1 0
git.example.com/infra/openbao-sdk-go/auth/providers.go:40.2,40.12 1 345
git.example.com/infra/openbao-sdk-go/auth/providers.go:42.37,43.48 1 53
git.example.com/infra/openbao-sdk-go/auth/providers.go:43.48,45.3 1 0
git.example.com/infra/openbao-sdk-go/auth/providers.go:46.2,46.22 1 53
git.example.com/infra/openbao-sdk-go/auth/providers.go:46.22,47.24 1 681
git.example.com/infra/openbao-sdk-go/auth/providers.go:47.24,49.4 1 0
git.example.com/infra/openbao-sdk-go/auth/providers.go:51.2,51.13 1 53
git.example.com/infra/openbao-sdk-go/auth/providers.go:53.47,54.31 1 53
git.example.com/infra/openbao-sdk-go/auth/providers.go:54.31,54.89 1 1
git.example.com/infra/openbao-sdk-go/auth/providers.go:55.2,55.30 1 53
git.example.com/infra/openbao-sdk-go/auth/providers.go:55.30,57.3 1 0
git.example.com/infra/openbao-sdk-go/auth/providers.go:58.2,60.44 3 53
git.example.com/infra/openbao-sdk-go/auth/providers.go:69.67,72.27 3 53
git.example.com/infra/openbao-sdk-go/auth/providers.go:72.27,74.3 1 0
git.example.com/infra/openbao-sdk-go/auth/providers.go:75.2,76.16 2 53
git.example.com/infra/openbao-sdk-go/auth/providers.go:76.16,78.3 1 0
git.example.com/infra/openbao-sdk-go/auth/providers.go:79.2,79.73 1 53
git.example.com/infra/openbao-sdk-go/auth/providers.go:81.76,82.44 1 345
git.example.com/infra/openbao-sdk-go/auth/providers.go:82.44,84.3 1 0
git.example.com/infra/openbao-sdk-go/auth/providers.go:85.2,87.85 3 345
git.example.com/infra/openbao-sdk-go/auth/providers.go:96.38,98.2 1 0
git.example.com/infra/openbao-sdk-go/auth/providers.go:102.55,103.26 1 0
git.example.com/infra/openbao-sdk-go/auth/providers.go:103.26,105.3 1 0
git.example.com/infra/openbao-sdk-go/auth/providers.go:106.2,106.36 1 0
git.example.com/infra/openbao-sdk-go/auth/providers.go:108.78,109.83 1 0
git.example.com/infra/openbao-sdk-go/auth/providers.go:109.83,111.3 1 0
git.example.com/infra/openbao-sdk-go/auth/providers.go:112.2,112.49 1 0
git.example.com/infra/openbao-sdk-go/auth/providers.go:114.88,115.44 1 0
git.example.com/infra/openbao-sdk-go/auth/providers.go:115.44,117.3 1 0
git.example.com/infra/openbao-sdk-go/auth/providers.go:120.2,121.42 2 0
git.example.com/infra/openbao-sdk-go/auth/providers.go:121.42,123.3 1 0
git.example.com/infra/openbao-sdk-go/auth/providers.go:124.2,125.16 2 0
git.example.com/infra/openbao-sdk-go/auth/providers.go:125.16,127.3 1 0
git.example.com/infra/openbao-sdk-go/auth/providers.go:128.2,130.76 3 0
git.example.com/infra/openbao-sdk-go/auth/providers.go:130.76,132.3 1 0
git.example.com/infra/openbao-sdk-go/auth/providers.go:133.2,135.49 3 0
git.example.com/infra/openbao-sdk-go/auth/providers.go:135.49,137.3 1 0
git.example.com/infra/openbao-sdk-go/auth/providers.go:138.2,138.43 1 0
git.example.com/infra/openbao-sdk-go/auth/providers.go:138.43,140.3 1 0
git.example.com/infra/openbao-sdk-go/auth/providers.go:141.2,142.29 2 0
git.example.com/infra/openbao-sdk-go/auth/providers.go:142.29,144.3 1 0
git.example.com/infra/openbao-sdk-go/auth/providers.go:145.2,146.16 2 0
git.example.com/infra/openbao-sdk-go/auth/providers.go:146.16,148.3 1 0
git.example.com/infra/openbao-sdk-go/auth/providers.go:149.2,149.42 1 0
git.example.com/infra/openbao-sdk-go/auth/providers.go:151.74,153.16 2 0
git.example.com/infra/openbao-sdk-go/auth/providers.go:153.16,155.3 1 0
git.example.com/infra/openbao-sdk-go/auth/providers.go:156.2,156.52 1 0
git.example.com/infra/openbao-sdk-go/auth/providers.go:158.79,160.16 2 0
git.example.com/infra/openbao-sdk-go/auth/providers.go:160.16,162.3 1 0
git.example.com/infra/openbao-sdk-go/auth/providers.go:163.2,163.70 1 0
git.example.com/infra/openbao-sdk-go/baoerr/error.go:49.32,50.14 1 0
git.example.com/infra/openbao-sdk-go/baoerr/error.go:50.14,52.3 1 0
git.example.com/infra/openbao-sdk-go/baoerr/error.go:53.2,53.43 1 0
git.example.com/infra/openbao-sdk-go/baoerr/error.go:55.32,56.14 1 5
git.example.com/infra/openbao-sdk-go/baoerr/error.go:56.14,58.3 1 0
git.example.com/infra/openbao-sdk-go/baoerr/error.go:59.2,59.16 1 5
git.example.com/infra/openbao-sdk-go/baoerr/error.go:60.20,61.26 1 3
git.example.com/infra/openbao-sdk-go/baoerr/error.go:62.28,63.34 1 2
git.example.com/infra/openbao-sdk-go/baoerr/error.go:65.2,65.12 1 0
git.example.com/infra/openbao-sdk-go/baoerr/error.go:67.42,70.2 2 51
git.example.com/infra/openbao-sdk-go/baoerr/error.go:71.40,74.2 2 13
git.example.com/infra/openbao-sdk-go/baoerr/error.go:75.45,75.65 1 0
git.example.com/infra/openbao-sdk-go/baoerr/error.go:76.45,76.65 1 0
git.example.com/infra/openbao-sdk-go/baoerr/error.go:77.45,77.84 1 0
git.example.com/infra/openbao-sdk-go/baoerr/error.go:78.45,78.83 1 0
git.example.com/infra/openbao-sdk-go/baoerr/error.go:79.47,80.14 1 0
git.example.com/infra/openbao-sdk-go/baoerr/error.go:80.14,82.3 1 0
git.example.com/infra/openbao-sdk-go/baoerr/error.go:83.2,89.81 1 0
git.example.com/infra/openbao-sdk-go/baoerr/error.go:91.32,92.11 1 0
git.example.com/infra/openbao-sdk-go/baoerr/error.go:93.281,94.11 1 0
git.example.com/infra/openbao-sdk-go/baoerr/error.go:96.2,96.20 1 0
git.example.com/infra/openbao-sdk-go/baoerr/error.go:98.34,99.11 1 0
git.example.com/infra/openbao-sdk-go/baoerr/error.go:100.50,101.11 1 0
git.example.com/infra/openbao-sdk-go/baoerr/error.go:103.2,103.22 1 0
git.example.com/infra/openbao-sdk-go/internal/authn/approle.go:16.55,20.26 4 0
git.example.com/infra/openbao-sdk-go/internal/authn/approle.go:20.26,22.3 1 0
git.example.com/infra/openbao-sdk-go/internal/authn/approle.go:23.2,24.16 2 0
git.example.com/infra/openbao-sdk-go/internal/authn/approle.go:24.16,26.3 1 0
git.example.com/infra/openbao-sdk-go/internal/authn/approle.go:27.2,31.184 5 0
git.example.com/infra/openbao-sdk-go/internal/authn/approle.go:31.184,33.3 1 0
git.example.com/infra/openbao-sdk-go/internal/authn/approle.go:34.2,34.40 1 0
git.example.com/infra/openbao-sdk-go/internal/authn/approle.go:34.40,36.3 1 0
git.example.com/infra/openbao-sdk-go/internal/authn/approle.go:37.2,37.40 1 0
git.example.com/infra/openbao-sdk-go/internal/authn/approle.go:37.40,40.12 3 0
git.example.com/infra/openbao-sdk-go/internal/authn/approle.go:40.12,42.4 1 0
git.example.com/infra/openbao-sdk-go/internal/authn/approle.go:43.3,44.11 2 0
git.example.com/infra/openbao-sdk-go/internal/authn/approle.go:44.11,46.4 1 0
git.example.com/infra/openbao-sdk-go/internal/authn/approle.go:48.2,49.16 2 0
git.example.com/infra/openbao-sdk-go/internal/authn/approle.go:49.16,51.3 1 0
git.example.com/infra/openbao-sdk-go/internal/authn/approle.go:52.2,54.17 3 0
git.example.com/infra/openbao-sdk-go/internal/authn/approle.go:54.17,56.3 1 0
git.example.com/infra/openbao-sdk-go/internal/authn/approle.go:57.2,57.16 1 0
git.example.com/infra/openbao-sdk-go/internal/authn/approle.go:57.16,59.3 1 0
git.example.com/infra/openbao-sdk-go/internal/authn/approle.go:60.2,60.57 1 0
git.example.com/infra/openbao-sdk-go/internal/authn/approle.go:62.81,66.189 4 0
git.example.com/infra/openbao-sdk-go/internal/authn/approle.go:66.189,66.218 1 0
git.example.com/infra/openbao-sdk-go/internal/authn/approle.go:67.2,67.17 1 0
git.example.com/infra/openbao-sdk-go/internal/authn/approle.go:67.17,69.3 1 0
git.example.com/infra/openbao-sdk-go/internal/authn/approle.go:70.2,70.16 1 0
git.example.com/infra/openbao-sdk-go/internal/authn/approle.go:70.16,72.3 1 0
git.example.com/infra/openbao-sdk-go/internal/authn/approle.go:73.2,73.57 1 0
git.example.com/infra/openbao-sdk-go/internal/authn/approle.go:75.110,77.16 2 0
git.example.com/infra/openbao-sdk-go/internal/authn/approle.go:77.16,79.3 1 0
git.example.com/infra/openbao-sdk-go/internal/authn/approle.go:80.2,81.9 2 0
git.example.com/infra/openbao-sdk-go/internal/authn/approle.go:81.9,83.3 1 0
git.example.com/infra/openbao-sdk-go/internal/authn/approle.go:84.2,85.40 2 0
git.example.com/infra/openbao-sdk-go/internal/authn/approle.go:85.40,87.3 1 0
git.example.com/infra/openbao-sdk-go/internal/authn/approle.go:88.2,89.70 2 0
git.example.com/infra/openbao-sdk-go/internal/authn/approle.go:89.70,91.3 1 0
git.example.com/infra/openbao-sdk-go/internal/authn/approle.go:92.2,93.9 2 0
git.example.com/infra/openbao-sdk-go/internal/authn/approle.go:93.9,95.3 1 0
git.example.com/infra/openbao-sdk-go/internal/authn/approle.go:96.2,96.43 1 0
git.example.com/infra/openbao-sdk-go/internal/authn/approle.go:96.43,98.20 2 0
git.example.com/infra/openbao-sdk-go/internal/authn/approle.go:98.20,100.4 1 0
git.example.com/infra/openbao-sdk-go/internal/authn/approle.go:102.2,105.20 4 0
git.example.com/infra/openbao-sdk-go/internal/authn/approle.go:105.20,107.3 1 0
git.example.com/infra/openbao-sdk-go/internal/authn/approle.go:108.2,111.14 4 0
git.example.com/infra/openbao-sdk-go/internal/authn/approle.go:111.14,114.3 2 0
git.example.com/infra/openbao-sdk-go/internal/authn/approle.go:115.2,115.45 1 0
git.example.com/infra/openbao-sdk-go/internal/authn/approle.go:115.45,118.3 2 0
git.example.com/infra/openbao-sdk-go/internal/authn/approle.go:119.2,129.12 10 0
git.example.com/infra/openbao-sdk-go/internal/authn/clock.go:15.50,15.71 1 0
git.example.com/infra/openbao-sdk-go/internal/authn/clock.go:16.50,16.88 1 0
git.example.com/infra/openbao-sdk-go/internal/authn/clock.go:20.41,20.57 1 0
git.example.com/infra/openbao-sdk-go/internal/authn/clock.go:21.41,21.62 1 0
git.example.com/infra/openbao-sdk-go/internal/authn/manager.go:44.67,45.18 1 57
git.example.com/infra/openbao-sdk-go/internal/authn/manager.go:45.18,47.3 1 57
git.example.com/infra/openbao-sdk-go/internal/authn/manager.go:48.2,48.85 1 57
git.example.com/infra/openbao-sdk-go/internal/authn/manager.go:50.45,51.16 1 856
git.example.com/infra/openbao-sdk-go/internal/authn/manager.go:51.16,53.3 1 0
git.example.com/infra/openbao-sdk-go/internal/authn/manager.go:54.2,54.19 1 856
git.example.com/infra/openbao-sdk-go/internal/authn/manager.go:55.24,56.77 1 0
git.example.com/infra/openbao-sdk-go/internal/authn/manager.go:57.32,58.85 1 0
git.example.com/infra/openbao-sdk-go/internal/authn/manager.go:60.2,60.12 1 856
git.example.com/infra/openbao-sdk-go/internal/authn/manager.go:62.47,63.37 1 1
git.example.com/infra/openbao-sdk-go/internal/authn/manager.go:63.37,65.3 1 0
git.example.com/infra/openbao-sdk-go/internal/authn/manager.go:66.2,66.88 1 1
git.example.com/infra/openbao-sdk-go/internal/authn/manager.go:68.33,69.36 1 348
git.example.com/infra/openbao-sdk-go/internal/authn/manager.go:69.36,71.3 1 0
git.example.com/infra/openbao-sdk-go/internal/authn/manager.go:72.2,72.22 1 348
git.example.com/infra/openbao-sdk-go/internal/authn/manager.go:72.22,73.24 1 3719
git.example.com/infra/openbao-sdk-go/internal/authn/manager.go:73.24,75.4 1 0
git.example.com/infra/openbao-sdk-go/internal/authn/manager.go:77.2,77.13 1 348
git.example.com/infra/openbao-sdk-go/internal/authn/manager.go:79.101,80.15 1 349
git.example.com/infra/openbao-sdk-go/internal/authn/manager.go:80.15,81.23 1 349
git.example.com/infra/openbao-sdk-go/internal/authn/manager.go:81.23,83.4 1 0
git.example.com/infra/openbao-sdk-go/internal/authn/manager.go:85.2,85.24 1 349
git.example.com/infra/openbao-sdk-go/internal/authn/manager.go:87.108,88.15 1 0
git.example.com/infra/openbao-sdk-go/internal/authn/manager.go:88.15,89.23 1 0
git.example.com/infra/openbao-sdk-go/internal/authn/manager.go:89.23,91.4 1 0
git.example.com/infra/openbao-sdk-go/internal/authn/manager.go:93.2,93.23 1 0
git.example.com/infra/openbao-sdk-go/internal/authn/manager.go:95.67,96.37 1 349
git.example.com/infra/openbao-sdk-go/internal/authn/manager.go:96.37,98.3 1 0
git.example.com/infra/openbao-sdk-go/internal/authn/manager.go:99.2,100.14 2 349
git.example.com/infra/openbao-sdk-go/internal/authn/manager.go:100.14,103.3 2 0
git.example.com/infra/openbao-sdk-go/internal/authn/manager.go:104.2,105.38 2 349
git.example.com/infra/openbao-sdk-go/internal/authn/manager.go:105.38,107.17 2 349
git.example.com/infra/openbao-sdk-go/internal/authn/manager.go:107.17,111.4 3 1
git.example.com/infra/openbao-sdk-go/internal/authn/manager.go:112.3,114.89 3 348
git.example.com/infra/openbao-sdk-go/internal/authn/manager.go:114.89,118.4 3 0
git.example.com/infra/openbao-sdk-go/internal/authn/manager.go:119.3,119.38 1 348
git.example.com/infra/openbao-sdk-go/internal/authn/manager.go:119.38,121.4 1 0
git.example.com/infra/openbao-sdk-go/internal/authn/manager.go:122.3,123.26 2 348
git.example.com/infra/openbao-sdk-go/internal/authn/manager.go:125.2,127.14 3 0
git.example.com/infra/openbao-sdk-go/internal/authn/manager.go:127.14,129.3 1 0
git.example.com/infra/openbao-sdk-go/internal/authn/manager.go:130.2,130.60 1 0
git.example.com/infra/openbao-sdk-go/internal/authn/manager.go:130.60,132.3 1 0
git.example.com/infra/openbao-sdk-go/internal/authn/manager.go:133.2,135.25 3 0
git.example.com/infra/openbao-sdk-go/internal/authn/manager.go:137.71,143.2 5 349
git.example.com/infra/openbao-sdk-go/internal/authn/manager.go:144.51,148.19 4 6
git.example.com/infra/openbao-sdk-go/internal/authn/manager.go:148.19,150.40 2 0
git.example.com/infra/openbao-sdk-go/internal/authn/manager.go:150.40,152.4 1 0
git.example.com/infra/openbao-sdk-go/internal/authn/manager.go:154.2,154.14 1 6
git.example.com/infra/openbao-sdk-go/internal/authn/manager.go:154.14,157.3 2 0
git.example.com/infra/openbao-sdk-go/internal/authn/manager.go:158.2,159.38 2 6
git.example.com/infra/openbao-sdk-go/internal/authn/manager.go:159.38,162.3 2 6
git.example.com/infra/openbao-sdk-go/internal/authn/manager.go:162.8,164.3 1 0
git.example.com/infra/openbao-sdk-go/internal/authn/manager.go:165.2,165.21 1 6
git.example.com/infra/openbao-sdk-go/internal/authn/manager.go:165.21,168.3 2 0
git.example.com/infra/openbao-sdk-go/internal/authn/manager.go:169.2,169.13 1 6
git.example.com/infra/openbao-sdk-go/internal/authn/manager.go:169.13,170.20 1 1
git.example.com/infra/openbao-sdk-go/internal/authn/manager.go:170.20,172.4 1 0
git.example.com/infra/openbao-sdk-go/internal/authn/manager.go:172.9,174.4 1 1
git.example.com/infra/openbao-sdk-go/internal/authn/manager.go:176.2,176.10 1 6
git.example.com/infra/openbao-sdk-go/internal/authn/manager.go:181.54,182.37 1 51
git.example.com/infra/openbao-sdk-go/internal/authn/manager.go:182.37,184.3 1 0
git.example.com/infra/openbao-sdk-go/internal/authn/manager.go:185.2,185.38 1 51
git.example.com/infra/openbao-sdk-go/internal/authn/manager.go:185.38,188.3 2 51
git.example.com/infra/openbao-sdk-go/internal/authn/manager.go:189.2,190.14 2 0
git.example.com/infra/openbao-sdk-go/internal/authn/manager.go:190.14,193.3 2 0
git.example.com/infra/openbao-sdk-go/internal/authn/manager.go:194.2,194.33 1 0
git.example.com/infra/openbao-sdk-go/internal/authn/manager.go:194.33,196.10 2 0
git.example.com/infra/openbao-sdk-go/internal/authn/manager.go:197.17,198.16 1 0
git.example.com/infra/openbao-sdk-go/internal/authn/manager.go:199.21,200.27 1 0
git.example.com/infra/openbao-sdk-go/internal/authn/manager.go:203.2,204.44 2 0
git.example.com/infra/openbao-sdk-go/internal/authn/manager.go:204.44,208.3 3 0
git.example.com/infra/openbao-sdk-go/internal/authn/manager.go:209.2,217.11 9 0
git.example.com/infra/openbao-sdk-go/internal/authn/manager.go:217.11,219.3 1 0
git.example.com/infra/openbao-sdk-go/internal/authn/manager.go:219.8,221.3 1 0
git.example.com/infra/openbao-sdk-go/internal/authn/manager.go:222.2,223.16 2 0
git.example.com/infra/openbao-sdk-go/internal/authn/manager.go:223.16,227.22 4 0
git.example.com/infra/openbao-sdk-go/internal/authn/manager.go:227.22,229.4 1 0
git.example.com/infra/openbao-sdk-go/internal/authn/manager.go:231.3,233.170 3 0
git.example.com/infra/openbao-sdk-go/internal/authn/manager.go:233.170,235.4 1 0
git.example.com/infra/openbao-sdk-go/internal/authn/manager.go:237.2,241.12 5 0
git.example.com/infra/openbao-sdk-go/internal/authn/manager.go:245.50,246.37 1 50
git.example.com/infra/openbao-sdk-go/internal/authn/manager.go:246.37,248.3 1 0
git.example.com/infra/openbao-sdk-go/internal/authn/manager.go:249.2,249.38 1 50
git.example.com/infra/openbao-sdk-go/internal/authn/manager.go:249.38,251.3 1 50
git.example.com/infra/openbao-sdk-go/internal/authn/manager.go:252.2,252.6 1 0
git.example.com/infra/openbao-sdk-go/internal/authn/manager.go:252.6,254.15 2 0
git.example.com/infra/openbao-sdk-go/internal/authn/manager.go:254.15,257.4 2 0
git.example.com/infra/openbao-sdk-go/internal/authn/manager.go:258.3,258.38 1 0
git.example.com/infra/openbao-sdk-go/internal/authn/manager.go:258.38,259.11 1 0
git.example.com/infra/openbao-sdk-go/internal/authn/manager.go:260.16,263.24 3 0
git.example.com/infra/openbao-sdk-go/internal/authn/manager.go:264.12,265.59 1 0
git.example.com/infra/openbao-sdk-go/internal/authn/manager.go:265.59,268.6 2 0
git.example.com/infra/openbao-sdk-go/internal/authn/manager.go:269.5,270.12 2 0
git.example.com/infra/openbao-sdk-go/internal/authn/manager.go:271.17,272.14 1 0
git.example.com/infra/openbao-sdk-go/internal/authn/manager.go:273.23,274.29 1 0
git.example.com/infra/openbao-sdk-go/internal/authn/manager.go:278.3,278.38 1 0
git.example.com/infra/openbao-sdk-go/internal/authn/manager.go:278.38,281.4 2 0
git.example.com/infra/openbao-sdk-go/internal/authn/manager.go:282.3,288.13 7 0
git.example.com/infra/openbao-sdk-go/internal/authn/manager.go:288.13,288.46 2 0
git.example.com/infra/openbao-sdk-go/internal/authn/manager.go:289.3,289.13 1 0
git.example.com/infra/openbao-sdk-go/internal/authn/manager.go:292.44,293.6 1 0
git.example.com/infra/openbao-sdk-go/internal/authn/manager.go:293.6,300.17 7 0
git.example.com/infra/openbao-sdk-go/internal/authn/manager.go:300.17,302.4 1 0
git.example.com/infra/openbao-sdk-go/internal/authn/manager.go:303.3,303.48 1 0
git.example.com/infra/openbao-sdk-go/internal/authn/manager.go:303.48,305.4 1 0
git.example.com/infra/openbao-sdk-go/internal/authn/manager.go:306.3,307.10 2 0
git.example.com/infra/openbao-sdk-go/internal/authn/manager.go:308.21,310.10 2 0
git.example.com/infra/openbao-sdk-go/internal/authn/manager.go:311.20,312.16 1 0
git.example.com/infra/openbao-sdk-go/internal/authn/manager.go:314.3,314.23 1 0
git.example.com/infra/openbao-sdk-go/internal/authn/manager.go:314.23,316.4 1 0
git.example.com/infra/openbao-sdk-go/internal/authn/manager.go:317.3,317.21 1 0
git.example.com/infra/openbao-sdk-go/internal/authn/manager.go:322.51,323.37 1 57
git.example.com/infra/openbao-sdk-go/internal/authn/manager.go:323.37,325.26 2 0
git.example.com/infra/openbao-sdk-go/internal/authn/manager.go:325.26,327.4 1 0
git.example.com/infra/openbao-sdk-go/internal/authn/manager.go:328.3,329.11 2 0
git.example.com/infra/openbao-sdk-go/internal/authn/manager.go:331.2,334.19 4 57
git.example.com/infra/openbao-sdk-go/internal/authn/manager.go:334.19,336.3 1 0
git.example.com/infra/openbao-sdk-go/internal/authn/manager.go:337.2,337.17 1 57
git.example.com/infra/openbao-sdk-go/internal/authn/manager.go:337.17,339.3 1 57
git.example.com/infra/openbao-sdk-go/internal/authn/manager.go:340.2,340.9 1 0
git.example.com/infra/openbao-sdk-go/internal/authn/manager.go:341.14,342.13 1 0
git.example.com/infra/openbao-sdk-go/internal/authn/manager.go:343.20,344.26 1 0
git.example.com/infra/openbao-sdk-go/internal/authn/manager.go:349.26,354.25 5 57
git.example.com/infra/openbao-sdk-go/internal/authn/manager.go:354.25,356.3 1 0
git.example.com/infra/openbao-sdk-go/internal/engine/client.go:35.56,37.2 1 114
git.example.com/infra/openbao-sdk-go/internal/engine/client.go:38.43,38.78 1 114
git.example.com/infra/openbao-sdk-go/internal/engine/client.go:39.55,40.12 1 606
git.example.com/infra/openbao-sdk-go/internal/engine/client.go:41.28,42.28 1 8
git.example.com/infra/openbao-sdk-go/internal/engine/client.go:43.20,44.28 1 0
git.example.com/infra/openbao-sdk-go/internal/engine/client.go:45.18,46.28 1 0
git.example.com/infra/openbao-sdk-go/internal/engine/client.go:48.2,48.29 1 598
git.example.com/infra/openbao-sdk-go/internal/engine/client.go:50.79,52.26 2 302
git.example.com/infra/openbao-sdk-go/internal/engine/client.go:52.26,54.3 1 0
git.example.com/infra/openbao-sdk-go/internal/engine/client.go:55.2,56.17 2 302
git.example.com/infra/openbao-sdk-go/internal/engine/client.go:56.17,58.3 1 0
git.example.com/infra/openbao-sdk-go/internal/engine/client.go:59.2,59.27 1 302
git.example.com/infra/openbao-sdk-go/internal/engine/client.go:59.27,61.3 1 1
git.example.com/infra/openbao-sdk-go/internal/engine/client.go:62.2,62.77 1 302
git.example.com/infra/openbao-sdk-go/internal/engine/client.go:62.77,64.3 1 0
git.example.com/infra/openbao-sdk-go/internal/engine/client.go:65.2,65.24 1 302
git.example.com/infra/openbao-sdk-go/internal/engine/client.go:65.24,66.54 1 57
git.example.com/infra/openbao-sdk-go/internal/engine/client.go:66.54,68.4 1 0
git.example.com/infra/openbao-sdk-go/internal/engine/client.go:70.2,72.22 3 302
git.example.com/infra/openbao-sdk-go/internal/engine/client.go:72.22,74.3 1 0
git.example.com/infra/openbao-sdk-go/internal/engine/client.go:75.2,75.51 1 302
git.example.com/infra/openbao-sdk-go/internal/engine/client.go:75.51,76.10 1 298
git.example.com/infra/openbao-sdk-go/internal/engine/client.go:77.30,78.17 1 298
git.example.com/infra/openbao-sdk-go/internal/engine/client.go:78.17,78.30 1 298
git.example.com/infra/openbao-sdk-go/internal/engine/client.go:79.21,80.68 1 0
git.example.com/infra/openbao-sdk-go/internal/engine/client.go:83.2,84.24 2 302
git.example.com/infra/openbao-sdk-go/internal/engine/client.go:84.24,86.3 1 241
git.example.com/infra/openbao-sdk-go/internal/engine/client.go:87.2,87.33 1 302
git.example.com/infra/openbao-sdk-go/internal/engine/client.go:87.33,88.23 1 302
git.example.com/infra/openbao-sdk-go/internal/engine/client.go:88.23,90.4 1 0
git.example.com/infra/openbao-sdk-go/internal/engine/client.go:91.3,92.26 2 302
git.example.com/infra/openbao-sdk-go/internal/engine/client.go:92.26,95.18 3 298
git.example.com/infra/openbao-sdk-go/internal/engine/client.go:95.18,96.25 1 0
git.example.com/infra/openbao-sdk-go/internal/engine/client.go:96.25,98.6 1 0
git.example.com/infra/openbao-sdk-go/internal/engine/client.go:99.5,100.41 2 0
git.example.com/infra/openbao-sdk-go/internal/engine/client.go:100.41,102.6 1 0
git.example.com/infra/openbao-sdk-go/internal/engine/client.go:103.5,103.96 1 0
git.example.com/infra/openbao-sdk-go/internal/engine/client.go:105.4,105.26 1 298
git.example.com/infra/openbao-sdk-go/internal/engine/client.go:105.26,107.5 1 0
git.example.com/infra/openbao-sdk-go/internal/engine/client.go:108.9,108.59 1 4
git.example.com/infra/openbao-sdk-go/internal/engine/client.go:108.59,110.4 1 0
git.example.com/infra/openbao-sdk-go/internal/engine/client.go:111.3,111.23 1 302
git.example.com/infra/openbao-sdk-go/internal/engine/client.go:111.23,113.4 1 0
git.example.com/infra/openbao-sdk-go/internal/engine/client.go:114.3,115.15 2 302
git.example.com/infra/openbao-sdk-go/internal/engine/client.go:115.15,117.4 1 7
git.example.com/infra/openbao-sdk-go/internal/engine/client.go:118.3,121.17 4 302
git.example.com/infra/openbao-sdk-go/internal/engine/client.go:121.17,123.41 2 7
git.example.com/infra/openbao-sdk-go/internal/engine/client.go:123.41,126.5 2 7
git.example.com/infra/openbao-sdk-go/internal/engine/client.go:127.9,128.29 1 295
git.example.com/infra/openbao-sdk-go/internal/engine/client.go:128.29,129.21 1 4
git.example.com/infra/openbao-sdk-go/internal/engine/client.go:130.39,131.19 1 4
git.example.com/infra/openbao-sdk-go/internal/engine/client.go:134.4,134.20 1 291
git.example.com/infra/openbao-sdk-go/internal/engine/client.go:135.13,136.36 1 259
git.example.com/infra/openbao-sdk-go/internal/engine/client.go:136.36,138.6 1 0
git.example.com/infra/openbao-sdk-go/internal/engine/client.go:139.5,139.34 1 259
git.example.com/infra/openbao-sdk-go/internal/engine/client.go:139.34,140.56 1 1
git.example.com/infra/openbao-sdk-go/internal/engine/client.go:140.56,142.7 1 1
git.example.com/infra/openbao-sdk-go/internal/engine/client.go:144.5,144.18 1 258
git.example.com/infra/openbao-sdk-go/internal/engine/client.go:145.13,146.15 1 2
git.example.com/infra/openbao-sdk-go/internal/engine/client.go:146.15,148.6 1 2
git.example.com/infra/openbao-sdk-go/internal/engine/client.go:149.5,149.46 1 0
git.example.com/infra/openbao-sdk-go/internal/engine/client.go:150.12,151.50 1 30
git.example.com/infra/openbao-sdk-go/internal/engine/client.go:154.3,154.30 1 37
git.example.com/infra/openbao-sdk-go/internal/engine/client.go:154.30,156.4 1 37
git.example.com/infra/openbao-sdk-go/internal/engine/client.go:157.3,158.13 2 0
git.example.com/infra/openbao-sdk-go/internal/engine/client.go:158.13,160.4 1 0
git.example.com/infra/openbao-sdk-go/internal/engine/client.go:161.3,162.30 2 0
git.example.com/infra/openbao-sdk-go/internal/engine/client.go:162.30,164.4 1 0
git.example.com/infra/openbao-sdk-go/internal/engine/client.go:166.2,166.89 1 0
git.example.com/infra/openbao-sdk-go/internal/engine/client.go:168.32,169.36 1 298
git.example.com/infra/openbao-sdk-go/internal/engine/client.go:169.36,171.3 1 0
git.example.com/infra/openbao-sdk-go/internal/engine/client.go:172.2,172.19 1 298
git.example.com/infra/openbao-sdk-go/internal/engine/client.go:172.19,173.33 1 3074
git.example.com/infra/openbao-sdk-go/internal/engine/client.go:173.33,175.4 1 0
git.example.com/infra/openbao-sdk-go/internal/engine/client.go:177.2,177.13 1 298
git.example.com/infra/openbao-sdk-go/internal/engine/client.go:182.35,183.19 1 302
git.example.com/infra/openbao-sdk-go/internal/engine/client.go:183.19,185.3 1 9
git.example.com/infra/openbao-sdk-go/internal/engine/client.go:186.2,187.16 2 293
git.example.com/infra/openbao-sdk-go/internal/engine/client.go:187.16,189.3 1 1
git.example.com/infra/openbao-sdk-go/internal/engine/client.go:190.2,191.25 2 292
git.example.com/infra/openbao-sdk-go/internal/engine/client.go:191.25,193.3 1 291
git.example.com/infra/openbao-sdk-go/internal/engine/client.go:194.2,194.30 1 1
git.example.com/infra/openbao-sdk-go/internal/engine/client.go:194.30,195.46 1 36
git.example.com/infra/openbao-sdk-go/internal/engine/client.go:195.46,196.16 1 4
git.example.com/infra/openbao-sdk-go/internal/engine/client.go:196.16,198.5 1 0
git.example.com/infra/openbao-sdk-go/internal/engine/client.go:199.9,199.85 1 32
git.example.com/infra/openbao-sdk-go/internal/engine/client.go:199.85,201.4 1 0
git.example.com/infra/openbao-sdk-go/internal/engine/client.go:203.2,203.10 1 1
git.example.com/infra/openbao-sdk-go/internal/engine/client.go:208.70,209.14 1 262
git.example.com/infra/openbao-sdk-go/internal/engine/client.go:209.14,211.3 1 0
git.example.com/infra/openbao-sdk-go/internal/engine/client.go:212.2,213.14 2 262
git.example.com/infra/openbao-sdk-go/internal/engine/client.go:213.14,215.3 1 0
git.example.com/infra/openbao-sdk-go/internal/engine/client.go:216.2,216.30 1 262
git.example.com/infra/openbao-sdk-go/internal/engine/client.go:216.30,218.24 2 1
git.example.com/infra/openbao-sdk-go/internal/engine/client.go:218.24,220.4 1 1
git.example.com/infra/openbao-sdk-go/internal/engine/client.go:222.2,222.15 1 261
git.example.com/infra/openbao-sdk-go/internal/engine/client.go:224.62,226.14 2 257
git.example.com/infra/openbao-sdk-go/internal/engine/client.go:226.14,228.3 1 0
git.example.com/infra/openbao-sdk-go/internal/engine/client.go:229.2,230.9 2 257
git.example.com/infra/openbao-sdk-go/internal/engine/client.go:230.9,232.3 1 0
git.example.com/infra/openbao-sdk-go/internal/engine/client.go:233.2,233.15 1 257
git.example.com/infra/openbao-sdk-go/internal/engine/client.go:235.29,237.9 2 302
git.example.com/infra/openbao-sdk-go/internal/engine/client.go:237.9,239.3 1 1
git.example.com/infra/openbao-sdk-go/internal/engine/client.go:240.2,241.36 2 301
git.example.com/infra/openbao-sdk-go/internal/engine/client.go:241.36,243.3 1 0
git.example.com/infra/openbao-sdk-go/internal/engine/client.go:244.2,244.21 1 301
git.example.com/infra/openbao-sdk-go/internal/engine/errors.go:19.43,19.72 1 0
git.example.com/infra/openbao-sdk-go/internal/engine/errors.go:20.43,20.61 1 39
git.example.com/infra/openbao-sdk-go/internal/engine/errors.go:21.93,23.2 1 52
git.example.com/infra/openbao-sdk-go/internal/engine/errors.go:24.96,26.52 2 0
git.example.com/infra/openbao-sdk-go/internal/engine/errors.go:26.52,28.3 1 0
git.example.com/infra/openbao-sdk-go/internal/engine/errors.go:29.2,29.46 1 0
git.example.com/infra/openbao-sdk-go/internal/engine/errors.go:31.35,38.2 6 5
git.example.com/infra/openbao-sdk-go/internal/engine/errors.go:39.81,42.25 3 7
git.example.com/infra/openbao-sdk-go/internal/engine/errors.go:42.25,44.3 1 7
git.example.com/infra/openbao-sdk-go/internal/engine/errors.go:45.2,46.32 2 7
git.example.com/infra/openbao-sdk-go/internal/engine/errors.go:46.32,48.3 1 4
git.example.com/infra/openbao-sdk-go/internal/engine/errors.go:49.2,51.9 3 7
git.example.com/infra/openbao-sdk-go/internal/engine/errors.go:52.40,54.16 2 2
git.example.com/infra/openbao-sdk-go/internal/engine/errors.go:55.48,57.16 2 0
git.example.com/infra/openbao-sdk-go/internal/engine/errors.go:58.43,60.16 2 0
git.example.com/infra/openbao-sdk-go/internal/engine/errors.go:61.42,63.16 2 0
git.example.com/infra/openbao-sdk-go/internal/engine/errors.go:64.25,66.16 2 2
git.example.com/infra/openbao-sdk-go/internal/engine/errors.go:68.2,68.46 1 7
git.example.com/infra/openbao-sdk-go/internal/engine/errors.go:70.75,72.24 2 30
git.example.com/infra/openbao-sdk-go/internal/engine/errors.go:72.24,74.3 1 23
git.example.com/infra/openbao-sdk-go/internal/engine/errors.go:75.2,77.39 3 30
git.example.com/infra/openbao-sdk-go/internal/engine/errors.go:77.39,80.3 2 0
git.example.com/infra/openbao-sdk-go/internal/engine/errors.go:81.2,82.21 2 30
git.example.com/infra/openbao-sdk-go/internal/engine/errors.go:82.21,85.15 3 30
git.example.com/infra/openbao-sdk-go/internal/engine/errors.go:85.15,87.4 1 0
git.example.com/infra/openbao-sdk-go/internal/engine/errors.go:91.2,91.59 1 30
git.example.com/infra/openbao-sdk-go/internal/engine/errors.go:91.59,93.28 2 25
git.example.com/infra/openbao-sdk-go/internal/engine/errors.go:93.28,95.4 1 3
git.example.com/infra/openbao-sdk-go/internal/engine/errors.go:96.3,96.29 1 22
git.example.com/infra/openbao-sdk-go/internal/engine/errors.go:96.29,98.25 2 22
git.example.com/infra/openbao-sdk-go/internal/engine/errors.go:98.25,100.5 1 0
git.example.com/infra/openbao-sdk-go/internal/engine/errors.go:103.2,103.18 1 27
git.example.com/infra/openbao-sdk-go/internal/engine/errors.go:104.11,107.36 3 21
git.example.com/infra/openbao-sdk-go/internal/engine/errors.go:107.36,108.63 1 20
git.example.com/infra/openbao-sdk-go/internal/engine/errors.go:108.63,109.106 1 20
git.example.com/infra/openbao-sdk-go/internal/engine/errors.go:109.106,111.6 1 20
git.example.com/infra/openbao-sdk-go/internal/engine/errors.go:114.11,116.29 2 0
git.example.com/infra/openbao-sdk-go/internal/engine/errors.go:117.11,119.29 2 1
git.example.com/infra/openbao-sdk-go/internal/engine/errors.go:120.11,124.24 2 3
git.example.com/infra/openbao-sdk-go/internal/engine/errors.go:124.24,126.4 1 0
git.example.com/infra/openbao-sdk-go/internal/engine/errors.go:127.3,127.74 1 3
git.example.com/infra/openbao-sdk-go/internal/engine/errors.go:127.74,129.4 1 1
git.example.com/infra/openbao-sdk-go/internal/engine/errors.go:130.31,131.29 1 2
git.example.com/infra/openbao-sdk-go/internal/engine/errors.go:132.10,133.36 1 0
git.example.com/infra/openbao-sdk-go/internal/engine/errors.go:135.2,135.48 1 27
git.example.com/infra/openbao-sdk-go/internal/engine/errors.go:137.48,139.9 2 1
git.example.com/infra/openbao-sdk-go/internal/engine/errors.go:139.9,141.3 1 0
git.example.com/infra/openbao-sdk-go/internal/engine/errors.go:142.2,143.9 2 1
git.example.com/infra/openbao-sdk-go/internal/engine/errors.go:143.9,145.3 1 0
git.example.com/infra/openbao-sdk-go/internal/engine/errors.go:146.2,147.9 2 1
git.example.com/infra/openbao-sdk-go/internal/engine/errors.go:147.9,149.3 1 0
git.example.com/infra/openbao-sdk-go/internal/engine/errors.go:150.2,151.24 2 1
git.example.com/infra/openbao-sdk-go/internal/engine/errors.go:151.24,153.3 1 0
git.example.com/infra/openbao-sdk-go/internal/engine/errors.go:154.2,154.61 1 1
git.example.com/infra/openbao-sdk-go/internal/engine/errors.go:154.61,156.3 1 0
git.example.com/infra/openbao-sdk-go/internal/engine/errors.go:157.2,158.20 2 1
git.example.com/infra/openbao-sdk-go/internal/engine/errors.go:158.20,160.3 1 0
git.example.com/infra/openbao-sdk-go/internal/engine/errors.go:161.2,162.33 2 1
git.example.com/infra/openbao-sdk-go/internal/engine/errors.go:164.94,169.2 4 37
git.example.com/infra/openbao-sdk-go/internal/engine/errors.go:170.55,173.24 3 7
git.example.com/infra/openbao-sdk-go/internal/engine/errors.go:173.24,175.3 1 5
git.example.com/infra/openbao-sdk-go/internal/engine/errors.go:176.2,176.14 1 7
git.example.com/infra/openbao-sdk-go/internal/engine/errors.go:176.14,178.3 1 0
git.example.com/infra/openbao-sdk-go/internal/engine/errors.go:179.2,179.63 1 7
git.example.com/infra/openbao-sdk-go/internal/engine/errors.go:182.44,184.27 2 3
git.example.com/infra/openbao-sdk-go/internal/engine/errors.go:184.27,186.3 1 3
git.example.com/infra/openbao-sdk-go/internal/engine/errors.go:187.2,187.25 1 0
git.example.com/infra/openbao-sdk-go/internal/engine/errors.go:187.25,189.21 2 0
git.example.com/infra/openbao-sdk-go/internal/engine/errors.go:189.21,191.4 1 0
git.example.com/infra/openbao-sdk-go/internal/engine/errors.go:193.2,193.13 1 0
git.example.com/infra/openbao-sdk-go/internal/engine/operations.go:57.46,57.87 2 309
git.example.com/infra/openbao-sdk-go/internal/engine/operations.go:58.46,58.113 1 44
git.example.com/infra/openbao-sdk-go/internal/engine/path.go:10.38,11.60 1 1517
git.example.com/infra/openbao-sdk-go/internal/engine/path.go:11.60,13.3 1 1
git.example.com/infra/openbao-sdk-go/internal/engine/path.go:14.2,14.30 1 1516
git.example.com/infra/openbao-sdk-go/internal/engine/path.go:14.30,16.114 2 9473
git.example.com/infra/openbao-sdk-go/internal/engine/path.go:16.114,18.4 1 0
git.example.com/infra/openbao-sdk-go/internal/engine/path.go:20.2,20.12 1 1516
git.example.com/infra/openbao-sdk-go/internal/engine/path.go:22.35,23.13 1 790
git.example.com/infra/openbao-sdk-go/internal/engine/path.go:23.13,25.3 1 1
git.example.com/infra/openbao-sdk-go/internal/engine/path.go:26.2,26.44 1 789
git.example.com/infra/openbao-sdk-go/internal/engine/path.go:26.44,27.34 1 1389
git.example.com/infra/openbao-sdk-go/internal/engine/path.go:27.34,29.4 1 1
git.example.com/infra/openbao-sdk-go/internal/engine/path.go:31.2,31.12 1 788
git.example.com/infra/openbao-sdk-go/internal/engine/retry.go:12.100,14.25 2 0
git.example.com/infra/openbao-sdk-go/internal/engine/retry.go:14.25,15.26 1 0
git.example.com/infra/openbao-sdk-go/internal/engine/retry.go:15.26,17.9 2 0
git.example.com/infra/openbao-sdk-go/internal/engine/retry.go:19.3,19.11 1 0
git.example.com/infra/openbao-sdk-go/internal/engine/retry.go:21.2,21.22 1 0
git.example.com/infra/openbao-sdk-go/internal/engine/retry.go:21.22,23.3 1 0
git.example.com/infra/openbao-sdk-go/internal/engine/retry.go:24.2,25.13 2 0
git.example.com/infra/openbao-sdk-go/internal/engine/retry.go:25.13,27.3 1 0
git.example.com/infra/openbao-sdk-go/internal/engine/retry.go:28.2,28.40 1 0
git.example.com/infra/openbao-sdk-go/internal/engine/retry.go:28.40,30.77 2 0
git.example.com/infra/openbao-sdk-go/internal/engine/retry.go:30.77,31.62 1 0
git.example.com/infra/openbao-sdk-go/internal/engine/retry.go:31.62,33.5 1 0
git.example.com/infra/openbao-sdk-go/internal/engine/retry.go:34.4,34.53 1 0
git.example.com/infra/openbao-sdk-go/internal/engine/retry.go:35.9,35.52 1 0
git.example.com/infra/openbao-sdk-go/internal/engine/retry.go:35.52,37.22 2 0
git.example.com/infra/openbao-sdk-go/internal/engine/retry.go:37.22,39.5 1 0
git.example.com/infra/openbao-sdk-go/internal/engine/retry.go:40.9,42.4 1 0
git.example.com/infra/openbao-sdk-go/internal/engine/retry.go:43.3,43.30 1 0
git.example.com/infra/openbao-sdk-go/internal/engine/retry.go:43.30,45.4 1 0
git.example.com/infra/openbao-sdk-go/internal/engine/retry.go:46.3,46.25 1 0
git.example.com/infra/openbao-sdk-go/internal/engine/retry.go:46.25,48.4 1 0
git.example.com/infra/openbao-sdk-go/internal/engine/retry.go:50.2,50.73 1 0
git.example.com/infra/openbao-sdk-go/internal/engine/retry.go:50.73,52.3 1 0
git.example.com/infra/openbao-sdk-go/internal/engine/retry.go:53.2,53.20 1 0
git.example.com/infra/openbao-sdk-go/internal/engine/retry.go:55.55,58.9 3 0
git.example.com/infra/openbao-sdk-go/internal/engine/retry.go:59.20,60.19 1 0
git.example.com/infra/openbao-sdk-go/internal/engine/retry.go:61.17,62.13 1 0
git.example.com/infra/openbao-sdk-go/internal/engine/transport.go:32.68,35.2 2 302
git.example.com/infra/openbao-sdk-go/internal/engine/transport.go:36.56,40.2 3 302
git.example.com/infra/openbao-sdk-go/internal/engine/transport.go:41.50,42.14 1 302
git.example.com/infra/openbao-sdk-go/internal/engine/transport.go:42.14,44.3 1 0
git.example.com/infra/openbao-sdk-go/internal/engine/transport.go:45.2,48.15 4 302
git.example.com/infra/openbao-sdk-go/internal/engine/transport.go:50.31,51.14 1 302
git.example.com/infra/openbao-sdk-go/internal/engine/transport.go:51.14,53.3 1 0
git.example.com/infra/openbao-sdk-go/internal/engine/transport.go:54.2,56.15 3 302
git.example.com/infra/openbao-sdk-go/internal/engine/transport.go:58.39,61.2 2 5
git.example.com/infra/openbao-sdk-go/internal/engine/transport.go:78.58,79.112 1 114
git.example.com/infra/openbao-sdk-go/internal/engine/transport.go:79.112,81.3 1 0
git.example.com/infra/openbao-sdk-go/internal/engine/transport.go:82.2,83.22 2 114
git.example.com/infra/openbao-sdk-go/internal/engine/transport.go:83.22,85.15 2 0
git.example.com/infra/openbao-sdk-go/internal/engine/transport.go:85.15,87.4 1 0
git.example.com/infra/openbao-sdk-go/internal/engine/transport.go:88.3,88.29 1 0
git.example.com/infra/openbao-sdk-go/internal/engine/transport.go:90.2,90.58 1 114
git.example.com/infra/openbao-sdk-go/internal/engine/transport.go:92.44,92.77 1 114
git.example.com/infra/openbao-sdk-go/internal/engine/transport.go:93.74,95.32 2 302
git.example.com/infra/openbao-sdk-go/internal/engine/transport.go:95.32,97.3 1 0
git.example.com/infra/openbao-sdk-go/internal/engine/transport.go:98.2,100.16 3 302
git.example.com/infra/openbao-sdk-go/internal/engine/transport.go:100.16,103.3 2 7
git.example.com/infra/openbao-sdk-go/internal/engine/transport.go:104.2,107.81 4 295
git.example.com/infra/openbao-sdk-go/internal/engine/transport.go:107.81,108.20 1 0
git.example.com/infra/openbao-sdk-go/internal/engine/transport.go:108.20,111.4 2 0
git.example.com/infra/openbao-sdk-go/internal/engine/transport.go:112.3,113.15 2 0
git.example.com/infra/openbao-sdk-go/internal/engine/transport.go:113.15,116.4 2 0
git.example.com/infra/openbao-sdk-go/internal/engine/transport.go:117.3,122.27 6 0
git.example.com/infra/openbao-sdk-go/internal/engine/transport.go:124.2,125.30 2 295
git.example.com/infra/openbao-sdk-go/internal/engine/transport.go:125.30,129.3 3 0
git.example.com/infra/openbao-sdk-go/internal/engine/transport.go:130.2,130.14 1 295
git.example.com/infra/openbao-sdk-go/internal/engine/transport.go:130.14,134.3 3 0
git.example.com/infra/openbao-sdk-go/internal/engine/transport.go:135.2,138.18 4 295
git.example.com/infra/openbao-sdk-go/internal/engine/transport.go:143.47,144.106 1 114
git.example.com/infra/openbao-sdk-go/internal/engine/transport.go:144.106,144.140 1 0
git.example.com/infra/openbao-sdk-go/internal/engine/types.go:22.27,23.14 1 302
git.example.com/infra/openbao-sdk-go/internal/engine/types.go:23.14,26.3 2 302
git.example.com/infra/openbao-sdk-go/internal/jsondoc/json.go:19.54,20.22 1 851
git.example.com/infra/openbao-sdk-go/internal/jsondoc/json.go:20.22,22.3 1 0
git.example.com/infra/openbao-sdk-go/internal/jsondoc/json.go:23.2,26.14 4 851
git.example.com/infra/openbao-sdk-go/internal/jsondoc/json.go:26.14,28.3 1 1
git.example.com/infra/openbao-sdk-go/internal/jsondoc/json.go:29.2,29.35 1 850
git.example.com/infra/openbao-sdk-go/internal/jsondoc/json.go:29.35,31.3 1 0
git.example.com/infra/openbao-sdk-go/internal/jsondoc/json.go:32.2,32.16 1 850
git.example.com/infra/openbao-sdk-go/internal/jsondoc/json.go:32.16,33.39 1 850
git.example.com/infra/openbao-sdk-go/internal/jsondoc/json.go:33.39,35.4 1 0
git.example.com/infra/openbao-sdk-go/internal/jsondoc/json.go:37.2,37.15 1 850
git.example.com/infra/openbao-sdk-go/internal/jsondoc/json.go:39.53,41.14 2 5695
git.example.com/infra/openbao-sdk-go/internal/jsondoc/json.go:41.14,43.3 1 1
git.example.com/infra/openbao-sdk-go/internal/jsondoc/json.go:44.2,44.39 1 5694
git.example.com/infra/openbao-sdk-go/internal/jsondoc/json.go:44.39,45.24 1 2402
git.example.com/infra/openbao-sdk-go/internal/jsondoc/json.go:45.24,47.4 1 0
git.example.com/infra/openbao-sdk-go/internal/jsondoc/json.go:48.3,48.16 1 2402
git.example.com/infra/openbao-sdk-go/internal/jsondoc/json.go:49.12,51.17 2 2339
git.example.com/infra/openbao-sdk-go/internal/jsondoc/json.go:51.17,53.17 2 4783
git.example.com/infra/openbao-sdk-go/internal/jsondoc/json.go:53.17,55.6 1 0
git.example.com/infra/openbao-sdk-go/internal/jsondoc/json.go:56.5,57.12 2 4783
git.example.com/infra/openbao-sdk-go/internal/jsondoc/json.go:57.12,59.6 1 0
git.example.com/infra/openbao-sdk-go/internal/jsondoc/json.go:60.5,60.36 1 4783
git.example.com/infra/openbao-sdk-go/internal/jsondoc/json.go:60.36,62.6 1 0
git.example.com/infra/openbao-sdk-go/internal/jsondoc/json.go:63.5,64.17 2 4783
git.example.com/infra/openbao-sdk-go/internal/jsondoc/json.go:64.17,66.6 1 0
git.example.com/infra/openbao-sdk-go/internal/jsondoc/json.go:67.5,67.15 1 4783
git.example.com/infra/openbao-sdk-go/internal/jsondoc/json.go:69.4,70.42 2 2339
git.example.com/infra/openbao-sdk-go/internal/jsondoc/json.go:70.42,72.5 1 0
git.example.com/infra/openbao-sdk-go/internal/jsondoc/json.go:73.4,73.17 1 2339
git.example.com/infra/openbao-sdk-go/internal/jsondoc/json.go:74.12,76.17 2 63
git.example.com/infra/openbao-sdk-go/internal/jsondoc/json.go:76.17,78.17 2 61
git.example.com/infra/openbao-sdk-go/internal/jsondoc/json.go:78.17,80.6 1 0
git.example.com/infra/openbao-sdk-go/internal/jsondoc/json.go:81.5,81.21 1 61
git.example.com/infra/openbao-sdk-go/internal/jsondoc/json.go:83.4,84.42 2 63
git.example.com/infra/openbao-sdk-go/internal/jsondoc/json.go:84.42,86.5 1 0
git.example.com/infra/openbao-sdk-go/internal/jsondoc/json.go:87.4,87.17 1 63
git.example.com/infra/openbao-sdk-go/internal/jsondoc/json.go:88.11,89.26 1 0
git.example.com/infra/openbao-sdk-go/internal/jsondoc/json.go:92.2,92.20 1 3292
git.example.com/infra/openbao-sdk-go/internal/jsondoc/json.go:93.38,94.18 1 3292
git.example.com/infra/openbao-sdk-go/internal/jsondoc/json.go:95.10,96.25 1 0
git.example.com/infra/openbao-sdk-go/internal/jsondoc/json.go:99.49,101.14 2 851
git.example.com/infra/openbao-sdk-go/internal/jsondoc/json.go:101.14,103.3 1 1
git.example.com/infra/openbao-sdk-go/internal/jsondoc/json.go:104.2,104.32 1 850
git.example.com/infra/openbao-sdk-go/internal/pkiutil/parse.go:19.70,20.50 1 11
git.example.com/infra/openbao-sdk-go/internal/pkiutil/parse.go:20.50,22.3 1 0
git.example.com/infra/openbao-sdk-go/internal/pkiutil/parse.go:23.2,26.20 4 11
git.example.com/infra/openbao-sdk-go/internal/pkiutil/parse.go:26.20,27.88 1 12
git.example.com/infra/openbao-sdk-go/internal/pkiutil/parse.go:27.88,29.4 1 0
git.example.com/infra/openbao-sdk-go/internal/pkiutil/parse.go:30.3,31.65 2 12
git.example.com/infra/openbao-sdk-go/internal/pkiutil/parse.go:31.65,33.4 1 0
git.example.com/infra/openbao-sdk-go/internal/pkiutil/parse.go:34.3,35.104 2 12
git.example.com/infra/openbao-sdk-go/internal/pkiutil/parse.go:35.104,37.4 1 0
git.example.com/infra/openbao-sdk-go/internal/pkiutil/parse.go:38.3,40.31 3 12
git.example.com/infra/openbao-sdk-go/internal/pkiutil/parse.go:42.2,42.21 1 11
git.example.com/infra/openbao-sdk-go/internal/pkiutil/parse.go:42.21,44.3 1 0
git.example.com/infra/openbao-sdk-go/internal/pkiutil/parse.go:45.2,45.27 1 11
git.example.com/infra/openbao-sdk-go/internal/pkiutil/parse.go:47.56,48.50 1 1
git.example.com/infra/openbao-sdk-go/internal/pkiutil/parse.go:48.50,50.3 1 0
git.example.com/infra/openbao-sdk-go/internal/pkiutil/parse.go:51.2,52.152 2 1
git.example.com/infra/openbao-sdk-go/internal/pkiutil/parse.go:52.152,54.3 1 0
git.example.com/infra/openbao-sdk-go/internal/pkiutil/parse.go:55.2,56.146 2 1
git.example.com/infra/openbao-sdk-go/internal/pkiutil/parse.go:56.146,58.3 1 0
git.example.com/infra/openbao-sdk-go/internal/pkiutil/parse.go:59.2,60.45 2 1
git.example.com/infra/openbao-sdk-go/internal/pkiutil/parse.go:60.45,62.3 1 0
git.example.com/infra/openbao-sdk-go/internal/pkiutil/parse.go:63.2,63.17 1 1
git.example.com/infra/openbao-sdk-go/internal/pkiutil/parse.go:65.52,66.50 1 2
git.example.com/infra/openbao-sdk-go/internal/pkiutil/parse.go:66.50,68.3 1 0
git.example.com/infra/openbao-sdk-go/internal/pkiutil/parse.go:69.2,70.67 2 2
git.example.com/infra/openbao-sdk-go/internal/pkiutil/parse.go:70.67,72.3 1 0
git.example.com/infra/openbao-sdk-go/internal/pkiutil/parse.go:73.2,74.97 2 2
git.example.com/infra/openbao-sdk-go/internal/pkiutil/parse.go:74.97,76.3 1 0
git.example.com/infra/openbao-sdk-go/internal/pkiutil/parse.go:77.2,79.14 3 2
git.example.com/infra/openbao-sdk-go/internal/pkiutil/parse.go:79.14,81.3 1 0
git.example.com/infra/openbao-sdk-go/internal/pkiutil/parse.go:82.2,83.9 2 2
git.example.com/infra/openbao-sdk-go/internal/pkiutil/parse.go:83.9,85.3 1 0
git.example.com/infra/openbao-sdk-go/internal/pkiutil/parse.go:86.2,86.15 1 2
git.example.com/infra/openbao-sdk-go/internal/pkiutil/parse.go:88.32,90.14 2 3
git.example.com/infra/openbao-sdk-go/internal/pkiutil/parse.go:90.14,92.3 1 0
git.example.com/infra/openbao-sdk-go/internal/pkiutil/parse.go:93.2,94.38 2 3
git.example.com/infra/openbao-sdk-go/internal/pkiutil/parse.go:96.32,97.31 1 10
git.example.com/infra/openbao-sdk-go/internal/pkiutil/parse.go:97.31,99.3 1 0
git.example.com/infra/openbao-sdk-go/internal/pkiutil/parse.go:100.2,102.35 3 10
git.example.com/infra/openbao-sdk-go/internal/pkiutil/parse.go:102.35,104.3 1 20
git.example.com/infra/openbao-sdk-go/internal/pkiutil/parse.go:105.2,105.33 1 10
git.example.com/infra/openbao-sdk-go/internal/pkiutil/parse.go:107.48,108.62 1 6
git.example.com/infra/openbao-sdk-go/internal/pkiutil/parse.go:108.62,110.3 1 0
git.example.com/infra/openbao-sdk-go/internal/pkiutil/parse.go:111.2,112.30 2 6
git.example.com/infra/openbao-sdk-go/internal/pkiutil/parse.go:112.30,114.3 1 6
git.example.com/infra/openbao-sdk-go/internal/pkiutil/parse.go:115.2,115.30 1 6
git.example.com/infra/openbao-sdk-go/internal/pkiutil/parse.go:115.30,116.22 1 0
git.example.com/infra/openbao-sdk-go/internal/pkiutil/parse.go:116.22,118.4 1 0
git.example.com/infra/openbao-sdk-go/internal/pkiutil/parse.go:119.3,119.18 1 0
git.example.com/infra/openbao-sdk-go/internal/pkiutil/parse.go:121.2,122.21 2 6
git.example.com/infra/openbao-sdk-go/internal/pkiutil/parse.go:122.21,124.27 2 6
git.example.com/infra/openbao-sdk-go/internal/pkiutil/parse.go:124.27,125.19 1 12
git.example.com/infra/openbao-sdk-go/internal/pkiutil/parse.go:125.19,127.5 1 0
git.example.com/infra/openbao-sdk-go/internal/pkiutil/parse.go:129.3,129.32 1 6
git.example.com/infra/openbao-sdk-go/internal/pkiutil/parse.go:131.2,131.21 1 6
git.example.com/infra/openbao-sdk-go/internal/pkiutil/parse.go:131.21,133.3 1 0
git.example.com/infra/openbao-sdk-go/internal/pkiutil/parse.go:134.2,134.19 1 6
git.example.com/infra/openbao-sdk-go/internal/pkiutil/parse.go:134.19,136.3 1 0
git.example.com/infra/openbao-sdk-go/internal/pkiutil/parse.go:137.2,138.14 2 6
git.example.com/infra/openbao-sdk-go/internal/pkiutil/parse.go:138.14,140.3 1 0
git.example.com/infra/openbao-sdk-go/internal/pkiutil/parse.go:141.2,142.19 2 6
git.example.com/infra/openbao-sdk-go/internal/pkiutil/parse.go:142.19,144.3 1 0
git.example.com/infra/openbao-sdk-go/internal/pkiutil/parse.go:145.2,145.23 1 6
git.example.com/infra/openbao-sdk-go/internal/transitutil/encoding.go:29.53,30.45 1 29
git.example.com/infra/openbao-sdk-go/internal/transitutil/encoding.go:30.45,32.3 1 0
git.example.com/infra/openbao-sdk-go/internal/transitutil/encoding.go:33.2,34.87 2 29
git.example.com/infra/openbao-sdk-go/internal/transitutil/encoding.go:34.87,36.3 1 0
git.example.com/infra/openbao-sdk-go/internal/transitutil/encoding.go:37.2,38.59 2 29
git.example.com/infra/openbao-sdk-go/internal/transitutil/encoding.go:38.59,40.3 1 0
git.example.com/infra/openbao-sdk-go/internal/transitutil/encoding.go:41.2,42.81 2 29
git.example.com/infra/openbao-sdk-go/internal/transitutil/encoding.go:42.81,45.3 2 0
git.example.com/infra/openbao-sdk-go/internal/transitutil/encoding.go:46.2,46.18 1 29
git.example.com/infra/openbao-sdk-go/internal/transitutil/encoding.go:48.56,49.11 1 15
git.example.com/infra/openbao-sdk-go/internal/transitutil/encoding.go:50.57,51.14 1 10
git.example.com/infra/openbao-sdk-go/internal/transitutil/encoding.go:52.30,53.17 1 5
git.example.com/infra/openbao-sdk-go/internal/transitutil/encoding.go:55.2,55.14 1 0
git.example.com/infra/openbao-sdk-go/internal/transitutil/encoding.go:57.65,59.11 2 8
git.example.com/infra/openbao-sdk-go/internal/transitutil/encoding.go:60.35,62.37 2 3
git.example.com/infra/openbao-sdk-go/internal/transitutil/encoding.go:63.28,66.28 3 2
git.example.com/infra/openbao-sdk-go/internal/transitutil/encoding.go:67.30,68.31 1 3
git.example.com/infra/openbao-sdk-go/internal/transitutil/encoding.go:70.2,70.10 1 8
git.example.com/infra/openbao-sdk-go/internal/transitutil/encoding.go:72.55,73.11 1 7
git.example.com/infra/openbao-sdk-go/internal/transitutil/encoding.go:74.35,77.67 3 2
git.example.com/infra/openbao-sdk-go/internal/transitutil/encoding.go:77.67,79.4 1 0
git.example.com/infra/openbao-sdk-go/internal/transitutil/encoding.go:80.3,81.90 2 2
git.example.com/infra/openbao-sdk-go/internal/transitutil/encoding.go:82.28,83.41 1 2
git.example.com/infra/openbao-sdk-go/internal/transitutil/encoding.go:84.30,85.41 1 3
git.example.com/infra/openbao-sdk-go/internal/transitutil/encoding.go:87.2,87.14 1 0
git.example.com/infra/openbao-sdk-go/internal/transitutil/encoding.go:91.74,92.41 1 12
git.example.com/infra/openbao-sdk-go/internal/transitutil/encoding.go:92.41,94.3 1 0
git.example.com/infra/openbao-sdk-go/internal/transitutil/encoding.go:95.2,96.64 2 12
git.example.com/infra/openbao-sdk-go/internal/transitutil/encoding.go:96.64,98.98 2 4
git.example.com/infra/openbao-sdk-go/internal/transitutil/encoding.go:98.98,100.4 1 0
git.example.com/infra/openbao-sdk-go/internal/transitutil/encoding.go:101.3,101.29 1 4
git.example.com/infra/openbao-sdk-go/internal/transitutil/encoding.go:102.8,105.174 3 8
git.example.com/infra/openbao-sdk-go/internal/transitutil/encoding.go:105.174,107.4 1 1
git.example.com/infra/openbao-sdk-go/internal/transitutil/encoding.go:108.3,110.15 3 7
git.example.com/infra/openbao-sdk-go/internal/transitutil/encoding.go:110.15,112.4 1 0
git.example.com/infra/openbao-sdk-go/internal/transitutil/encoding.go:114.2,114.14 1 11
git.example.com/infra/openbao-sdk-go/internal/transitutil/encoding.go:115.20,117.72 2 4
git.example.com/infra/openbao-sdk-go/internal/transitutil/encoding.go:117.72,119.4 1 0
git.example.com/infra/openbao-sdk-go/internal/transitutil/encoding.go:120.42,123.73 3 3
git.example.com/infra/openbao-sdk-go/internal/transitutil/encoding.go:123.73,125.4 1 0
git.example.com/infra/openbao-sdk-go/internal/transitutil/encoding.go:126.17,127.60 1 4
git.example.com/infra/openbao-sdk-go/internal/transitutil/encoding.go:127.60,129.4 1 0
git.example.com/infra/openbao-sdk-go/internal/transitutil/encoding.go:130.10,131.36 1 0
git.example.com/infra/openbao-sdk-go/internal/transitutil/encoding.go:133.2,134.14 2 11
git.example.com/infra/openbao-sdk-go/internal/transitutil/encoding.go:134.14,136.3 1 0
git.example.com/infra/openbao-sdk-go/internal/transitutil/encoding.go:137.2,137.86 1 11
git.example.com/infra/openbao-sdk-go/internal/transitutil/encoding.go:139.54,140.11 1 8
git.example.com/infra/openbao-sdk-go/internal/transitutil/encoding.go:141.35,142.30 1 3
git.example.com/infra/openbao-sdk-go/internal/transitutil/encoding.go:143.28,144.72 1 2
git.example.com/infra/openbao-sdk-go/internal/transitutil/encoding.go:145.30,146.27 1 3
git.example.com/infra/openbao-sdk-go/internal/transitutil/encoding.go:148.2,148.14 1 0
git.example.com/infra/openbao-sdk-go/internal/transitutil/encoding.go:150.106,151.60 1 5
git.example.com/infra/openbao-sdk-go/internal/transitutil/encoding.go:151.60,153.3 1 0
git.example.com/infra/openbao-sdk-go/internal/transitutil/encoding.go:154.2,154.33 1 5
git.example.com/infra/openbao-sdk-go/internal/transitutil/encoding.go:154.33,157.3 2 1
git.example.com/infra/openbao-sdk-go/internal/transitutil/encoding.go:158.2,159.16 2 4
git.example.com/infra/openbao-sdk-go/internal/transitutil/encoding.go:159.16,162.3 2 2
git.example.com/infra/openbao-sdk-go/internal/transitutil/encoding.go:162.8,162.25 1 2
git.example.com/infra/openbao-sdk-go/internal/transitutil/encoding.go:162.25,164.3 1 0
git.example.com/infra/openbao-sdk-go/internal/transitutil/encoding.go:165.2,165.25 1 4
git.example.com/infra/openbao-sdk-go/internal/transitutil/encoding.go:166.24,167.73 1 2
git.example.com/infra/openbao-sdk-go/internal/transitutil/encoding.go:168.22,169.164 1 2
git.example.com/infra/openbao-sdk-go/internal/transitutil/encoding.go:171.2,171.14 1 0
git.example.com/infra/openbao-sdk-go/kv/document.go:18.47,20.14 2 208
git.example.com/infra/openbao-sdk-go/kv/document.go:20.14,22.3 1 0
git.example.com/infra/openbao-sdk-go/kv/document.go:23.2,24.27 2 208
git.example.com/infra/openbao-sdk-go/kv/document.go:26.50,27.43 1 209
git.example.com/infra/openbao-sdk-go/kv/document.go:27.43,29.3 1 0
git.example.com/infra/openbao-sdk-go/kv/document.go:30.2,30.52 1 209
git.example.com/infra/openbao-sdk-go/kv/document.go:32.41,35.19 3 200
git.example.com/infra/openbao-sdk-go/kv/document.go:35.19,37.3 1 0
git.example.com/infra/openbao-sdk-go/kv/document.go:38.2,40.40 3 200
git.example.com/infra/openbao-sdk-go/kv/document.go:40.40,42.3 1 0
git.example.com/infra/openbao-sdk-go/kv/document.go:43.2,43.12 1 200
git.example.com/infra/openbao-sdk-go/kv/document.go:45.39,45.68 1 226
git.example.com/infra/openbao-sdk-go/kv/document.go:46.27,47.14 1 209
git.example.com/infra/openbao-sdk-go/kv/document.go:47.14,49.3 1 209
git.example.com/infra/openbao-sdk-go/kv/document.go:51.54,51.77 1 0
git.example.com/infra/openbao-sdk-go/kv/document.go:52.54,52.77 1 0
git.example.com/infra/openbao-sdk-go/kv/document.go:53.54,53.100 1 0
git.example.com/infra/openbao-sdk-go/kv/document.go:54.54,54.95 1 0
git.example.com/infra/openbao-sdk-go/kv/document.go:55.49,57.2 1 0
git.example.com/infra/openbao-sdk-go/pki/validate.go:11.30,13.2 1 0
git.example.com/infra/openbao-sdk-go/pki/validate.go:16.36,17.40 1 0
git.example.com/infra/openbao-sdk-go/pki/validate.go:17.40,19.3 1 0
git.example.com/infra/openbao-sdk-go/pki/validate.go:20.2,20.12 1 0
git.example.com/infra/openbao-sdk-go/pki/validate.go:25.74,27.170 2 0
git.example.com/infra/openbao-sdk-go/pki/validate.go:27.170,29.3 1 0
git.example.com/infra/openbao-sdk-go/pki/validate.go:30.2,31.14 2 0
git.example.com/infra/openbao-sdk-go/pki/validate.go:31.14,33.3 1 0
git.example.com/infra/openbao-sdk-go/pki/validate.go:34.2,38.71 5 0
git.example.com/infra/openbao-sdk-go/pki/validate.go:38.71,40.3 1 0
git.example.com/infra/openbao-sdk-go/pki/validate.go:41.2,42.45 2 0
git.example.com/infra/openbao-sdk-go/pki/validate.go:42.45,44.15 2 0
git.example.com/infra/openbao-sdk-go/pki/validate.go:44.15,46.4 1 0
git.example.com/infra/openbao-sdk-go/pki/validate.go:47.3,47.24 1 0
git.example.com/infra/openbao-sdk-go/pki/validate.go:47.24,48.15 1 0
git.example.com/infra/openbao-sdk-go/pki/validate.go:48.15,50.5 1 0
git.example.com/infra/openbao-sdk-go/pki/validate.go:51.4,51.20 1 0
git.example.com/infra/openbao-sdk-go/pki/validate.go:54.2,55.30 2 0
git.example.com/infra/openbao-sdk-go/pki/validate.go:55.30,57.3 1 0
git.example.com/infra/openbao-sdk-go/pki/validate.go:58.2,59.46 2 0
git.example.com/infra/openbao-sdk-go/pki/validate.go:59.46,61.3 1 0
git.example.com/infra/openbao-sdk-go/pki/validate.go:62.2,62.25 1 0
git.example.com/infra/openbao-sdk-go/pki/validate.go:62.25,64.3 1 0
git.example.com/infra/openbao-sdk-go/pki/validate.go:65.2,65.32 1 0
git.example.com/infra/openbao-sdk-go/pki/validate.go:65.32,67.15 2 0
git.example.com/infra/openbao-sdk-go/pki/validate.go:67.15,69.4 1 0
git.example.com/infra/openbao-sdk-go/pki/validate.go:70.3,70.24 1 0
git.example.com/infra/openbao-sdk-go/pki/validate.go:70.24,72.4 1 0
git.example.com/infra/openbao-sdk-go/pki/validate.go:74.2,75.18 2 0
git.example.com/infra/openbao-sdk-go/pki/validate.go:75.18,77.3 1 0
git.example.com/infra/openbao-sdk-go/pki/validate.go:78.2,78.113 1 0
git.example.com/infra/openbao-sdk-go/pki/validate.go:78.113,80.3 1 0
git.example.com/infra/openbao-sdk-go/pki/validate.go:81.2,81.193 1 0
git.example.com/infra/openbao-sdk-go/pki/validate.go:81.193,83.3 1 0
git.example.com/infra/openbao-sdk-go/pki/validate.go:84.2,84.43 1 0
git.example.com/infra/openbao-sdk-go/pki/validate.go:84.43,86.62 2 0
git.example.com/infra/openbao-sdk-go/pki/validate.go:86.62,88.4 1 0
git.example.com/infra/openbao-sdk-go/pki/validate.go:90.2,90.77 1 0
git.example.com/infra/openbao-sdk-go/pki/validate.go:90.77,92.3 1 0
git.example.com/infra/openbao-sdk-go/pki/validate.go:93.2,93.42 1 0
git.example.com/infra/openbao-sdk-go/pki/validate.go:93.42,95.40 2 0
git.example.com/infra/openbao-sdk-go/pki/validate.go:95.40,96.39 1 0
git.example.com/infra/openbao-sdk-go/pki/validate.go:96.39,98.5 1 0
git.example.com/infra/openbao-sdk-go/pki/validate.go:100.3,100.13 1 0
git.example.com/infra/openbao-sdk-go/pki/validate.go:100.13,102.4 1 0
git.example.com/infra/openbao-sdk-go/pki/validate.go:104.2,104.42 1 0
git.example.com/infra/openbao-sdk-go/pki/validate.go:104.42,106.36 2 0
git.example.com/infra/openbao-sdk-go/pki/validate.go:106.36,107.31 1 0
git.example.com/infra/openbao-sdk-go/pki/validate.go:107.31,109.5 1 0
git.example.com/infra/openbao-sdk-go/pki/validate.go:111.3,111.13 1 0
git.example.com/infra/openbao-sdk-go/pki/validate.go:111.13,113.4 1 0
git.example.com/infra/openbao-sdk-go/pki/validate.go:115.2,115.44 1 0
git.example.com/infra/openbao-sdk-go/pki/validate.go:115.44,116.156 1 0
git.example.com/infra/openbao-sdk-go/pki/validate.go:116.156,118.4 1 0
git.example.com/infra/openbao-sdk-go/pki/validate.go:120.2,120.12 1 0
git.example.com/infra/openbao-sdk-go/sensitive/bytes.go:22.35,22.102 1 746
git.example.com/infra/openbao-sdk-go/sensitive/bytes.go:23.36,24.19 1 1187
git.example.com/infra/openbao-sdk-go/sensitive/bytes.go:24.19,26.3 1 71
git.example.com/infra/openbao-sdk-go/sensitive/bytes.go:27.2,29.45 3 1116
git.example.com/infra/openbao-sdk-go/sensitive/bytes.go:31.24,32.31 1 327
git.example.com/infra/openbao-sdk-go/sensitive/bytes.go:32.31,34.3 1 57
git.example.com/infra/openbao-sdk-go/sensitive/bytes.go:35.2,38.20 4 270
git.example.com/infra/openbao-sdk-go/sensitive/bytes.go:40.26,41.19 1 63
git.example.com/infra/openbao-sdk-go/sensitive/bytes.go:41.19,43.3 1 61
git.example.com/infra/openbao-sdk-go/sensitive/bytes.go:44.2,46.26 3 2
git.example.com/infra/openbao-sdk-go/sensitive/bytes.go:48.51,48.74 1 0
git.example.com/infra/openbao-sdk-go/sensitive/bytes.go:49.51,49.74 1 0
git.example.com/infra/openbao-sdk-go/sensitive/bytes.go:50.51,50.97 1 0
git.example.com/infra/openbao-sdk-go/sensitive/bytes.go:51.51,51.92 1 0
git.example.com/infra/openbao-sdk-go/sensitive/bytes.go:52.46,54.2 1 0
