EVIDENCE_CLASS=CONTRACT_WITH_TEST_SENDER; official api/v2 factory NOT EXECUTED; vet NOT RUN (Go 1.23 overlay limitation)
# git.example.com/infra/openbao-sdk-go [git.example.com/infra/openbao-sdk-go.test]
./official_sender.go:9:9: could not import github.com/openbao/openbao/api/v2 (open : no such file or directory)
{"Time":"2026-09-28T11:10:11.996899744Z","Action":"start","Package":"git.example.com/infra/openbao-sdk-go"}
{"Time":"2026-09-28T11:10:11.997091623Z","Action":"output","Package":"git.example.com/infra/openbao-sdk-go","Output":"FAIL\tgit.example.com/infra/openbao-sdk-go [build failed]\n"}
{"Time":"2026-09-28T11:10:11.997131781Z","Action":"fail","Package":"git.example.com/infra/openbao-sdk-go","Elapsed":0}
{"Time":"2026-09-28T11:10:11.998449604Z","Action":"start","Package":"git.example.com/infra/openbao-sdk-go/auth"}
{"Time":"2026-09-28T11:10:11.999226298Z","Action":"start","Package":"git.example.com/infra/openbao-sdk-go/kv"}
{"Time":"2026-09-28T11:10:12.020421569Z","Action":"start","Package":"git.example.com/infra/openbao-sdk-go/pki"}
{"Time":"2026-09-28T11:10:12.020524656Z","Action":"start","Package":"git.example.com/infra/openbao-sdk-go/transit"}
{"Time":"2026-09-28T11:10:12.020772385Z","Action":"output","Package":"git.example.com/infra/openbao-sdk-go/transit","Output":"?   \tgit.example.com/infra/openbao-sdk-go/transit\t[no test files]\n"}
{"Time":"2026-09-28T11:10:12.020792242Z","Action":"skip","Package":"git.example.com/infra/openbao-sdk-go/transit","Elapsed":0}
{"Time":"2026-09-28T11:10:12.136370217Z","Action":"run","Package":"git.example.com/infra/openbao-sdk-go/kv","Test":"TestDocumentExactNumber"}
{"Time":"2026-09-28T11:10:12.136449161Z","Action":"output","Package":"git.example.com/infra/openbao-sdk-go/kv","Test":"TestDocumentExactNumber","Output":"=== RUN   TestDocumentExactNumber\n"}
{"Time":"2026-09-28T11:10:12.143683253Z","Action":"run","Package":"git.example.com/infra/openbao-sdk-go/auth","Test":"TestStaticTokenSnapshots"}
{"Time":"2026-09-28T11:10:12.143719844Z","Action":"output","Package":"git.example.com/infra/openbao-sdk-go/auth","Test":"TestStaticTokenSnapshots","Output":"=== RUN   TestStaticTokenSnapshots\n"}
{"Time":"2026-09-28T11:10:12.146344641Z","Action":"output","Package":"git.example.com/infra/openbao-sdk-go/kv","Test":"TestDocumentExactNumber","Output":"--- PASS: TestDocumentExactNumber (0.01s)\n"}
{"Time":"2026-09-28T11:10:12.146372174Z","Action":"pass","Package":"git.example.com/infra/openbao-sdk-go/kv","Test":"TestDocumentExactNumber","Elapsed":0.01}
{"Time":"2026-09-28T11:10:12.146462681Z","Action":"run","Package":"git.example.com/infra/openbao-sdk-go/kv","Test":"TestDocumentIndependentCopy"}
{"Time":"2026-09-28T11:10:12.146469508Z","Action":"output","Package":"git.example.com/infra/openbao-sdk-go/kv","Test":"TestDocumentIndependentCopy","Output":"=== RUN   TestDocumentIndependentCopy\n"}
{"Time":"2026-09-28T11:10:12.146485665Z","Action":"output","Package":"git.example.com/infra/openbao-sdk-go/auth","Test":"TestStaticTokenSnapshots","Output":"--- PASS: TestStaticTokenSnapshots (0.00s)\n"}
{"Time":"2026-09-28T11:10:12.146492729Z","Action":"pass","Package":"git.example.com/infra/openbao-sdk-go/auth","Test":"TestStaticTokenSnapshots","Elapsed":0}
{"Time":"2026-09-28T11:10:12.146520698Z","Action":"run","Package":"git.example.com/infra/openbao-sdk-go/auth","Test":"TestTokenFileAtomicReplacement"}
{"Time":"2026-09-28T11:10:12.146526635Z","Action":"output","Package":"git.example.com/infra/openbao-sdk-go/auth","Test":"TestTokenFileAtomicReplacement","Output":"=== RUN   TestTokenFileAtomicReplacement\n"}
{"Time":"2026-09-28T11:10:12.147774602Z","Action":"output","Package":"git.example.com/infra/openbao-sdk-go/kv","Test":"TestDocumentIndependentCopy","Output":"--- PASS: TestDocumentIndependentCopy (0.00s)\n"}
{"Time":"2026-09-28T11:10:12.147796347Z","Action":"pass","Package":"git.example.com/infra/openbao-sdk-go/kv","Test":"TestDocumentIndependentCopy","Elapsed":0}
{"Time":"2026-09-28T11:10:12.147802322Z","Action":"run","Package":"git.example.com/infra/openbao-sdk-go/kv","Test":"TestDocumentConstructAndDecode"}
{"Time":"2026-09-28T11:10:12.147851877Z","Action":"output","Package":"git.example.com/infra/openbao-sdk-go/kv","Test":"TestDocumentConstructAndDecode","Output":"=== RUN   TestDocumentConstructAndDecode\n"}
{"Time":"2026-09-28T11:10:12.148958898Z","Action":"output","Package":"git.example.com/infra/openbao-sdk-go/kv","Test":"TestDocumentConstructAndDecode","Output":"--- PASS: TestDocumentConstructAndDecode (0.00s)\n"}
{"Time":"2026-09-28T11:10:12.150334101Z","Action":"pass","Package":"git.example.com/infra/openbao-sdk-go/kv","Test":"TestDocumentConstructAndDecode","Elapsed":0}
{"Time":"2026-09-28T11:10:12.150777739Z","Action":"run","Package":"git.example.com/infra/openbao-sdk-go/kv","Test":"FuzzDocument"}
{"Time":"2026-09-28T11:10:12.150797679Z","Action":"output","Package":"git.example.com/infra/openbao-sdk-go/kv","Test":"FuzzDocument","Output":"=== RUN   FuzzDocument\n"}
{"Time":"2026-09-28T11:10:12.152873105Z","Action":"run","Package":"git.example.com/infra/openbao-sdk-go/kv","Test":"FuzzDocument/seed#0"}
{"Time":"2026-09-28T11:10:12.152891303Z","Action":"output","Package":"git.example.com/infra/openbao-sdk-go/kv","Test":"FuzzDocument/seed#0","Output":"=== RUN   FuzzDocument/seed#0\n"}
{"Time":"2026-09-28T11:10:12.155075095Z","Action":"output","Package":"git.example.com/infra/openbao-sdk-go/auth","Test":"TestTokenFileAtomicReplacement","Output":"--- PASS: TestTokenFileAtomicReplacement (0.01s)\n"}
{"Time":"2026-09-28T11:10:12.155093135Z","Action":"pass","Package":"git.example.com/infra/openbao-sdk-go/auth","Test":"TestTokenFileAtomicReplacement","Elapsed":0.01}
{"Time":"2026-09-28T11:10:12.15510126Z","Action":"run","Package":"git.example.com/infra/openbao-sdk-go/auth","Test":"TestTokenFileValidation"}
{"Time":"2026-09-28T11:10:12.15512351Z","Action":"output","Package":"git.example.com/infra/openbao-sdk-go/auth","Test":"TestTokenFileValidation","Output":"=== RUN   TestTokenFileValidation\n"}
{"Time":"2026-09-28T11:10:12.155541081Z","Action":"output","Package":"git.example.com/infra/openbao-sdk-go/kv","Test":"FuzzDocument/seed#0","Output":"--- PASS: FuzzDocument/seed#0 (0.00s)\n"}
{"Time":"2026-09-28T11:10:12.15755644Z","Action":"pass","Package":"git.example.com/infra/openbao-sdk-go/kv","Test":"FuzzDocument/seed#0","Elapsed":0}
{"Time":"2026-09-28T11:10:12.15759254Z","Action":"run","Package":"git.example.com/infra/openbao-sdk-go/kv","Test":"FuzzDocument/seed#1"}
{"Time":"2026-09-28T11:10:12.157602947Z","Action":"output","Package":"git.example.com/infra/openbao-sdk-go/kv","Test":"FuzzDocument/seed#1","Output":"=== RUN   FuzzDocument/seed#1\n"}
{"Time":"2026-09-28T11:10:12.157611112Z","Action":"output","Package":"git.example.com/infra/openbao-sdk-go/kv","Test":"FuzzDocument/seed#1","Output":"--- PASS: FuzzDocument/seed#1 (0.00s)\n"}
{"Time":"2026-09-28T11:10:12.157616457Z","Action":"pass","Package":"git.example.com/infra/openbao-sdk-go/kv","Test":"FuzzDocument/seed#1","Elapsed":0}
{"Time":"2026-09-28T11:10:12.157621677Z","Action":"run","Package":"git.example.com/infra/openbao-sdk-go/kv","Test":"FuzzDocument/seed#2"}
{"Time":"2026-09-28T11:10:12.157625958Z","Action":"output","Package":"git.example.com/infra/openbao-sdk-go/kv","Test":"FuzzDocument/seed#2","Output":"=== RUN   FuzzDocument/seed#2\n"}
{"Time":"2026-09-28T11:10:12.157631928Z","Action":"output","Package":"git.example.com/infra/openbao-sdk-go/kv","Test":"FuzzDocument/seed#2","Output":"--- PASS: FuzzDocument/seed#2 (0.00s)\n"}
{"Time":"2026-09-28T11:10:12.157637183Z","Action":"pass","Package":"git.example.com/infra/openbao-sdk-go/kv","Test":"FuzzDocument/seed#2","Elapsed":0}
{"Time":"2026-09-28T11:10:12.157642425Z","Action":"run","Package":"git.example.com/infra/openbao-sdk-go/kv","Test":"FuzzDocument/seed#3"}
{"Time":"2026-09-28T11:10:12.157646163Z","Action":"output","Package":"git.example.com/infra/openbao-sdk-go/kv","Test":"FuzzDocument/seed#3","Output":"=== RUN   FuzzDocument/seed#3\n"}
{"Time":"2026-09-28T11:10:12.158000436Z","Action":"output","Package":"git.example.com/infra/openbao-sdk-go/kv","Test":"FuzzDocument/seed#3","Output":"--- PASS: FuzzDocument/seed#3 (0.00s)\n"}
{"Time":"2026-09-28T11:10:12.1584101Z","Action":"pass","Package":"git.example.com/infra/openbao-sdk-go/kv","Test":"FuzzDocument/seed#3","Elapsed":0}
{"Time":"2026-09-28T11:10:12.163586178Z","Action":"output","Package":"git.example.com/infra/openbao-sdk-go/kv","Test":"FuzzDocument","Output":"--- PASS: FuzzDocument (0.01s)\n"}
{"Time":"2026-09-28T11:10:12.163608907Z","Action":"pass","Package":"git.example.com/infra/openbao-sdk-go/kv","Test":"FuzzDocument","Elapsed":0.01}
{"Time":"2026-09-28T11:10:12.163620454Z","Action":"output","Package":"git.example.com/infra/openbao-sdk-go/kv","Output":"PASS\n"}
{"Time":"2026-09-28T11:10:12.169093995Z","Action":"output","Package":"git.example.com/infra/openbao-sdk-go/kv","Output":"coverage: 88.0% of statements\n"}
{"Time":"2026-09-28T11:10:12.172964314Z","Action":"output","Package":"git.example.com/infra/openbao-sdk-go/auth","Test":"TestTokenFileValidation","Output":"--- PASS: TestTokenFileValidation (0.02s)\n"}
{"Time":"2026-09-28T11:10:12.173049126Z","Action":"pass","Package":"git.example.com/infra/openbao-sdk-go/auth","Test":"TestTokenFileValidation","Elapsed":0.02}
{"Time":"2026-09-28T11:10:12.173064552Z","Action":"run","Package":"git.example.com/infra/openbao-sdk-go/auth","Test":"TestSecretIDGenerationAndUse"}
{"Time":"2026-09-28T11:10:12.173070015Z","Action":"output","Package":"git.example.com/infra/openbao-sdk-go/auth","Test":"TestSecretIDGenerationAndUse","Output":"=== RUN   TestSecretIDGenerationAndUse\n"}
{"Time":"2026-09-28T11:10:12.178020321Z","Action":"output","Package":"git.example.com/infra/openbao-sdk-go/auth","Test":"TestSecretIDGenerationAndUse","Output":"--- PASS: TestSecretIDGenerationAndUse (0.00s)\n"}
{"Time":"2026-09-28T11:10:12.178046428Z","Action":"pass","Package":"git.example.com/infra/openbao-sdk-go/auth","Test":"TestSecretIDGenerationAndUse","Elapsed":0}
{"Time":"2026-09-28T11:10:12.178054425Z","Action":"output","Package":"git.example.com/infra/openbao-sdk-go/auth","Output":"PASS\n"}
{"Time":"2026-09-28T11:10:12.188469889Z","Action":"output","Package":"git.example.com/infra/openbao-sdk-go/auth","Output":"coverage: 86.5% of statements\n"}
{"Time":"2026-09-28T11:10:12.202179103Z","Action":"run","Package":"git.example.com/infra/openbao-sdk-go/pki","Test":"TestPKITrustAndLifetime"}
{"Time":"2026-09-28T11:10:12.202222327Z","Action":"output","Package":"git.example.com/infra/openbao-sdk-go/pki","Test":"TestPKITrustAndLifetime","Output":"=== RUN   TestPKITrustAndLifetime\n"}
{"Time":"2026-09-28T11:10:12.238596755Z","Action":"output","Package":"git.example.com/infra/openbao-sdk-go/pki","Test":"TestPKITrustAndLifetime","Output":"--- PASS: TestPKITrustAndLifetime (0.04s)\n"}
{"Time":"2026-09-28T11:10:12.238653466Z","Action":"pass","Package":"git.example.com/infra/openbao-sdk-go/pki","Test":"TestPKITrustAndLifetime","Elapsed":0.04}
{"Time":"2026-09-28T11:10:12.238664921Z","Action":"run","Package":"git.example.com/infra/openbao-sdk-go/pki","Test":"TestPKICSRSignature"}
{"Time":"2026-09-28T11:10:12.238669668Z","Action":"output","Package":"git.example.com/infra/openbao-sdk-go/pki","Test":"TestPKICSRSignature","Output":"=== RUN   TestPKICSRSignature\n"}
{"Time":"2026-09-28T11:10:12.245614194Z","Action":"output","Package":"git.example.com/infra/openbao-sdk-go/pki","Test":"TestPKICSRSignature","Output":"--- PASS: TestPKICSRSignature (0.01s)\n"}
{"Time":"2026-09-28T11:10:12.245681884Z","Action":"pass","Package":"git.example.com/infra/openbao-sdk-go/pki","Test":"TestPKICSRSignature","Elapsed":0.01}
{"Time":"2026-09-28T11:10:12.245689796Z","Action":"run","Package":"git.example.com/infra/openbao-sdk-go/pki","Test":"TestPKIMetadataAndMalformedPolicy"}
{"Time":"2026-09-28T11:10:12.24569318Z","Action":"output","Package":"git.example.com/infra/openbao-sdk-go/pki","Test":"TestPKIMetadataAndMalformedPolicy","Output":"=== RUN   TestPKIMetadataAndMalformedPolicy\n"}
{"Time":"2026-09-28T11:10:12.262401063Z","Action":"output","Package":"git.example.com/infra/openbao-sdk-go/pki","Test":"TestPKIMetadataAndMalformedPolicy","Output":"--- PASS: TestPKIMetadataAndMalformedPolicy (0.02s)\n"}
{"Time":"2026-09-28T11:10:12.262495504Z","Action":"pass","Package":"git.example.com/infra/openbao-sdk-go/pki","Test":"TestPKIMetadataAndMalformedPolicy","Elapsed":0.02}
{"Time":"2026-09-28T11:10:12.26293093Z","Action":"run","Package":"git.example.com/infra/openbao-sdk-go/pki","Test":"FuzzPKICSR"}
{"Time":"2026-09-28T11:10:12.262952957Z","Action":"output","Package":"git.example.com/infra/openbao-sdk-go/pki","Test":"FuzzPKICSR","Output":"=== RUN   FuzzPKICSR\n"}
{"Time":"2026-09-28T11:10:12.263444907Z","Action":"run","Package":"git.example.com/infra/openbao-sdk-go/pki","Test":"FuzzPKICSR/seed#0"}
{"Time":"2026-09-28T11:10:12.263468421Z","Action":"output","Package":"git.example.com/infra/openbao-sdk-go/pki","Test":"FuzzPKICSR/seed#0","Output":"=== RUN   FuzzPKICSR/seed#0\n"}
{"Time":"2026-09-28T11:10:12.264443331Z","Action":"output","Package":"git.example.com/infra/openbao-sdk-go/pki","Test":"FuzzPKICSR/seed#0","Output":"--- PASS: FuzzPKICSR/seed#0 (0.00s)\n"}
{"Time":"2026-09-28T11:10:12.264469097Z","Action":"pass","Package":"git.example.com/infra/openbao-sdk-go/pki","Test":"FuzzPKICSR/seed#0","Elapsed":0}
{"Time":"2026-09-28T11:10:12.264493207Z","Action":"output","Package":"git.example.com/infra/openbao-sdk-go/pki","Test":"FuzzPKICSR","Output":"--- PASS: FuzzPKICSR (0.00s)\n"}
{"Time":"2026-09-28T11:10:12.264532213Z","Action":"pass","Package":"git.example.com/infra/openbao-sdk-go/pki","Test":"FuzzPKICSR","Elapsed":0}
{"Time":"2026-09-28T11:10:12.264648345Z","Action":"output","Package":"git.example.com/infra/openbao-sdk-go/pki","Output":"PASS\n"}
{"Time":"2026-09-28T11:10:12.271821036Z","Action":"output","Package":"git.example.com/infra/openbao-sdk-go/pki","Output":"coverage: 98.6% of statements\n"}
{"Time":"2026-09-28T11:10:13.175379076Z","Action":"output","Package":"git.example.com/infra/openbao-sdk-go/kv","Output":"ok  \tgit.example.com/infra/openbao-sdk-go/kv\t1.173s\tcoverage: 88.0% of statements\n"}
{"Time":"2026-09-28T11:10:13.175476721Z","Action":"pass","Package":"git.example.com/infra/openbao-sdk-go/kv","Elapsed":1.176}
{"Time":"2026-09-28T11:10:13.195419726Z","Action":"output","Package":"git.example.com/infra/openbao-sdk-go/auth","Output":"ok  \tgit.example.com/infra/openbao-sdk-go/auth\t1.194s\tcoverage: 86.5% of statements\n"}
{"Time":"2026-09-28T11:10:13.195453153Z","Action":"pass","Package":"git.example.com/infra/openbao-sdk-go/auth","Elapsed":1.197}
{"Time":"2026-09-28T11:10:13.279751461Z","Action":"output","Package":"git.example.com/infra/openbao-sdk-go/pki","Output":"ok  \tgit.example.com/infra/openbao-sdk-go/pki\t1.259s\tcoverage: 98.6% of statements\n"}
{"Time":"2026-09-28T11:10:13.279823793Z","Action":"pass","Package":"git.example.com/infra/openbao-sdk-go/pki","Elapsed":1.259}
{"Time":"2026-09-28T11:10:13.407050289Z","Action":"start","Package":"git.example.com/infra/openbao-sdk-go/baoerr"}
{"Time":"2026-09-28T11:10:13.40717875Z","Action":"start","Package":"git.example.com/infra/openbao-sdk-go/sensitive"}
{"Time":"2026-09-28T11:10:13.407725236Z","Action":"start","Package":"git.example.com/infra/openbao-sdk-go/diagnostics"}
{"Time":"2026-09-28T11:10:13.407911384Z","Action":"output","Package":"git.example.com/infra/openbao-sdk-go/diagnostics","Output":"?   \tgit.example.com/infra/openbao-sdk-go/diagnostics\t[no test files]\n"}
{"Time":"2026-09-28T11:10:13.407930403Z","Action":"skip","Package":"git.example.com/infra/openbao-sdk-go/diagnostics","Elapsed":0}
{"Time":"2026-09-28T11:10:13.41061661Z","Action":"start","Package":"git.example.com/infra/openbao-sdk-go/observe"}
{"Time":"2026-09-28T11:10:13.410795186Z","Action":"output","Package":"git.example.com/infra/openbao-sdk-go/observe","Output":"?   \tgit.example.com/infra/openbao-sdk-go/observe\t[no test files]\n"}
{"Time":"2026-09-28T11:10:13.410812488Z","Action":"skip","Package":"git.example.com/infra/openbao-sdk-go/observe","Elapsed":0}
{"Time":"2026-09-28T11:10:13.569725253Z","Action":"run","Package":"git.example.com/infra/openbao-sdk-go/baoerr","Test":"TestNilUnknownAndAllCodes"}
{"Time":"2026-09-28T11:10:13.569799945Z","Action":"output","Package":"git.example.com/infra/openbao-sdk-go/baoerr","Test":"TestNilUnknownAndAllCodes","Output":"=== RUN   TestNilUnknownAndAllCodes\n"}
{"Time":"2026-09-28T11:10:13.56985366Z","Action":"output","Package":"git.example.com/infra/openbao-sdk-go/baoerr","Test":"TestNilUnknownAndAllCodes","Output":"--- PASS: TestNilUnknownAndAllCodes (0.02s)\n"}
{"Time":"2026-09-28T11:10:13.569858221Z","Action":"pass","Package":"git.example.com/infra/openbao-sdk-go/baoerr","Test":"TestNilUnknownAndAllCodes","Elapsed":0.02}
{"Time":"2026-09-28T11:10:13.569865497Z","Action":"run","Package":"git.example.com/infra/openbao-sdk-go/baoerr","Test":"TestErrorClassificationAndRedaction"}
{"Time":"2026-09-28T11:10:13.569868177Z","Action":"output","Package":"git.example.com/infra/openbao-sdk-go/baoerr","Test":"TestErrorClassificationAndRedaction","Output":"=== RUN   TestErrorClassificationAndRedaction\n"}
{"Time":"2026-09-28T11:10:13.569875161Z","Action":"output","Package":"git.example.com/infra/openbao-sdk-go/baoerr","Test":"TestErrorClassificationAndRedaction","Output":"--- PASS: TestErrorClassificationAndRedaction (0.00s)\n"}
{"Time":"2026-09-28T11:10:13.569881139Z","Action":"pass","Package":"git.example.com/infra/openbao-sdk-go/baoerr","Test":"TestErrorClassificationAndRedaction","Elapsed":0}
{"Time":"2026-09-28T11:10:13.569884078Z","Action":"output","Package":"git.example.com/infra/openbao-sdk-go/baoerr","Output":"PASS\n"}
{"Time":"2026-09-28T11:10:13.569901748Z","Action":"output","Package":"git.example.com/infra/openbao-sdk-go/baoerr","Output":"coverage: 100.0% of statements\n"}
{"Time":"2026-09-28T11:10:13.630213183Z","Action":"run","Package":"git.example.com/infra/openbao-sdk-go/sensitive","Test":"TestSensitiveFormatting"}
{"Time":"2026-09-28T11:10:13.630295363Z","Action":"output","Package":"git.example.com/infra/openbao-sdk-go/sensitive","Test":"TestSensitiveFormatting","Output":"=== RUN   TestSensitiveFormatting\n"}
{"Time":"2026-09-28T11:10:13.63966177Z","Action":"output","Package":"git.example.com/infra/openbao-sdk-go/sensitive","Test":"TestSensitiveFormatting","Output":"--- PASS: TestSensitiveFormatting (0.01s)\n"}
{"Time":"2026-09-28T11:10:13.639718091Z","Action":"pass","Package":"git.example.com/infra/openbao-sdk-go/sensitive","Test":"TestSensitiveFormatting","Elapsed":0.01}
{"Time":"2026-09-28T11:10:13.639730354Z","Action":"run","Package":"git.example.com/infra/openbao-sdk-go/sensitive","Test":"TestSensitiveCopyAndZero"}
{"Time":"2026-09-28T11:10:13.639735912Z","Action":"output","Package":"git.example.com/infra/openbao-sdk-go/sensitive","Test":"TestSensitiveCopyAndZero","Output":"=== RUN   TestSensitiveCopyAndZero\n"}
{"Time":"2026-09-28T11:10:13.639743896Z","Action":"output","Package":"git.example.com/infra/openbao-sdk-go/sensitive","Test":"TestSensitiveCopyAndZero","Output":"--- PASS: TestSensitiveCopyAndZero (0.00s)\n"}
{"Time":"2026-09-28T11:10:13.639785159Z","Action":"pass","Package":"git.example.com/infra/openbao-sdk-go/sensitive","Test":"TestSensitiveCopyAndZero","Elapsed":0}
{"Time":"2026-09-28T11:10:13.639791906Z","Action":"run","Package":"git.example.com/infra/openbao-sdk-go/sensitive","Test":"TestSensitiveConcurrentRead"}
{"Time":"2026-09-28T11:10:13.639796729Z","Action":"output","Package":"git.example.com/infra/openbao-sdk-go/sensitive","Test":"TestSensitiveConcurrentRead","Output":"=== RUN   TestSensitiveConcurrentRead\n"}
{"Time":"2026-09-28T11:10:13.639801656Z","Action":"run","Package":"git.example.com/infra/openbao-sdk-go/sensitive","Test":"TestSensitiveConcurrentRead/0"}
{"Time":"2026-09-28T11:10:13.639805741Z","Action":"output","Package":"git.example.com/infra/openbao-sdk-go/sensitive","Test":"TestSensitiveConcurrentRead/0","Output":"=== RUN   TestSensitiveConcurrentRead/0\n"}
{"Time":"2026-09-28T11:10:13.63981181Z","Action":"output","Package":"git.example.com/infra/openbao-sdk-go/sensitive","Test":"TestSensitiveConcurrentRead/0","Output":"=== PAUSE TestSensitiveConcurrentRead/0\n"}
{"Time":"2026-09-28T11:10:13.639816053Z","Action":"pause","Package":"git.example.com/infra/openbao-sdk-go/sensitive","Test":"TestSensitiveConcurrentRead/0"}
{"Time":"2026-09-28T11:10:13.639832285Z","Action":"run","Package":"git.example.com/infra/openbao-sdk-go/sensitive","Test":"TestSensitiveConcurrentRead/1"}
{"Time":"2026-09-28T11:10:13.639837373Z","Action":"output","Package":"git.example.com/infra/openbao-sdk-go/sensitive","Test":"TestSensitiveConcurrentRead/1","Output":"=== RUN   TestSensitiveConcurrentRead/1\n"}
{"Time":"2026-09-28T11:10:13.639842844Z","Action":"output","Package":"git.example.com/infra/openbao-sdk-go/sensitive","Test":"TestSensitiveConcurrentRead/1","Output":"=== PAUSE TestSensitiveConcurrentRead/1\n"}
{"Time":"2026-09-28T11:10:13.639847024Z","Action":"pause","Package":"git.example.com/infra/openbao-sdk-go/sensitive","Test":"TestSensitiveConcurrentRead/1"}
{"Time":"2026-09-28T11:10:13.639856803Z","Action":"run","Package":"git.example.com/infra/openbao-sdk-go/sensitive","Test":"TestSensitiveConcurrentRead/2"}
{"Time":"2026-09-28T11:10:13.639861068Z","Action":"output","Package":"git.example.com/infra/openbao-sdk-go/sensitive","Test":"TestSensitiveConcurrentRead/2","Output":"=== RUN   TestSensitiveConcurrentRead/2\n"}
{"Time":"2026-09-28T11:10:13.64009033Z","Action":"output","Package":"git.example.com/infra/openbao-sdk-go/sensitive","Test":"TestSensitiveConcurrentRead/2","Output":"=== PAUSE TestSensitiveConcurrentRead/2\n"}
{"Time":"2026-09-28T11:10:13.640104296Z","Action":"pause","Package":"git.example.com/infra/openbao-sdk-go/sensitive","Test":"TestSensitiveConcurrentRead/2"}
{"Time":"2026-09-28T11:10:13.640407592Z","Action":"run","Package":"git.example.com/infra/openbao-sdk-go/sensitive","Test":"TestSensitiveConcurrentRead/3"}
{"Time":"2026-09-28T11:10:13.640439726Z","Action":"output","Package":"git.example.com/infra/openbao-sdk-go/sensitive","Test":"TestSensitiveConcurrentRead/3","Output":"=== RUN   TestSensitiveConcurrentRead/3\n"}
{"Time":"2026-09-28T11:10:13.640755543Z","Action":"output","Package":"git.example.com/infra/openbao-sdk-go/sensitive","Test":"TestSensitiveConcurrentRead/3","Output":"=== PAUSE TestSensitiveConcurrentRead/3\n"}
{"Time":"2026-09-28T11:10:13.640771746Z","Action":"pause","Package":"git.example.com/infra/openbao-sdk-go/sensitive","Test":"TestSensitiveConcurrentRead/3"}
{"Time":"2026-09-28T11:10:13.6410365Z","Action":"run","Package":"git.example.com/infra/openbao-sdk-go/sensitive","Test":"TestSensitiveConcurrentRead/4"}
{"Time":"2026-09-28T11:10:13.641067516Z","Action":"output","Package":"git.example.com/infra/openbao-sdk-go/sensitive","Test":"TestSensitiveConcurrentRead/4","Output":"=== RUN   TestSensitiveConcurrentRead/4\n"}
{"Time":"2026-09-28T11:10:13.641380011Z","Action":"output","Package":"git.example.com/infra/openbao-sdk-go/sensitive","Test":"TestSensitiveConcurrentRead/4","Output":"=== PAUSE TestSensitiveConcurrentRead/4\n"}
{"Time":"2026-09-28T11:10:13.641395445Z","Action":"pause","Package":"git.example.com/infra/openbao-sdk-go/sensitive","Test":"TestSensitiveConcurrentRead/4"}
{"Time":"2026-09-28T11:10:13.641609095Z","Action":"run","Package":"git.example.com/infra/openbao-sdk-go/sensitive","Test":"TestSensitiveConcurrentRead/5"}
{"Time":"2026-09-28T11:10:13.641620951Z","Action":"output","Package":"git.example.com/infra/openbao-sdk-go/sensitive","Test":"TestSensitiveConcurrentRead/5","Output":"=== RUN   TestSensitiveConcurrentRead/5\n"}
{"Time":"2026-09-28T11:10:13.641960242Z","Action":"output","Package":"git.example.com/infra/openbao-sdk-go/sensitive","Test":"TestSensitiveConcurrentRead/5","Output":"=== PAUSE TestSensitiveConcurrentRead/5\n"}
{"Time":"2026-09-28T11:10:13.641974303Z","Action":"pause","Package":"git.example.com/infra/openbao-sdk-go/sensitive","Test":"TestSensitiveConcurrentRead/5"}
{"Time":"2026-09-28T11:10:13.642331144Z","Action":"run","Package":"git.example.com/infra/openbao-sdk-go/sensitive","Test":"TestSensitiveConcurrentRead/6"}
{"Time":"2026-09-28T11:10:13.642345794Z","Action":"output","Package":"git.example.com/infra/openbao-sdk-go/sensitive","Test":"TestSensitiveConcurrentRead/6","Output":"=== RUN   TestSensitiveConcurrentRead/6\n"}
{"Time":"2026-09-28T11:10:13.642596223Z","Action":"output","Package":"git.example.com/infra/openbao-sdk-go/sensitive","Test":"TestSensitiveConcurrentRead/6","Output":"=== PAUSE TestSensitiveConcurrentRead/6\n"}
{"Time":"2026-09-28T11:10:13.642619312Z","Action":"pause","Package":"git.example.com/infra/openbao-sdk-go/sensitive","Test":"TestSensitiveConcurrentRead/6"}
{"Time":"2026-09-28T11:10:13.642910096Z","Action":"run","Package":"git.example.com/infra/openbao-sdk-go/sensitive","Test":"TestSensitiveConcurrentRead/7"}
{"Time":"2026-09-28T11:10:13.642924534Z","Action":"output","Package":"git.example.com/infra/openbao-sdk-go/sensitive","Test":"TestSensitiveConcurrentRead/7","Output":"=== RUN   TestSensitiveConcurrentRead/7\n"}
{"Time":"2026-09-28T11:10:13.643448031Z","Action":"output","Package":"git.example.com/infra/openbao-sdk-go/sensitive","Test":"TestSensitiveConcurrentRead/7","Output":"=== PAUSE TestSensitiveConcurrentRead/7\n"}
{"Time":"2026-09-28T11:10:13.643464069Z","Action":"pause","Package":"git.example.com/infra/openbao-sdk-go/sensitive","Test":"TestSensitiveConcurrentRead/7"}
{"Time":"2026-09-28T11:10:13.643823957Z","Action":"run","Package":"git.example.com/infra/openbao-sdk-go/sensitive","Test":"TestSensitiveConcurrentRead/8"}
{"Time":"2026-09-28T11:10:13.643845062Z","Action":"output","Package":"git.example.com/infra/openbao-sdk-go/sensitive","Test":"TestSensitiveConcurrentRead/8","Output":"=== RUN   TestSensitiveConcurrentRead/8\n"}
{"Time":"2026-09-28T11:10:13.644166391Z","Action":"output","Package":"git.example.com/infra/openbao-sdk-go/sensitive","Test":"TestSensitiveConcurrentRead/8","Output":"=== PAUSE TestSensitiveConcurrentRead/8\n"}
{"Time":"2026-09-28T11:10:13.644182284Z","Action":"pause","Package":"git.example.com/infra/openbao-sdk-go/sensitive","Test":"TestSensitiveConcurrentRead/8"}
{"Time":"2026-09-28T11:10:13.64444603Z","Action":"run","Package":"git.example.com/infra/openbao-sdk-go/sensitive","Test":"TestSensitiveConcurrentRead/9"}
{"Time":"2026-09-28T11:10:13.644459151Z","Action":"output","Package":"git.example.com/infra/openbao-sdk-go/sensitive","Test":"TestSensitiveConcurrentRead/9","Output":"=== RUN   TestSensitiveConcurrentRead/9\n"}
{"Time":"2026-09-28T11:10:13.644826933Z","Action":"output","Package":"git.example.com/infra/openbao-sdk-go/sensitive","Test":"TestSensitiveConcurrentRead/9","Output":"=== PAUSE TestSensitiveConcurrentRead/9\n"}
{"Time":"2026-09-28T11:10:13.644842059Z","Action":"pause","Package":"git.example.com/infra/openbao-sdk-go/sensitive","Test":"TestSensitiveConcurrentRead/9"}
{"Time":"2026-09-28T11:10:13.645233741Z","Action":"run","Package":"git.example.com/infra/openbao-sdk-go/sensitive","Test":"TestSensitiveConcurrentRead/10"}
{"Time":"2026-09-28T11:10:13.645273148Z","Action":"output","Package":"git.example.com/infra/openbao-sdk-go/sensitive","Test":"TestSensitiveConcurrentRead/10","Output":"=== RUN   TestSensitiveConcurrentRead/10\n"}
{"Time":"2026-09-28T11:10:13.646786711Z","Action":"output","Package":"git.example.com/infra/openbao-sdk-go/sensitive","Test":"TestSensitiveConcurrentRead/10","Output":"=== PAUSE TestSensitiveConcurrentRead/10\n"}
{"Time":"2026-09-28T11:10:13.646817455Z","Action":"pause","Package":"git.example.com/infra/openbao-sdk-go/sensitive","Test":"TestSensitiveConcurrentRead/10"}
{"Time":"2026-09-28T11:10:13.647110986Z","Action":"run","Package":"git.example.com/infra/openbao-sdk-go/sensitive","Test":"TestSensitiveConcurrentRead/11"}
{"Time":"2026-09-28T11:10:13.647124512Z","Action":"output","Package":"git.example.com/infra/openbao-sdk-go/sensitive","Test":"TestSensitiveConcurrentRead/11","Output":"=== RUN   TestSensitiveConcurrentRead/11\n"}
{"Time":"2026-09-28T11:10:13.647477085Z","Action":"output","Package":"git.example.com/infra/openbao-sdk-go/sensitive","Test":"TestSensitiveConcurrentRead/11","Output":"=== PAUSE TestSensitiveConcurrentRead/11\n"}
{"Time":"2026-09-28T11:10:13.647491526Z","Action":"pause","Package":"git.example.com/infra/openbao-sdk-go/sensitive","Test":"TestSensitiveConcurrentRead/11"}
{"Time":"2026-09-28T11:10:13.648082806Z","Action":"run","Package":"git.example.com/infra/openbao-sdk-go/sensitive","Test":"TestSensitiveConcurrentRead/12"}
{"Time":"2026-09-28T11:10:13.648123758Z","Action":"output","Package":"git.example.com/infra/openbao-sdk-go/sensitive","Test":"TestSensitiveConcurrentRead/12","Output":"=== RUN   TestSensitiveConcurrentRead/12\n"}
{"Time":"2026-09-28T11:10:13.64879807Z","Action":"output","Package":"git.example.com/infra/openbao-sdk-go/sensitive","Test":"TestSensitiveConcurrentRead/12","Output":"=== PAUSE TestSensitiveConcurrentRead/12\n"}
{"Time":"2026-09-28T11:10:13.648830174Z","Action":"pause","Package":"git.example.com/infra/openbao-sdk-go/sensitive","Test":"TestSensitiveConcurrentRead/12"}
{"Time":"2026-09-28T11:10:13.649276019Z","Action":"run","Package":"git.example.com/infra/openbao-sdk-go/sensitive","Test":"TestSensitiveConcurrentRead/13"}
{"Time":"2026-09-28T11:10:13.649291222Z","Action":"output","Package":"git.example.com/infra/openbao-sdk-go/sensitive","Test":"TestSensitiveConcurrentRead/13","Output":"=== RUN   TestSensitiveConcurrentRead/13\n"}
{"Time":"2026-09-28T11:10:13.649597063Z","Action":"output","Package":"git.example.com/infra/openbao-sdk-go/sensitive","Test":"TestSensitiveConcurrentRead/13","Output":"=== PAUSE TestSensitiveConcurrentRead/13\n"}
{"Time":"2026-09-28T11:10:13.649612329Z","Action":"pause","Package":"git.example.com/infra/openbao-sdk-go/sensitive","Test":"TestSensitiveConcurrentRead/13"}
{"Time":"2026-09-28T11:10:13.649844877Z","Action":"run","Package":"git.example.com/infra/openbao-sdk-go/sensitive","Test":"TestSensitiveConcurrentRead/14"}
{"Time":"2026-09-28T11:10:13.649857785Z","Action":"output","Package":"git.example.com/infra/openbao-sdk-go/sensitive","Test":"TestSensitiveConcurrentRead/14","Output":"=== RUN   TestSensitiveConcurrentRead/14\n"}
{"Time":"2026-09-28T11:10:13.650214249Z","Action":"output","Package":"git.example.com/infra/openbao-sdk-go/sensitive","Test":"TestSensitiveConcurrentRead/14","Output":"=== PAUSE TestSensitiveConcurrentRead/14\n"}
{"Time":"2026-09-28T11:10:13.65022889Z","Action":"pause","Package":"git.example.com/infra/openbao-sdk-go/sensitive","Test":"TestSensitiveConcurrentRead/14"}
{"Time":"2026-09-28T11:10:13.650488234Z","Action":"run","Package":"git.example.com/infra/openbao-sdk-go/sensitive","Test":"TestSensitiveConcurrentRead/15"}
{"Time":"2026-09-28T11:10:13.650502316Z","Action":"output","Package":"git.example.com/infra/openbao-sdk-go/sensitive","Test":"TestSensitiveConcurrentRead/15","Output":"=== RUN   TestSensitiveConcurrentRead/15\n"}
{"Time":"2026-09-28T11:10:13.651742396Z","Action":"output","Package":"git.example.com/infra/openbao-sdk-go/sensitive","Test":"TestSensitiveConcurrentRead/15","Output":"=== PAUSE TestSensitiveConcurrentRead/15\n"}
{"Time":"2026-09-28T11:10:13.651762219Z","Action":"pause","Package":"git.example.com/infra/openbao-sdk-go/sensitive","Test":"TestSensitiveConcurrentRead/15"}
{"Time":"2026-09-28T11:10:13.652314987Z","Action":"run","Package":"git.example.com/infra/openbao-sdk-go/sensitive","Test":"TestSensitiveConcurrentRead/16"}
{"Time":"2026-09-28T11:10:13.652331125Z","Action":"output","Package":"git.example.com/infra/openbao-sdk-go/sensitive","Test":"TestSensitiveConcurrentRead/16","Output":"=== RUN   TestSensitiveConcurrentRead/16\n"}
{"Time":"2026-09-28T11:10:13.652654247Z","Action":"output","Package":"git.example.com/infra/openbao-sdk-go/sensitive","Test":"TestSensitiveConcurrentRead/16","Output":"=== PAUSE TestSensitiveConcurrentRead/16\n"}
{"Time":"2026-09-28T11:10:13.652668322Z","Action":"pause","Package":"git.example.com/infra/openbao-sdk-go/sensitive","Test":"TestSensitiveConcurrentRead/16"}
{"Time":"2026-09-28T11:10:13.65315257Z","Action":"run","Package":"git.example.com/infra/openbao-sdk-go/sensitive","Test":"TestSensitiveConcurrentRead/17"}
{"Time":"2026-09-28T11:10:13.653168101Z","Action":"output","Package":"git.example.com/infra/openbao-sdk-go/sensitive","Test":"TestSensitiveConcurrentRead/17","Output":"=== RUN   TestSensitiveConcurrentRead/17\n"}
{"Time":"2026-09-28T11:10:13.653917162Z","Action":"output","Package":"git.example.com/infra/openbao-sdk-go/sensitive","Test":"TestSensitiveConcurrentRead/17","Output":"=== PAUSE TestSensitiveConcurrentRead/17\n"}
{"Time":"2026-09-28T11:10:13.653942526Z","Action":"pause","Package":"git.example.com/infra/openbao-sdk-go/sensitive","Test":"TestSensitiveConcurrentRead/17"}
{"Time":"2026-09-28T11:10:13.653951313Z","Action":"run","Package":"git.example.com/infra/openbao-sdk-go/sensitive","Test":"TestSensitiveConcurrentRead/18"}
{"Time":"2026-09-28T11:10:13.653955521Z","Action":"output","Package":"git.example.com/infra/openbao-sdk-go/sensitive","Test":"TestSensitiveConcurrentRead/18","Output":"=== RUN   TestSensitiveConcurrentRead/18\n"}
{"Time":"2026-09-28T11:10:13.654617616Z","Action":"output","Package":"git.example.com/infra/openbao-sdk-go/sensitive","Test":"TestSensitiveConcurrentRead/18","Output":"=== PAUSE TestSensitiveConcurrentRead/18\n"}
{"Time":"2026-09-28T11:10:13.654633247Z","Action":"pause","Package":"git.example.com/infra/openbao-sdk-go/sensitive","Test":"TestSensitiveConcurrentRead/18"}
{"Time":"2026-09-28T11:10:13.6546409Z","Action":"run","Package":"git.example.com/infra/openbao-sdk-go/sensitive","Test":"TestSensitiveConcurrentRead/19"}
{"Time":"2026-09-28T11:10:13.654645673Z","Action":"output","Package":"git.example.com/infra/openbao-sdk-go/sensitive","Test":"TestSensitiveConcurrentRead/19","Output":"=== RUN   TestSensitiveConcurrentRead/19\n"}
{"Time":"2026-09-28T11:10:13.654833728Z","Action":"output","Package":"git.example.com/infra/openbao-sdk-go/sensitive","Test":"TestSensitiveConcurrentRead/19","Output":"=== PAUSE TestSensitiveConcurrentRead/19\n"}
{"Time":"2026-09-28T11:10:13.65487567Z","Action":"pause","Package":"git.example.com/infra/openbao-sdk-go/sensitive","Test":"TestSensitiveConcurrentRead/19"}
{"Time":"2026-09-28T11:10:13.655584659Z","Action":"cont","Package":"git.example.com/infra/openbao-sdk-go/sensitive","Test":"TestSensitiveConcurrentRead/0"}
{"Time":"2026-09-28T11:10:13.655603499Z","Action":"output","Package":"git.example.com/infra/openbao-sdk-go/sensitive","Test":"TestSensitiveConcurrentRead/0","Output":"=== CONT  TestSensitiveConcurrentRead/0\n"}
{"Time":"2026-09-28T11:10:13.65562957Z","Action":"cont","Package":"git.example.com/infra/openbao-sdk-go/sensitive","Test":"TestSensitiveConcurrentRead/10"}
{"Time":"2026-09-28T11:10:13.655633989Z","Action":"output","Package":"git.example.com/infra/openbao-sdk-go/sensitive","Test":"TestSensitiveConcurrentRead/10","Output":"=== CONT  TestSensitiveConcurrentRead/10\n"}
{"Time":"2026-09-28T11:10:13.659572182Z","Action":"output","Package":"git.example.com/infra/openbao-sdk-go/sensitive","Test":"TestSensitiveConcurrentRead/0","Output":"--- PASS: TestSensitiveConcurrentRead/0 (0.00s)\n"}
{"Time":"2026-09-28T11:10:13.659600553Z","Action":"pass","Package":"git.example.com/infra/openbao-sdk-go/sensitive","Test":"TestSensitiveConcurrentRead/0","Elapsed":0}
{"Time":"2026-09-28T11:10:13.659610816Z","Action":"cont","Package":"git.example.com/infra/openbao-sdk-go/sensitive","Test":"TestSensitiveConcurrentRead/9"}
{"Time":"2026-09-28T11:10:13.659615365Z","Action":"output","Package":"git.example.com/infra/openbao-sdk-go/sensitive","Test":"TestSensitiveConcurrentRead/9","Output":"=== CONT  TestSensitiveConcurrentRead/9\n"}
{"Time":"2026-09-28T11:10:13.659623962Z","Action":"output","Package":"git.example.com/infra/openbao-sdk-go/sensitive","Test":"TestSensitiveConcurrentRead/9","Output":"--- PASS: TestSensitiveConcurrentRead/9 (0.00s)\n"}
{"Time":"2026-09-28T11:10:13.65963038Z","Action":"pass","Package":"git.example.com/infra/openbao-sdk-go/sensitive","Test":"TestSensitiveConcurrentRead/9","Elapsed":0}
{"Time":"2026-09-28T11:10:13.659634274Z","Action":"cont","Package":"git.example.com/infra/openbao-sdk-go/sensitive","Test":"TestSensitiveConcurrentRead/7"}
{"Time":"2026-09-28T11:10:13.659693461Z","Action":"output","Package":"git.example.com/infra/openbao-sdk-go/sensitive","Test":"TestSensitiveConcurrentRead/7","Output":"=== CONT  TestSensitiveConcurrentRead/7\n"}
{"Time":"2026-09-28T11:10:13.659702916Z","Action":"output","Package":"git.example.com/infra/openbao-sdk-go/sensitive","Test":"TestSensitiveConcurrentRead/7","Output":"--- PASS: TestSensitiveConcurrentRead/7 (0.00s)\n"}
{"Time":"2026-09-28T11:10:13.659718213Z","Action":"pass","Package":"git.example.com/infra/openbao-sdk-go/sensitive","Test":"TestSensitiveConcurrentRead/7","Elapsed":0}
{"Time":"2026-09-28T11:10:13.659722267Z","Action":"cont","Package":"git.example.com/infra/openbao-sdk-go/sensitive","Test":"TestSensitiveConcurrentRead/5"}
{"Time":"2026-09-28T11:10:13.659726071Z","Action":"output","Package":"git.example.com/infra/openbao-sdk-go/sensitive","Test":"TestSensitiveConcurrentRead/5","Output":"=== CONT  TestSensitiveConcurrentRead/5\n"}
{"Time":"2026-09-28T11:10:13.659731554Z","Action":"output","Package":"git.example.com/infra/openbao-sdk-go/sensitive","Test":"TestSensitiveConcurrentRead/5","Output":"--- PASS: TestSensitiveConcurrentRead/5 (0.00s)\n"}
{"Time":"2026-09-28T11:10:13.659736356Z","Action":"pass","Package":"git.example.com/infra/openbao-sdk-go/sensitive","Test":"TestSensitiveConcurrentRead/5","Elapsed":0}
{"Time":"2026-09-28T11:10:13.659740016Z","Action":"cont","Package":"git.example.com/infra/openbao-sdk-go/sensitive","Test":"TestSensitiveConcurrentRead/4"}
{"Time":"2026-09-28T11:10:13.659743837Z","Action":"output","Package":"git.example.com/infra/openbao-sdk-go/sensitive","Test":"TestSensitiveConcurrentRead/4","Output":"=== CONT  TestSensitiveConcurrentRead/4\n"}
{"Time":"2026-09-28T11:10:13.659750529Z","Action":"output","Package":"git.example.com/infra/openbao-sdk-go/sensitive","Test":"TestSensitiveConcurrentRead/4","Output":"--- PASS: TestSensitiveConcurrentRead/4 (0.00s)\n"}
{"Time":"2026-09-28T11:10:13.659755039Z","Action":"pass","Package":"git.example.com/infra/openbao-sdk-go/sensitive","Test":"TestSensitiveConcurrentRead/4","Elapsed":0}
{"Time":"2026-09-28T11:10:13.659758924Z","Action":"cont","Package":"git.example.com/infra/openbao-sdk-go/sensitive","Test":"TestSensitiveConcurrentRead/1"}
{"Time":"2026-09-28T11:10:13.65976265Z","Action":"output","Package":"git.example.com/infra/openbao-sdk-go/sensitive","Test":"TestSensitiveConcurrentRead/1","Output":"=== CONT  TestSensitiveConcurrentRead/1\n"}
{"Time":"2026-09-28T11:10:13.659768464Z","Action":"output","Package":"git.example.com/infra/openbao-sdk-go/sensitive","Test":"TestSensitiveConcurrentRead/1","Output":"--- PASS: TestSensitiveConcurrentRead/1 (0.00s)\n"}
{"Time":"2026-09-28T11:10:13.65977315Z","Action":"pass","Package":"git.example.com/infra/openbao-sdk-go/sensitive","Test":"TestSensitiveConcurrentRead/1","Elapsed":0}
{"Time":"2026-09-28T11:10:13.659776232Z","Action":"cont","Package":"git.example.com/infra/openbao-sdk-go/sensitive","Test":"TestSensitiveConcurrentRead/3"}
{"Time":"2026-09-28T11:10:13.659779818Z","Action":"output","Package":"git.example.com/infra/openbao-sdk-go/sensitive","Test":"TestSensitiveConcurrentRead/3","Output":"=== CONT  TestSensitiveConcurrentRead/3\n"}
{"Time":"2026-09-28T11:10:13.659784697Z","Action":"cont","Package":"git.example.com/infra/openbao-sdk-go/sensitive","Test":"TestSensitiveConcurrentRead/6"}
{"Time":"2026-09-28T11:10:13.65978874Z","Action":"output","Package":"git.example.com/infra/openbao-sdk-go/sensitive","Test":"TestSensitiveConcurrentRead/6","Output":"=== CONT  TestSensitiveConcurrentRead/6\n"}
{"Time":"2026-09-28T11:10:13.659793667Z","Action":"cont","Package":"git.example.com/infra/openbao-sdk-go/sensitive","Test":"TestSensitiveConcurrentRead/2"}
{"Time":"2026-09-28T11:10:13.659798402Z","Action":"output","Package":"git.example.com/infra/openbao-sdk-go/sensitive","Test":"TestSensitiveConcurrentRead/2","Output":"=== CONT  TestSensitiveConcurrentRead/2\n"}
{"Time":"2026-09-28T11:10:13.659803099Z","Action":"cont","Package":"git.example.com/infra/openbao-sdk-go/sensitive","Test":"TestSensitiveConcurrentRead/8"}
{"Time":"2026-09-28T11:10:13.659807403Z","Action":"output","Package":"git.example.com/infra/openbao-sdk-go/sensitive","Test":"TestSensitiveConcurrentRead/8","Output":"=== CONT  TestSensitiveConcurrentRead/8\n"}
{"Time":"2026-09-28T11:10:13.659812727Z","Action":"output","Package":"git.example.com/infra/openbao-sdk-go/sensitive","Test":"TestSensitiveConcurrentRead/10","Output":"--- PASS: TestSensitiveConcurrentRead/10 (0.00s)\n"}
{"Time":"2026-09-28T11:10:13.659821832Z","Action":"pass","Package":"git.example.com/infra/openbao-sdk-go/sensitive","Test":"TestSensitiveConcurrentRead/10","Elapsed":0}
{"Time":"2026-09-28T11:10:13.659850819Z","Action":"cont","Package":"git.example.com/infra/openbao-sdk-go/sensitive","Test":"TestSensitiveConcurrentRead/15"}
{"Time":"2026-09-28T11:10:13.659856782Z","Action":"output","Package":"git.example.com/infra/openbao-sdk-go/sensitive","Test":"TestSensitiveConcurrentRead/15","Output":"=== CONT  TestSensitiveConcurrentRead/15\n"}
{"Time":"2026-09-28T11:10:13.659863278Z","Action":"output","Package":"git.example.com/infra/openbao-sdk-go/sensitive","Test":"TestSensitiveConcurrentRead/6","Output":"--- PASS: TestSensitiveConcurrentRead/6 (0.00s)\n"}
{"Time":"2026-09-28T11:10:13.659869154Z","Action":"pass","Package":"git.example.com/infra/openbao-sdk-go/sensitive","Test":"TestSensitiveConcurrentRead/6","Elapsed":0}
{"Time":"2026-09-28T11:10:13.659873049Z","Action":"cont","Package":"git.example.com/infra/openbao-sdk-go/sensitive","Test":"TestSensitiveConcurrentRead/18"}
{"Time":"2026-09-28T11:10:13.659877008Z","Action":"output","Package":"git.example.com/infra/openbao-sdk-go/sensitive","Test":"TestSensitiveConcurrentRead/18","Output":"=== CONT  TestSensitiveConcurrentRead/18\n"}
{"Time":"2026-09-28T11:10:13.659882719Z","Action":"output","Package":"git.example.com/infra/openbao-sdk-go/sensitive","Test":"TestSensitiveConcurrentRead/18","Output":"--- PASS: TestSensitiveConcurrentRead/18 (0.00s)\n"}
{"Time":"2026-09-28T11:10:13.659888096Z","Action":"pass","Package":"git.example.com/infra/openbao-sdk-go/sensitive","Test":"TestSensitiveConcurrentRead/18","Elapsed":0}
{"Time":"2026-09-28T11:10:13.659892033Z","Action":"cont","Package":"git.example.com/infra/openbao-sdk-go/sensitive","Test":"TestSensitiveConcurrentRead/19"}
{"Time":"2026-09-28T11:10:13.65989604Z","Action":"output","Package":"git.example.com/infra/openbao-sdk-go/sensitive","Test":"TestSensitiveConcurrentRead/19","Output":"=== CONT  TestSensitiveConcurrentRead/19\n"}
{"Time":"2026-09-28T11:10:13.659900794Z","Action":"cont","Package":"git.example.com/infra/openbao-sdk-go/sensitive","Test":"TestSensitiveConcurrentRead/12"}
{"Time":"2026-09-28T11:10:13.659905193Z","Action":"output","Package":"git.example.com/infra/openbao-sdk-go/sensitive","Test":"TestSensitiveConcurrentRead/12","Output":"=== CONT  TestSensitiveConcurrentRead/12\n"}
{"Time":"2026-09-28T11:10:13.65990988Z","Action":"cont","Package":"git.example.com/infra/openbao-sdk-go/sensitive","Test":"TestSensitiveConcurrentRead/14"}
{"Time":"2026-09-28T11:10:13.659913949Z","Action":"output","Package":"git.example.com/infra/openbao-sdk-go/sensitive","Test":"TestSensitiveConcurrentRead/14","Output":"=== CONT  TestSensitiveConcurrentRead/14\n"}
{"Time":"2026-09-28T11:10:13.659919136Z","Action":"cont","Package":"git.example.com/infra/openbao-sdk-go/sensitive","Test":"TestSensitiveConcurrentRead/13"}
{"Time":"2026-09-28T11:10:13.659922964Z","Action":"output","Package":"git.example.com/infra/openbao-sdk-go/sensitive","Test":"TestSensitiveConcurrentRead/13","Output":"=== CONT  TestSensitiveConcurrentRead/13\n"}
{"Time":"2026-09-28T11:10:13.6599278Z","Action":"cont","Package":"git.example.com/infra/openbao-sdk-go/sensitive","Test":"TestSensitiveConcurrentRead/16"}
{"Time":"2026-09-28T11:10:13.65993161Z","Action":"output","Package":"git.example.com/infra/openbao-sdk-go/sensitive","Test":"TestSensitiveConcurrentRead/16","Output":"=== CONT  TestSensitiveConcurrentRead/16\n"}
{"Time":"2026-09-28T11:10:13.659935753Z","Action":"cont","Package":"git.example.com/infra/openbao-sdk-go/sensitive","Test":"TestSensitiveConcurrentRead/17"}
{"Time":"2026-09-28T11:10:13.659939738Z","Action":"output","Package":"git.example.com/infra/openbao-sdk-go/sensitive","Test":"TestSensitiveConcurrentRead/17","Output":"=== CONT  TestSensitiveConcurrentRead/17\n"}
{"Time":"2026-09-28T11:10:13.659965473Z","Action":"output","Package":"git.example.com/infra/openbao-sdk-go/sensitive","Test":"TestSensitiveConcurrentRead/2","Output":"--- PASS: TestSensitiveConcurrentRead/2 (0.00s)\n"}
{"Time":"2026-09-28T11:10:13.659979694Z","Action":"pass","Package":"git.example.com/infra/openbao-sdk-go/sensitive","Test":"TestSensitiveConcurrentRead/2","Elapsed":0}
{"Time":"2026-09-28T11:10:13.659984081Z","Action":"cont","Package":"git.example.com/infra/openbao-sdk-go/sensitive","Test":"TestSensitiveConcurrentRead/11"}
{"Time":"2026-09-28T11:10:13.659988625Z","Action":"output","Package":"git.example.com/infra/openbao-sdk-go/sensitive","Test":"TestSensitiveConcurrentRead/11","Output":"=== CONT  TestSensitiveConcurrentRead/11\n"}
{"Time":"2026-09-28T11:10:13.659994428Z","Action":"output","Package":"git.example.com/infra/openbao-sdk-go/sensitive","Test":"TestSensitiveConcurrentRead/11","Output":"--- PASS: TestSensitiveConcurrentRead/11 (0.00s)\n"}
{"Time":"2026-09-28T11:10:13.660004811Z","Action":"pass","Package":"git.example.com/infra/openbao-sdk-go/sensitive","Test":"TestSensitiveConcurrentRead/11","Elapsed":0}
{"Time":"2026-09-28T11:10:13.66000916Z","Action":"output","Package":"git.example.com/infra/openbao-sdk-go/sensitive","Test":"TestSensitiveConcurrentRead/15","Output":"--- PASS: TestSensitiveConcurrentRead/15 (0.00s)\n"}
{"Time":"2026-09-28T11:10:13.660013965Z","Action":"pass","Package":"git.example.com/infra/openbao-sdk-go/sensitive","Test":"TestSensitiveConcurrentRead/15","Elapsed":0}
{"Time":"2026-09-28T11:10:13.660018345Z","Action":"output","Package":"git.example.com/infra/openbao-sdk-go/sensitive","Test":"TestSensitiveConcurrentRead/19","Output":"--- PASS: TestSensitiveConcurrentRead/19 (0.00s)\n"}
{"Time":"2026-09-28T11:10:13.660023801Z","Action":"pass","Package":"git.example.com/infra/openbao-sdk-go/sensitive","Test":"TestSensitiveConcurrentRead/19","Elapsed":0}
{"Time":"2026-09-28T11:10:13.660027983Z","Action":"output","Package":"git.example.com/infra/openbao-sdk-go/sensitive","Test":"TestSensitiveConcurrentRead/3","Output":"--- PASS: TestSensitiveConcurrentRead/3 (0.00s)\n"}
{"Time":"2026-09-28T11:10:13.660040528Z","Action":"pass","Package":"git.example.com/infra/openbao-sdk-go/sensitive","Test":"TestSensitiveConcurrentRead/3","Elapsed":0}
{"Time":"2026-09-28T11:10:13.660045148Z","Action":"output","Package":"git.example.com/infra/openbao-sdk-go/sensitive","Test":"TestSensitiveConcurrentRead/8","Output":"--- PASS: TestSensitiveConcurrentRead/8 (0.00s)\n"}
{"Time":"2026-09-28T11:10:13.660055344Z","Action":"pass","Package":"git.example.com/infra/openbao-sdk-go/sensitive","Test":"TestSensitiveConcurrentRead/8","Elapsed":0}
{"Time":"2026-09-28T11:10:13.6601029Z","Action":"output","Package":"git.example.com/infra/openbao-sdk-go/sensitive","Test":"TestSensitiveConcurrentRead/12","Output":"--- PASS: TestSensitiveConcurrentRead/12 (0.00s)\n"}
{"Time":"2026-09-28T11:10:13.660160111Z","Action":"pass","Package":"git.example.com/infra/openbao-sdk-go/sensitive","Test":"TestSensitiveConcurrentRead/12","Elapsed":0}
{"Time":"2026-09-28T11:10:13.660167204Z","Action":"output","Package":"git.example.com/infra/openbao-sdk-go/sensitive","Test":"TestSensitiveConcurrentRead/14","Output":"--- PASS: TestSensitiveConcurrentRead/14 (0.00s)\n"}
{"Time":"2026-09-28T11:10:13.660172664Z","Action":"pass","Package":"git.example.com/infra/openbao-sdk-go/sensitive","Test":"TestSensitiveConcurrentRead/14","Elapsed":0}
{"Time":"2026-09-28T11:10:13.660176269Z","Action":"output","Package":"git.example.com/infra/openbao-sdk-go/sensitive","Test":"TestSensitiveConcurrentRead/13","Output":"--- PASS: TestSensitiveConcurrentRead/13 (0.00s)\n"}
{"Time":"2026-09-28T11:10:13.660288166Z","Action":"pass","Package":"git.example.com/infra/openbao-sdk-go/sensitive","Test":"TestSensitiveConcurrentRead/13","Elapsed":0}
{"Time":"2026-09-28T11:10:13.6602975Z","Action":"output","Package":"git.example.com/infra/openbao-sdk-go/sensitive","Test":"TestSensitiveConcurrentRead/17","Output":"--- PASS: TestSensitiveConcurrentRead/17 (0.00s)\n"}
{"Time":"2026-09-28T11:10:13.660522388Z","Action":"pass","Package":"git.example.com/infra/openbao-sdk-go/sensitive","Test":"TestSensitiveConcurrentRead/17","Elapsed":0}
{"Time":"2026-09-28T11:10:13.66054446Z","Action":"output","Package":"git.example.com/infra/openbao-sdk-go/sensitive","Test":"TestSensitiveConcurrentRead/16","Output":"--- PASS: TestSensitiveConcurrentRead/16 (0.00s)\n"}
{"Time":"2026-09-28T11:10:13.660892166Z","Action":"pass","Package":"git.example.com/infra/openbao-sdk-go/sensitive","Test":"TestSensitiveConcurrentRead/16","Elapsed":0}
{"Time":"2026-09-28T11:10:13.660910457Z","Action":"output","Package":"git.example.com/infra/openbao-sdk-go/sensitive","Test":"TestSensitiveConcurrentRead","Output":"--- PASS: TestSensitiveConcurrentRead (0.02s)\n"}
{"Time":"2026-09-28T11:10:13.661124187Z","Action":"pass","Package":"git.example.com/infra/openbao-sdk-go/sensitive","Test":"TestSensitiveConcurrentRead","Elapsed":0.02}
{"Time":"2026-09-28T11:10:13.661304048Z","Action":"output","Package":"git.example.com/infra/openbao-sdk-go/sensitive","Output":"PASS\n"}
{"Time":"2026-09-28T11:10:13.670016568Z","Action":"output","Package":"git.example.com/infra/openbao-sdk-go/sensitive","Output":"coverage: 90.9% of statements\n"}
{"Time":"2026-09-28T11:10:14.541765716Z","Action":"output","Package":"git.example.com/infra/openbao-sdk-go/baoerr","Output":"ok  \tgit.example.com/infra/openbao-sdk-go/baoerr\t1.134s\tcoverage: 100.0% of statements\n"}
{"Time":"2026-09-28T11:10:14.541810697Z","Action":"pass","Package":"git.example.com/infra/openbao-sdk-go/baoerr","Elapsed":1.135}
{"Time":"2026-09-28T11:10:14.675059Z","Action":"output","Package":"git.example.com/infra/openbao-sdk-go/sensitive","Output":"ok  \tgit.example.com/infra/openbao-sdk-go/sensitive\t1.268s\tcoverage: 90.9% of statements\n"}
{"Time":"2026-09-28T11:10:14.675130023Z","Action":"pass","Package":"git.example.com/infra/openbao-sdk-go/sensitive","Elapsed":1.268}
{"Time":"2026-09-28T11:10:16.614954099Z","Action":"start","Package":"git.example.com/infra/openbao-sdk-go/internal/engine"}
{"Time":"2026-09-28T11:10:16.615096383Z","Action":"start","Package":"git.example.com/infra/openbao-sdk-go/internal/authn"}
{"Time":"2026-09-28T11:10:16.615539903Z","Action":"start","Package":"git.example.com/infra/openbao-sdk-go/internal/jsondoc"}
{"Time":"2026-09-28T11:10:16.666658057Z","Action":"start","Package":"git.example.com/infra/openbao-sdk-go/internal/pkiutil"}
{"Time":"2026-09-28T11:10:16.666804125Z","Action":"start","Package":"git.example.com/infra/openbao-sdk-go/internal/pemutil"}
{"Time":"2026-09-28T11:10:16.72647489Z","Action":"run","Package":"git.example.com/infra/openbao-sdk-go/internal/jsondoc","Test":"TestStrictTree"}
{"Time":"2026-09-28T11:10:16.726602191Z","Action":"output","Package":"git.example.com/infra/openbao-sdk-go/internal/jsondoc","Test":"TestStrictTree","Output":"=== RUN   TestStrictTree\n"}
{"Time":"2026-09-28T11:10:16.739328196Z","Action":"output","Package":"git.example.com/infra/openbao-sdk-go/internal/jsondoc","Test":"TestStrictTree","Output":"--- PASS: TestStrictTree (0.01s)\n"}
{"Time":"2026-09-28T11:10:16.739687401Z","Action":"pass","Package":"git.example.com/infra/openbao-sdk-go/internal/jsondoc","Test":"TestStrictTree","Elapsed":0.01}
{"Time":"2026-09-28T11:10:16.739712797Z","Action":"run","Package":"git.example.com/infra/openbao-sdk-go/internal/jsondoc","Test":"FuzzJSON"}
{"Time":"2026-09-28T11:10:16.739717364Z","Action":"output","Package":"git.example.com/infra/openbao-sdk-go/internal/jsondoc","Test":"FuzzJSON","Output":"=== RUN   FuzzJSON\n"}
{"Time":"2026-09-28T11:10:16.742535803Z","Action":"run","Package":"git.example.com/infra/openbao-sdk-go/internal/jsondoc","Test":"FuzzJSON/seed#0"}
{"Time":"2026-09-28T11:10:16.74256092Z","Action":"output","Package":"git.example.com/infra/openbao-sdk-go/internal/jsondoc","Test":"FuzzJSON/seed#0","Output":"=== RUN   FuzzJSON/seed#0\n"}
{"Time":"2026-09-28T11:10:16.742574506Z","Action":"output","Package":"git.example.com/infra/openbao-sdk-go/internal/jsondoc","Test":"FuzzJSON/seed#0","Output":"--- PASS: FuzzJSON/seed#0 (0.00s)\n"}
{"Time":"2026-09-28T11:10:16.742584842Z","Action":"pass","Package":"git.example.com/infra/openbao-sdk-go/internal/jsondoc","Test":"FuzzJSON/seed#0","Elapsed":0}
{"Time":"2026-09-28T11:10:16.742980756Z","Action":"run","Package":"git.example.com/infra/openbao-sdk-go/internal/jsondoc","Test":"FuzzJSON/seed#1"}
{"Time":"2026-09-28T11:10:16.742994202Z","Action":"output","Package":"git.example.com/infra/openbao-sdk-go/internal/jsondoc","Test":"FuzzJSON/seed#1","Output":"=== RUN   FuzzJSON/seed#1\n"}
{"Time":"2026-09-28T11:10:16.743481045Z","Action":"output","Package":"git.example.com/infra/openbao-sdk-go/internal/jsondoc","Test":"FuzzJSON/seed#1","Output":"--- PASS: FuzzJSON/seed#1 (0.00s)\n"}
{"Time":"2026-09-28T11:10:16.74353447Z","Action":"pass","Package":"git.example.com/infra/openbao-sdk-go/internal/jsondoc","Test":"FuzzJSON/seed#1","Elapsed":0}
{"Time":"2026-09-28T11:10:16.744883849Z","Action":"run","Package":"git.example.com/infra/openbao-sdk-go/internal/jsondoc","Test":"FuzzJSON/seed#2"}
{"Time":"2026-09-28T11:10:16.744899406Z","Action":"output","Package":"git.example.com/infra/openbao-sdk-go/internal/jsondoc","Test":"FuzzJSON/seed#2","Output":"=== RUN   FuzzJSON/seed#2\n"}
{"Time":"2026-09-28T11:10:16.744906489Z","Action":"output","Package":"git.example.com/infra/openbao-sdk-go/internal/jsondoc","Test":"FuzzJSON/seed#2","Output":"--- PASS: FuzzJSON/seed#2 (0.00s)\n"}
{"Time":"2026-09-28T11:10:16.74494559Z","Action":"pass","Package":"git.example.com/infra/openbao-sdk-go/internal/jsondoc","Test":"FuzzJSON/seed#2","Elapsed":0}
{"Time":"2026-09-28T11:10:16.747283052Z","Action":"run","Package":"git.example.com/infra/openbao-sdk-go/internal/jsondoc","Test":"FuzzJSON/seed#3"}
{"Time":"2026-09-28T11:10:16.747299943Z","Action":"output","Package":"git.example.com/infra/openbao-sdk-go/internal/jsondoc","Test":"FuzzJSON/seed#3","Output":"=== RUN   FuzzJSON/seed#3\n"}
{"Time":"2026-09-28T11:10:16.752005446Z","Action":"output","Package":"git.example.com/infra/openbao-sdk-go/internal/jsondoc","Test":"FuzzJSON/seed#3","Output":"--- PASS: FuzzJSON/seed#3 (0.00s)\n"}
{"Time":"2026-09-28T11:10:16.752029624Z","Action":"pass","Package":"git.example.com/infra/openbao-sdk-go/internal/jsondoc","Test":"FuzzJSON/seed#3","Elapsed":0}
{"Time":"2026-09-28T11:10:16.752060378Z","Action":"output","Package":"git.example.com/infra/openbao-sdk-go/internal/jsondoc","Test":"FuzzJSON","Output":"--- PASS: FuzzJSON (0.01s)\n"}
{"Time":"2026-09-28T11:10:16.752068901Z","Action":"pass","Package":"git.example.com/infra/openbao-sdk-go/internal/jsondoc","Test":"FuzzJSON","Elapsed":0.01}
{"Time":"2026-09-28T11:10:16.75207484Z","Action":"output","Package":"git.example.com/infra/openbao-sdk-go/internal/jsondoc","Output":"PASS\n"}
{"Time":"2026-09-28T11:10:16.760567028Z","Action":"output","Package":"git.example.com/infra/openbao-sdk-go/internal/jsondoc","Output":"coverage: 92.9% of statements\n"}
{"Time":"2026-09-28T11:10:16.762920784Z","Action":"run","Package":"git.example.com/infra/openbao-sdk-go/internal/engine","Test":"TestPathValidation"}
{"Time":"2026-09-28T11:10:16.76294098Z","Action":"output","Package":"git.example.com/infra/openbao-sdk-go/internal/engine","Test":"TestPathValidation","Output":"=== RUN   TestPathValidation\n"}
{"Time":"2026-09-28T11:10:16.767270955Z","Action":"output","Package":"git.example.com/infra/openbao-sdk-go/internal/engine","Test":"TestPathValidation","Output":"--- PASS: TestPathValidation (0.00s)\n"}
{"Time":"2026-09-28T11:10:16.767301419Z","Action":"pass","Package":"git.example.com/infra/openbao-sdk-go/internal/engine","Test":"TestPathValidation","Elapsed":0}
{"Time":"2026-09-28T11:10:16.771555992Z","Action":"run","Package":"git.example.com/infra/openbao-sdk-go/internal/engine","Test":"TestRetryAfterLimitsAndCancellation"}
{"Time":"2026-09-28T11:10:16.77158137Z","Action":"output","Package":"git.example.com/infra/openbao-sdk-go/internal/engine","Test":"TestRetryAfterLimitsAndCancellation","Output":"=== RUN   TestRetryAfterLimitsAndCancellation\n"}
{"Time":"2026-09-28T11:10:16.771592012Z","Action":"output","Package":"git.example.com/infra/openbao-sdk-go/internal/engine","Test":"TestRetryAfterLimitsAndCancellation","Output":"--- PASS: TestRetryAfterLimitsAndCancellation (0.00s)\n"}
{"Time":"2026-09-28T11:10:16.771605826Z","Action":"pass","Package":"git.example.com/infra/openbao-sdk-go/internal/engine","Test":"TestRetryAfterLimitsAndCancellation","Elapsed":0}
{"Time":"2026-09-28T11:10:16.771614058Z","Action":"run","Package":"git.example.com/infra/openbao-sdk-go/internal/engine","Test":"TestDecodeAndIdentifierBoundaries"}
{"Time":"2026-09-28T11:10:16.771618086Z","Action":"output","Package":"git.example.com/infra/openbao-sdk-go/internal/engine","Test":"TestDecodeAndIdentifierBoundaries","Output":"=== RUN   TestDecodeAndIdentifierBoundaries\n"}
{"Time":"2026-09-28T11:10:16.771635026Z","Action":"output","Package":"git.example.com/infra/openbao-sdk-go/internal/engine","Test":"TestDecodeAndIdentifierBoundaries","Output":"--- PASS: TestDecodeAndIdentifierBoundaries (0.00s)\n"}
{"Time":"2026-09-28T11:10:16.771639842Z","Action":"pass","Package":"git.example.com/infra/openbao-sdk-go/internal/engine","Test":"TestDecodeAndIdentifierBoundaries","Elapsed":0}
{"Time":"2026-09-28T11:10:16.771645035Z","Action":"run","Package":"git.example.com/infra/openbao-sdk-go/internal/engine","Test":"TestMalformedDeletedMetadata"}
{"Time":"2026-09-28T11:10:16.771673536Z","Action":"output","Package":"git.example.com/infra/openbao-sdk-go/internal/engine","Test":"TestMalformedDeletedMetadata","Output":"=== RUN   TestMalformedDeletedMetadata\n"}
{"Time":"2026-09-28T11:10:16.771698735Z","Action":"output","Package":"git.example.com/infra/openbao-sdk-go/internal/engine","Test":"TestMalformedDeletedMetadata","Output":"--- PASS: TestMalformedDeletedMetadata (0.00s)\n"}
{"Time":"2026-09-28T11:10:16.771710984Z","Action":"pass","Package":"git.example.com/infra/openbao-sdk-go/internal/engine","Test":"TestMalformedDeletedMetadata","Elapsed":0}
{"Time":"2026-09-28T11:10:16.771716568Z","Action":"run","Package":"git.example.com/infra/openbao-sdk-go/internal/engine","Test":"TestTransportSafetyConstruction"}
{"Time":"2026-09-28T11:10:16.771720797Z","Action":"output","Package":"git.example.com/infra/openbao-sdk-go/internal/engine","Test":"TestTransportSafetyConstruction","Output":"=== RUN   TestTransportSafetyConstruction\n"}
{"Time":"2026-09-28T11:10:16.771740043Z","Action":"run","Package":"git.example.com/infra/openbao-sdk-go/internal/authn","Test":"TestExternalProviderFailureBoundaries"}
{"Time":"2026-09-28T11:10:16.771746516Z","Action":"output","Package":"git.example.com/infra/openbao-sdk-go/internal/authn","Test":"TestExternalProviderFailureBoundaries","Output":"=== RUN   TestExternalProviderFailureBoundaries\n"}
{"Time":"2026-09-28T11:10:16.772885535Z","Action":"output","Package":"git.example.com/infra/openbao-sdk-go/internal/engine","Test":"TestTransportSafetyConstruction","Output":"--- PASS: TestTransportSafetyConstruction (0.00s)\n"}
{"Time":"2026-09-28T11:10:16.772909185Z","Action":"pass","Package":"git.example.com/infra/openbao-sdk-go/internal/engine","Test":"TestTransportSafetyConstruction","Elapsed":0}
{"Time":"2026-09-28T11:10:16.773158461Z","Action":"run","Package":"git.example.com/infra/openbao-sdk-go/internal/engine","Test":"TestAmbiguous404WritePreservesUnknown"}
{"Time":"2026-09-28T11:10:16.773171069Z","Action":"output","Package":"git.example.com/infra/openbao-sdk-go/internal/engine","Test":"TestAmbiguous404WritePreservesUnknown","Output":"=== RUN   TestAmbiguous404WritePreservesUnknown\n"}
{"Time":"2026-09-28T11:10:16.773404463Z","Action":"output","Package":"git.example.com/infra/openbao-sdk-go/internal/engine","Test":"TestAmbiguous404WritePreservesUnknown","Output":"--- PASS: TestAmbiguous404WritePreservesUnknown (0.00s)\n"}
{"Time":"2026-09-28T11:10:16.773417524Z","Action":"pass","Package":"git.example.com/infra/openbao-sdk-go/internal/engine","Test":"TestAmbiguous404WritePreservesUnknown","Elapsed":0}
{"Time":"2026-09-28T11:10:16.773472329Z","Action":"run","Package":"git.example.com/infra/openbao-sdk-go/internal/engine","Test":"Test404RejectionRequiresAPIProof"}
{"Time":"2026-09-28T11:10:16.773478458Z","Action":"output","Package":"git.example.com/infra/openbao-sdk-go/internal/engine","Test":"Test404RejectionRequiresAPIProof","Output":"=== RUN   Test404RejectionRequiresAPIProof\n"}
{"Time":"2026-09-28T11:10:16.774724833Z","Action":"output","Package":"git.example.com/infra/openbao-sdk-go/internal/engine","Test":"Test404RejectionRequiresAPIProof","Output":"--- PASS: Test404RejectionRequiresAPIProof (0.00s)\n"}
{"Time":"2026-09-28T11:10:16.774741864Z","Action":"pass","Package":"git.example.com/infra/openbao-sdk-go/internal/engine","Test":"Test404RejectionRequiresAPIProof","Elapsed":0}
{"Time":"2026-09-28T11:10:16.774756067Z","Action":"run","Package":"git.example.com/infra/openbao-sdk-go/internal/engine","Test":"TestSingleAttemptIssue"}
{"Time":"2026-09-28T11:10:16.774761191Z","Action":"output","Package":"git.example.com/infra/openbao-sdk-go/internal/engine","Test":"TestSingleAttemptIssue","Output":"=== RUN   TestSingleAttemptIssue\n"}
{"Time":"2026-09-28T11:10:16.788140185Z","Action":"output","Package":"git.example.com/infra/openbao-sdk-go/internal/authn","Test":"TestExternalProviderFailureBoundaries","Output":"--- PASS: TestExternalProviderFailureBoundaries (0.02s)\n"}
{"Time":"2026-09-28T11:10:16.788210358Z","Action":"pass","Package":"git.example.com/infra/openbao-sdk-go/internal/authn","Test":"TestExternalProviderFailureBoundaries","Elapsed":0.02}
{"Time":"2026-09-28T11:10:16.78822264Z","Action":"run","Package":"git.example.com/infra/openbao-sdk-go/internal/authn","Test":"TestAuthenticationContextBoundaries"}
{"Time":"2026-09-28T11:10:16.788227821Z","Action":"output","Package":"git.example.com/infra/openbao-sdk-go/internal/authn","Test":"TestAuthenticationContextBoundaries","Output":"=== RUN   TestAuthenticationContextBoundaries\n"}
{"Time":"2026-09-28T11:10:16.789805192Z","Action":"output","Package":"git.example.com/infra/openbao-sdk-go/internal/authn","Test":"TestAuthenticationContextBoundaries","Output":"--- PASS: TestAuthenticationContextBoundaries (0.00s)\n"}
{"Time":"2026-09-28T11:10:16.789827966Z","Action":"pass","Package":"git.example.com/infra/openbao-sdk-go/internal/authn","Test":"TestAuthenticationContextBoundaries","Elapsed":0}
{"Time":"2026-09-28T11:10:16.789899795Z","Action":"run","Package":"git.example.com/infra/openbao-sdk-go/internal/authn","Test":"TestSecretProviderPanicAndInvalidGeneration"}
{"Time":"2026-09-28T11:10:16.78990966Z","Action":"output","Package":"git.example.com/infra/openbao-sdk-go/internal/authn","Test":"TestSecretProviderPanicAndInvalidGeneration","Output":"=== RUN   TestSecretProviderPanicAndInvalidGeneration\n"}
{"Time":"2026-09-28T11:10:16.791609341Z","Action":"output","Package":"git.example.com/infra/openbao-sdk-go/internal/authn","Test":"TestSecretProviderPanicAndInvalidGeneration","Output":"--- PASS: TestSecretProviderPanicAndInvalidGeneration (0.00s)\n"}
{"Time":"2026-09-28T11:10:16.791634167Z","Action":"pass","Package":"git.example.com/infra/openbao-sdk-go/internal/authn","Test":"TestSecretProviderPanicAndInvalidGeneration","Elapsed":0}
{"Time":"2026-09-28T11:10:16.791839146Z","Action":"run","Package":"git.example.com/infra/openbao-sdk-go/internal/authn","Test":"TestExpiredReplyAndLatePublication"}
{"Time":"2026-09-28T11:10:16.791852808Z","Action":"output","Package":"git.example.com/infra/openbao-sdk-go/internal/authn","Test":"TestExpiredReplyAndLatePublication","Output":"=== RUN   TestExpiredReplyAndLatePublication\n"}
{"Time":"2026-09-28T11:10:16.796403395Z","Action":"output","Package":"git.example.com/infra/openbao-sdk-go/internal/authn","Test":"TestExpiredReplyAndLatePublication","Output":"--- PASS: TestExpiredReplyAndLatePublication (0.00s)\n"}
{"Time":"2026-09-28T11:10:16.796426182Z","Action":"pass","Package":"git.example.com/infra/openbao-sdk-go/internal/authn","Test":"TestExpiredReplyAndLatePublication","Elapsed":0}
{"Time":"2026-09-28T11:10:16.796709006Z","Action":"run","Package":"git.example.com/infra/openbao-sdk-go/internal/authn","Test":"TestRunStopsAndRestartsCanceledAttempt"}
{"Time":"2026-09-28T11:10:16.796720838Z","Action":"output","Package":"git.example.com/infra/openbao-sdk-go/internal/authn","Test":"TestRunStopsAndRestartsCanceledAttempt","Output":"=== RUN   TestRunStopsAndRestartsCanceledAttempt\n"}
{"Time":"2026-09-28T11:10:16.803233829Z","Action":"output","Package":"git.example.com/infra/openbao-sdk-go/internal/authn","Test":"TestRunStopsAndRestartsCanceledAttempt","Output":"--- PASS: TestRunStopsAndRestartsCanceledAttempt (0.00s)\n"}
{"Time":"2026-09-28T11:10:16.80329099Z","Action":"pass","Package":"git.example.com/infra/openbao-sdk-go/internal/authn","Test":"TestRunStopsAndRestartsCanceledAttempt","Elapsed":0}
{"Time":"2026-09-28T11:10:16.80329932Z","Action":"run","Package":"git.example.com/infra/openbao-sdk-go/internal/authn","Test":"TestAuthCapacityNotStarved"}
{"Time":"2026-09-28T11:10:16.803303737Z","Action":"output","Package":"git.example.com/infra/openbao-sdk-go/internal/authn","Test":"TestAuthCapacityNotStarved","Output":"=== RUN   TestAuthCapacityNotStarved\n"}
{"Time":"2026-09-28T11:10:16.806441042Z","Action":"output","Package":"git.example.com/infra/openbao-sdk-go/internal/authn","Test":"TestAuthCapacityNotStarved","Output":"--- PASS: TestAuthCapacityNotStarved (0.00s)\n"}
{"Time":"2026-09-28T11:10:16.806467835Z","Action":"pass","Package":"git.example.com/infra/openbao-sdk-go/internal/authn","Test":"TestAuthCapacityNotStarved","Elapsed":0}
{"Time":"2026-09-28T11:10:16.806536365Z","Action":"run","Package":"git.example.com/infra/openbao-sdk-go/internal/authn","Test":"TestBusiness403DoesNotLoginOrReplay"}
{"Time":"2026-09-28T11:10:16.806544864Z","Action":"output","Package":"git.example.com/infra/openbao-sdk-go/internal/authn","Test":"TestBusiness403DoesNotLoginOrReplay","Output":"=== RUN   TestBusiness403DoesNotLoginOrReplay\n"}
{"Time":"2026-09-28T11:10:16.818031126Z","Action":"output","Package":"git.example.com/infra/openbao-sdk-go/internal/authn","Test":"TestBusiness403DoesNotLoginOrReplay","Output":"--- PASS: TestBusiness403DoesNotLoginOrReplay (0.01s)\n"}
{"Time":"2026-09-28T11:10:16.818070909Z","Action":"pass","Package":"git.example.com/infra/openbao-sdk-go/internal/authn","Test":"TestBusiness403DoesNotLoginOrReplay","Elapsed":0.01}
{"Time":"2026-09-28T11:10:16.818079125Z","Action":"run","Package":"git.example.com/infra/openbao-sdk-go/internal/authn","Test":"TestAuthStateAfterCanceledProvider"}
{"Time":"2026-09-28T11:10:16.81808233Z","Action":"output","Package":"git.example.com/infra/openbao-sdk-go/internal/authn","Test":"TestAuthStateAfterCanceledProvider","Output":"=== RUN   TestAuthStateAfterCanceledProvider\n"}
{"Time":"2026-09-28T11:10:16.818091274Z","Action":"output","Package":"git.example.com/infra/openbao-sdk-go/internal/authn","Test":"TestAuthStateAfterCanceledProvider","Output":"--- PASS: TestAuthStateAfterCanceledProvider (0.00s)\n"}
{"Time":"2026-09-28T11:10:16.818094451Z","Action":"pass","Package":"git.example.com/infra/openbao-sdk-go/internal/authn","Test":"TestAuthStateAfterCanceledProvider","Elapsed":0}
{"Time":"2026-09-28T11:10:16.81809831Z","Action":"run","Package":"git.example.com/infra/openbao-sdk-go/internal/authn","Test":"TestAppRoleLoginContract"}
{"Time":"2026-09-28T11:10:16.818102272Z","Action":"output","Package":"git.example.com/infra/openbao-sdk-go/internal/authn","Test":"TestAppRoleLoginContract","Output":"=== RUN   TestAppRoleLoginContract\n"}
{"Time":"2026-09-28T11:10:16.819324543Z","Action":"output","Package":"git.example.com/infra/openbao-sdk-go/internal/authn","Test":"TestAppRoleLoginContract","Output":"--- PASS: TestAppRoleLoginContract (0.00s)\n"}
{"Time":"2026-09-28T11:10:16.81938842Z","Action":"pass","Package":"git.example.com/infra/openbao-sdk-go/internal/authn","Test":"TestAppRoleLoginContract","Elapsed":0}
{"Time":"2026-09-28T11:10:16.819663423Z","Action":"run","Package":"git.example.com/infra/openbao-sdk-go/internal/authn","Test":"TestAppRoleRejectEmptyOrInvalidLease"}
{"Time":"2026-09-28T11:10:16.819675512Z","Action":"output","Package":"git.example.com/infra/openbao-sdk-go/internal/authn","Test":"TestAppRoleRejectEmptyOrInvalidLease","Output":"=== RUN   TestAppRoleRejectEmptyOrInvalidLease\n"}
{"Time":"2026-09-28T11:10:16.825232685Z","Action":"output","Package":"git.example.com/infra/openbao-sdk-go/internal/authn","Test":"TestAppRoleRejectEmptyOrInvalidLease","Output":"--- PASS: TestAppRoleRejectEmptyOrInvalidLease (0.00s)\n"}
{"Time":"2026-09-28T11:10:16.825282325Z","Action":"pass","Package":"git.example.com/infra/openbao-sdk-go/internal/authn","Test":"TestAppRoleRejectEmptyOrInvalidLease","Elapsed":0}
{"Time":"2026-09-28T11:10:16.825287688Z","Action":"run","Package":"git.example.com/infra/openbao-sdk-go/internal/authn","Test":"TestSingleUseSecretID"}
{"Time":"2026-09-28T11:10:16.825290685Z","Action":"output","Package":"git.example.com/infra/openbao-sdk-go/internal/authn","Test":"TestSingleUseSecretID","Output":"=== RUN   TestSingleUseSecretID\n"}
{"Time":"2026-09-28T11:10:16.825294958Z","Action":"output","Package":"git.example.com/infra/openbao-sdk-go/internal/authn","Test":"TestSingleUseSecretID","Output":"--- PASS: TestSingleUseSecretID (0.00s)\n"}
{"Time":"2026-09-28T11:10:16.825297831Z","Action":"pass","Package":"git.example.com/infra/openbao-sdk-go/internal/authn","Test":"TestSingleUseSecretID","Elapsed":0}
{"Time":"2026-09-28T11:10:16.825300788Z","Action":"run","Package":"git.example.com/infra/openbao-sdk-go/internal/authn","Test":"TestRenewUsesLatestTTL"}
{"Time":"2026-09-28T11:10:16.825303334Z","Action":"output","Package":"git.example.com/infra/openbao-sdk-go/internal/authn","Test":"TestRenewUsesLatestTTL","Output":"=== RUN   TestRenewUsesLatestTTL\n"}
{"Time":"2026-09-28T11:10:16.82632494Z","Action":"output","Package":"git.example.com/infra/openbao-sdk-go/internal/authn","Test":"TestRenewUsesLatestTTL","Output":"--- PASS: TestRenewUsesLatestTTL (0.00s)\n"}
{"Time":"2026-09-28T11:10:16.826344563Z","Action":"pass","Package":"git.example.com/infra/openbao-sdk-go/internal/authn","Test":"TestRenewUsesLatestTTL","Elapsed":0}
{"Time":"2026-09-28T11:10:16.826348933Z","Action":"run","Package":"git.example.com/infra/openbao-sdk-go/internal/authn","Test":"TestRenewSingleFlight"}
{"Time":"2026-09-28T11:10:16.826351768Z","Action":"output","Package":"git.example.com/infra/openbao-sdk-go/internal/authn","Test":"TestRenewSingleFlight","Output":"=== RUN   TestRenewSingleFlight\n"}
{"Time":"2026-09-28T11:10:16.831170378Z","Action":"run","Package":"git.example.com/infra/openbao-sdk-go/internal/pemutil","Test":"TestDecodeStartsAtFirstBlock"}
{"Time":"2026-09-28T11:10:16.831188376Z","Action":"output","Package":"git.example.com/infra/openbao-sdk-go/internal/pemutil","Test":"TestDecodeStartsAtFirstBlock","Output":"=== RUN   TestDecodeStartsAtFirstBlock\n"}
{"Time":"2026-09-28T11:10:16.833321183Z","Action":"output","Package":"git.example.com/infra/openbao-sdk-go/internal/pemutil","Test":"TestDecodeStartsAtFirstBlock","Output":"--- PASS: TestDecodeStartsAtFirstBlock (0.00s)\n"}
{"Time":"2026-09-28T11:10:16.833497391Z","Action":"pass","Package":"git.example.com/infra/openbao-sdk-go/internal/pemutil","Test":"TestDecodeStartsAtFirstBlock","Elapsed":0}
{"Time":"2026-09-28T11:10:16.833888424Z","Action":"run","Package":"git.example.com/infra/openbao-sdk-go/internal/pemutil","Test":"FuzzDecode"}
{"Time":"2026-09-28T11:10:16.833903817Z","Action":"output","Package":"git.example.com/infra/openbao-sdk-go/internal/pemutil","Test":"FuzzDecode","Output":"=== RUN   FuzzDecode\n"}
{"Time":"2026-09-28T11:10:16.835137423Z","Action":"run","Package":"git.example.com/infra/openbao-sdk-go/internal/pemutil","Test":"FuzzDecode/seed#0"}
{"Time":"2026-09-28T11:10:16.835152185Z","Action":"output","Package":"git.example.com/infra/openbao-sdk-go/internal/pemutil","Test":"FuzzDecode/seed#0","Output":"=== RUN   FuzzDecode/seed#0\n"}
{"Time":"2026-09-28T11:10:16.836287697Z","Action":"output","Package":"git.example.com/infra/openbao-sdk-go/internal/pemutil","Test":"FuzzDecode/seed#0","Output":"--- PASS: FuzzDecode/seed#0 (0.00s)\n"}
{"Time":"2026-09-28T11:10:16.836413813Z","Action":"pass","Package":"git.example.com/infra/openbao-sdk-go/internal/pemutil","Test":"FuzzDecode/seed#0","Elapsed":0}
{"Time":"2026-09-28T11:10:16.836562361Z","Action":"run","Package":"git.example.com/infra/openbao-sdk-go/internal/pemutil","Test":"FuzzDecode/seed#1"}
{"Time":"2026-09-28T11:10:16.836584205Z","Action":"output","Package":"git.example.com/infra/openbao-sdk-go/internal/pemutil","Test":"FuzzDecode/seed#1","Output":"=== RUN   FuzzDecode/seed#1\n"}
{"Time":"2026-09-28T11:10:16.836972197Z","Action":"output","Package":"git.example.com/infra/openbao-sdk-go/internal/pemutil","Test":"FuzzDecode/seed#1","Output":"--- PASS: FuzzDecode/seed#1 (0.00s)\n"}
{"Time":"2026-09-28T11:10:16.83707959Z","Action":"pass","Package":"git.example.com/infra/openbao-sdk-go/internal/pemutil","Test":"FuzzDecode/seed#1","Elapsed":0}
{"Time":"2026-09-28T11:10:16.837339054Z","Action":"output","Package":"git.example.com/infra/openbao-sdk-go/internal/pemutil","Test":"FuzzDecode","Output":"--- PASS: FuzzDecode (0.00s)\n"}
{"Time":"2026-09-28T11:10:16.837444598Z","Action":"pass","Package":"git.example.com/infra/openbao-sdk-go/internal/pemutil","Test":"FuzzDecode","Elapsed":0}
{"Time":"2026-09-28T11:10:16.83753084Z","Action":"output","Package":"git.example.com/infra/openbao-sdk-go/internal/pemutil","Output":"PASS\n"}
{"Time":"2026-09-28T11:10:16.845397302Z","Action":"output","Package":"git.example.com/infra/openbao-sdk-go/internal/authn","Test":"TestRenewSingleFlight","Output":"--- PASS: TestRenewSingleFlight (0.02s)\n"}
{"Time":"2026-09-28T11:10:16.84544257Z","Action":"pass","Package":"git.example.com/infra/openbao-sdk-go/internal/authn","Test":"TestRenewSingleFlight","Elapsed":0.02}
{"Time":"2026-09-28T11:10:16.846351448Z","Action":"run","Package":"git.example.com/infra/openbao-sdk-go/internal/authn","Test":"TestExpiryAndShutdown"}
{"Time":"2026-09-28T11:10:16.846365862Z","Action":"output","Package":"git.example.com/infra/openbao-sdk-go/internal/authn","Test":"TestExpiryAndShutdown","Output":"=== RUN   TestExpiryAndShutdown\n"}
{"Time":"2026-09-28T11:10:16.84787202Z","Action":"output","Package":"git.example.com/infra/openbao-sdk-go/internal/pemutil","Output":"coverage: 100.0% of statements\n"}
{"Time":"2026-09-28T11:10:16.852991894Z","Action":"output","Package":"git.example.com/infra/openbao-sdk-go/internal/authn","Test":"TestExpiryAndShutdown","Output":"--- PASS: TestExpiryAndShutdown (0.01s)\n"}
{"Time":"2026-09-28T11:10:16.853039003Z","Action":"pass","Package":"git.example.com/infra/openbao-sdk-go/internal/authn","Test":"TestExpiryAndShutdown","Elapsed":0.01}
{"Time":"2026-09-28T11:10:16.853227138Z","Action":"output","Package":"git.example.com/infra/openbao-sdk-go/internal/authn","Output":"PASS\n"}
{"Time":"2026-09-28T11:10:16.862153073Z","Action":"output","Package":"git.example.com/infra/openbao-sdk-go/internal/authn","Output":"coverage: 90.6% of statements\n"}
{"Time":"2026-09-28T11:10:16.864633833Z","Action":"output","Package":"git.example.com/infra/openbao-sdk-go/internal/engine","Test":"TestSingleAttemptIssue","Output":"--- PASS: TestSingleAttemptIssue (0.09s)\n"}
{"Time":"2026-09-28T11:10:16.864747991Z","Action":"pass","Package":"git.example.com/infra/openbao-sdk-go/internal/engine","Test":"TestSingleAttemptIssue","Elapsed":0.09}
{"Time":"2026-09-28T11:10:16.864970286Z","Action":"run","Package":"git.example.com/infra/openbao-sdk-go/internal/engine","Test":"TestReadRetryBudget"}
{"Time":"2026-09-28T11:10:16.864976127Z","Action":"output","Package":"git.example.com/infra/openbao-sdk-go/internal/engine","Test":"TestReadRetryBudget","Output":"=== RUN   TestReadRetryBudget\n"}
{"Time":"2026-09-28T11:10:16.912276514Z","Action":"output","Package":"git.example.com/infra/openbao-sdk-go/internal/engine","Test":"TestReadRetryBudget","Output":"--- PASS: TestReadRetryBudget (0.05s)\n"}
{"Time":"2026-09-28T11:10:16.912324964Z","Action":"pass","Package":"git.example.com/infra/openbao-sdk-go/internal/engine","Test":"TestReadRetryBudget","Elapsed":0.05}
{"Time":"2026-09-28T11:10:16.91234473Z","Action":"run","Package":"git.example.com/infra/openbao-sdk-go/internal/engine","Test":"TestNoWriteReplayHeader"}
{"Time":"2026-09-28T11:10:16.912347975Z","Action":"output","Package":"git.example.com/infra/openbao-sdk-go/internal/engine","Test":"TestNoWriteReplayHeader","Output":"=== RUN   TestNoWriteReplayHeader\n"}
{"Time":"2026-09-28T11:10:16.928768284Z","Action":"run","Package":"git.example.com/infra/openbao-sdk-go/internal/pkiutil","Test":"TestCertificateMaterialBoundaries"}
{"Time":"2026-09-28T11:10:16.928814709Z","Action":"output","Package":"git.example.com/infra/openbao-sdk-go/internal/pkiutil","Test":"TestCertificateMaterialBoundaries","Output":"=== RUN   TestCertificateMaterialBoundaries\n"}
{"Time":"2026-09-28T11:10:16.961360541Z","Action":"output","Package":"git.example.com/infra/openbao-sdk-go/internal/engine","Test":"TestNoWriteReplayHeader","Output":"--- PASS: TestNoWriteReplayHeader (0.05s)\n"}
{"Time":"2026-09-28T11:10:16.961428664Z","Action":"pass","Package":"git.example.com/infra/openbao-sdk-go/internal/engine","Test":"TestNoWriteReplayHeader","Elapsed":0.05}
{"Time":"2026-09-28T11:10:16.961437666Z","Action":"run","Package":"git.example.com/infra/openbao-sdk-go/internal/engine","Test":"TestResponseBoundAndSafeError"}
{"Time":"2026-09-28T11:10:16.961441303Z","Action":"output","Package":"git.example.com/infra/openbao-sdk-go/internal/engine","Test":"TestResponseBoundAndSafeError","Output":"=== RUN   TestResponseBoundAndSafeError\n"}
{"Time":"2026-09-28T11:10:16.987107592Z","Action":"output","Package":"git.example.com/infra/openbao-sdk-go/internal/pkiutil","Test":"TestCertificateMaterialBoundaries","Output":"--- PASS: TestCertificateMaterialBoundaries (0.05s)\n"}
{"Time":"2026-09-28T11:10:16.987158991Z","Action":"pass","Package":"git.example.com/infra/openbao-sdk-go/internal/pkiutil","Test":"TestCertificateMaterialBoundaries","Elapsed":0.05}
{"Time":"2026-09-28T11:10:16.987167051Z","Action":"run","Package":"git.example.com/infra/openbao-sdk-go/internal/pkiutil","Test":"TestPrivateKeyMaterialBoundaries"}
{"Time":"2026-09-28T11:10:16.987170393Z","Action":"output","Package":"git.example.com/infra/openbao-sdk-go/internal/pkiutil","Test":"TestPrivateKeyMaterialBoundaries","Output":"=== RUN   TestPrivateKeyMaterialBoundaries\n"}
{"Time":"2026-09-28T11:10:16.998060449Z","Action":"output","Package":"git.example.com/infra/openbao-sdk-go/internal/engine","Test":"TestResponseBoundAndSafeError","Output":"--- PASS: TestResponseBoundAndSafeError (0.04s)\n"}
{"Time":"2026-09-28T11:10:16.998125192Z","Action":"pass","Package":"git.example.com/infra/openbao-sdk-go/internal/engine","Test":"TestResponseBoundAndSafeError","Elapsed":0.04}
{"Time":"2026-09-28T11:10:16.998154374Z","Action":"run","Package":"git.example.com/infra/openbao-sdk-go/internal/engine","Test":"TestCanceledBeforeAndAfterSend"}
{"Time":"2026-09-28T11:10:16.998158534Z","Action":"output","Package":"git.example.com/infra/openbao-sdk-go/internal/engine","Test":"TestCanceledBeforeAndAfterSend","Output":"=== RUN   TestCanceledBeforeAndAfterSend\n"}
{"Time":"2026-09-28T11:10:16.99912933Z","Action":"output","Package":"git.example.com/infra/openbao-sdk-go/internal/pkiutil","Test":"TestPrivateKeyMaterialBoundaries","Output":"--- PASS: TestPrivateKeyMaterialBoundaries (0.01s)\n"}
{"Time":"2026-09-28T11:10:16.999322845Z","Action":"pass","Package":"git.example.com/infra/openbao-sdk-go/internal/pkiutil","Test":"TestPrivateKeyMaterialBoundaries","Elapsed":0.01}
{"Time":"2026-09-28T11:10:16.999613596Z","Action":"run","Package":"git.example.com/infra/openbao-sdk-go/internal/pkiutil","Test":"TestSerialBoundaries"}
{"Time":"2026-09-28T11:10:16.999628703Z","Action":"output","Package":"git.example.com/infra/openbao-sdk-go/internal/pkiutil","Test":"TestSerialBoundaries","Output":"=== RUN   TestSerialBoundaries\n"}
{"Time":"2026-09-28T11:10:17.00015784Z","Action":"output","Package":"git.example.com/infra/openbao-sdk-go/internal/pkiutil","Test":"TestSerialBoundaries","Output":"--- PASS: TestSerialBoundaries (0.00s)\n"}
{"Time":"2026-09-28T11:10:17.000196654Z","Action":"pass","Package":"git.example.com/infra/openbao-sdk-go/internal/pkiutil","Test":"TestSerialBoundaries","Elapsed":0}
{"Time":"2026-09-28T11:10:17.000228739Z","Action":"run","Package":"git.example.com/infra/openbao-sdk-go/internal/pkiutil","Test":"TestPEMRejectsSkippedMalformedBlocks"}
{"Time":"2026-09-28T11:10:17.000232243Z","Action":"output","Package":"git.example.com/infra/openbao-sdk-go/internal/pkiutil","Test":"TestPEMRejectsSkippedMalformedBlocks","Output":"=== RUN   TestPEMRejectsSkippedMalformedBlocks\n"}
{"Time":"2026-09-28T11:10:17.005717663Z","Action":"run","Package":"git.example.com/infra/openbao-sdk-go/internal/pkiutil","Test":"TestPEMRejectsSkippedMalformedBlocks/certificate-first"}
{"Time":"2026-09-28T11:10:17.005740538Z","Action":"output","Package":"git.example.com/infra/openbao-sdk-go/internal/pkiutil","Test":"TestPEMRejectsSkippedMalformedBlocks/certificate-first","Output":"=== RUN   TestPEMRejectsSkippedMalformedBlocks/certificate-first\n"}
{"Time":"2026-09-28T11:10:17.006294582Z","Action":"output","Package":"git.example.com/infra/openbao-sdk-go/internal/pkiutil","Test":"TestPEMRejectsSkippedMalformedBlocks/certificate-first","Output":"--- PASS: TestPEMRejectsSkippedMalformedBlocks/certificate-first (0.00s)\n"}
{"Time":"2026-09-28T11:10:17.006333497Z","Action":"pass","Package":"git.example.com/infra/openbao-sdk-go/internal/pkiutil","Test":"TestPEMRejectsSkippedMalformedBlocks/certificate-first","Elapsed":0}
{"Time":"2026-09-28T11:10:17.006433975Z","Action":"run","Package":"git.example.com/infra/openbao-sdk-go/internal/pkiutil","Test":"TestPEMRejectsSkippedMalformedBlocks/certificate-middle"}
{"Time":"2026-09-28T11:10:17.006438571Z","Action":"output","Package":"git.example.com/infra/openbao-sdk-go/internal/pkiutil","Test":"TestPEMRejectsSkippedMalformedBlocks/certificate-middle","Output":"=== RUN   TestPEMRejectsSkippedMalformedBlocks/certificate-middle\n"}
{"Time":"2026-09-28T11:10:17.007523654Z","Action":"output","Package":"git.example.com/infra/openbao-sdk-go/internal/pkiutil","Test":"TestPEMRejectsSkippedMalformedBlocks/certificate-middle","Output":"--- PASS: TestPEMRejectsSkippedMalformedBlocks/certificate-middle (0.00s)\n"}
{"Time":"2026-09-28T11:10:17.007911664Z","Action":"pass","Package":"git.example.com/infra/openbao-sdk-go/internal/pkiutil","Test":"TestPEMRejectsSkippedMalformedBlocks/certificate-middle","Elapsed":0}
{"Time":"2026-09-28T11:10:17.007923553Z","Action":"run","Package":"git.example.com/infra/openbao-sdk-go/internal/pkiutil","Test":"TestPEMRejectsSkippedMalformedBlocks/csr"}
{"Time":"2026-09-28T11:10:17.007926927Z","Action":"output","Package":"git.example.com/infra/openbao-sdk-go/internal/pkiutil","Test":"TestPEMRejectsSkippedMalformedBlocks/csr","Output":"=== RUN   TestPEMRejectsSkippedMalformedBlocks/csr\n"}
{"Time":"2026-09-28T11:10:17.009224608Z","Action":"output","Package":"git.example.com/infra/openbao-sdk-go/internal/pkiutil","Test":"TestPEMRejectsSkippedMalformedBlocks/csr","Output":"--- PASS: TestPEMRejectsSkippedMalformedBlocks/csr (0.00s)\n"}
{"Time":"2026-09-28T11:10:17.009267087Z","Action":"pass","Package":"git.example.com/infra/openbao-sdk-go/internal/pkiutil","Test":"TestPEMRejectsSkippedMalformedBlocks/csr","Elapsed":0}
{"Time":"2026-09-28T11:10:17.009276092Z","Action":"run","Package":"git.example.com/infra/openbao-sdk-go/internal/pkiutil","Test":"TestPEMRejectsSkippedMalformedBlocks/private-key"}
{"Time":"2026-09-28T11:10:17.009280312Z","Action":"output","Package":"git.example.com/infra/openbao-sdk-go/internal/pkiutil","Test":"TestPEMRejectsSkippedMalformedBlocks/private-key","Output":"=== RUN   TestPEMRejectsSkippedMalformedBlocks/private-key\n"}
{"Time":"2026-09-28T11:10:17.011589747Z","Action":"output","Package":"git.example.com/infra/openbao-sdk-go/internal/pkiutil","Test":"TestPEMRejectsSkippedMalformedBlocks/private-key","Output":"--- PASS: TestPEMRejectsSkippedMalformedBlocks/private-key (0.00s)\n"}
{"Time":"2026-09-28T11:10:17.011611791Z","Action":"pass","Package":"git.example.com/infra/openbao-sdk-go/internal/pkiutil","Test":"TestPEMRejectsSkippedMalformedBlocks/private-key","Elapsed":0}
{"Time":"2026-09-28T11:10:17.01174239Z","Action":"output","Package":"git.example.com/infra/openbao-sdk-go/internal/pkiutil","Test":"TestPEMRejectsSkippedMalformedBlocks","Output":"--- PASS: TestPEMRejectsSkippedMalformedBlocks (0.01s)\n"}
{"Time":"2026-09-28T11:10:17.01174858Z","Action":"pass","Package":"git.example.com/infra/openbao-sdk-go/internal/pkiutil","Test":"TestPEMRejectsSkippedMalformedBlocks","Elapsed":0.01}
{"Time":"2026-09-28T11:10:17.011893836Z","Action":"output","Package":"git.example.com/infra/openbao-sdk-go/internal/pkiutil","Output":"PASS\n"}
{"Time":"2026-09-28T11:10:17.019189506Z","Action":"output","Package":"git.example.com/infra/openbao-sdk-go/internal/pkiutil","Output":"coverage: 90.8% of statements\n"}
{"Time":"2026-09-28T11:10:17.204396758Z","Action":"output","Package":"git.example.com/infra/openbao-sdk-go/internal/engine","Test":"TestCanceledBeforeAndAfterSend","Output":"--- PASS: TestCanceledBeforeAndAfterSend (0.21s)\n"}
{"Time":"2026-09-28T11:10:17.204450602Z","Action":"pass","Package":"git.example.com/infra/openbao-sdk-go/internal/engine","Test":"TestCanceledBeforeAndAfterSend","Elapsed":0.21}
{"Time":"2026-09-28T11:10:17.204644467Z","Action":"run","Package":"git.example.com/infra/openbao-sdk-go/internal/engine","Test":"FuzzPath"}
{"Time":"2026-09-28T11:10:17.204652315Z","Action":"output","Package":"git.example.com/infra/openbao-sdk-go/internal/engine","Test":"FuzzPath","Output":"=== RUN   FuzzPath\n"}
{"Time":"2026-09-28T11:10:17.206545923Z","Action":"run","Package":"git.example.com/infra/openbao-sdk-go/internal/engine","Test":"FuzzPath/seed#0"}
{"Time":"2026-09-28T11:10:17.20658388Z","Action":"output","Package":"git.example.com/infra/openbao-sdk-go/internal/engine","Test":"FuzzPath/seed#0","Output":"=== RUN   FuzzPath/seed#0\n"}
{"Time":"2026-09-28T11:10:17.207294032Z","Action":"output","Package":"git.example.com/infra/openbao-sdk-go/internal/engine","Test":"FuzzPath/seed#0","Output":"--- PASS: FuzzPath/seed#0 (0.00s)\n"}
{"Time":"2026-09-28T11:10:17.207486091Z","Action":"pass","Package":"git.example.com/infra/openbao-sdk-go/internal/engine","Test":"FuzzPath/seed#0","Elapsed":0}
{"Time":"2026-09-28T11:10:17.207543696Z","Action":"run","Package":"git.example.com/infra/openbao-sdk-go/internal/engine","Test":"FuzzPath/seed#1"}
{"Time":"2026-09-28T11:10:17.207551106Z","Action":"output","Package":"git.example.com/infra/openbao-sdk-go/internal/engine","Test":"FuzzPath/seed#1","Output":"=== RUN   FuzzPath/seed#1\n"}
{"Time":"2026-09-28T11:10:17.207644796Z","Action":"output","Package":"git.example.com/infra/openbao-sdk-go/internal/engine","Test":"FuzzPath/seed#1","Output":"--- PASS: FuzzPath/seed#1 (0.00s)\n"}
{"Time":"2026-09-28T11:10:17.207653149Z","Action":"pass","Package":"git.example.com/infra/openbao-sdk-go/internal/engine","Test":"FuzzPath/seed#1","Elapsed":0}
{"Time":"2026-09-28T11:10:17.207687628Z","Action":"run","Package":"git.example.com/infra/openbao-sdk-go/internal/engine","Test":"FuzzPath/seed#2"}
{"Time":"2026-09-28T11:10:17.207691456Z","Action":"output","Package":"git.example.com/infra/openbao-sdk-go/internal/engine","Test":"FuzzPath/seed#2","Output":"=== RUN   FuzzPath/seed#2\n"}
{"Time":"2026-09-28T11:10:17.207797183Z","Action":"output","Package":"git.example.com/infra/openbao-sdk-go/internal/engine","Test":"FuzzPath/seed#2","Output":"--- PASS: FuzzPath/seed#2 (0.00s)\n"}
{"Time":"2026-09-28T11:10:17.207821014Z","Action":"pass","Package":"git.example.com/infra/openbao-sdk-go/internal/engine","Test":"FuzzPath/seed#2","Elapsed":0}
{"Time":"2026-09-28T11:10:17.207923469Z","Action":"run","Package":"git.example.com/infra/openbao-sdk-go/internal/engine","Test":"FuzzPath/seed#3"}
{"Time":"2026-09-28T11:10:17.207928064Z","Action":"output","Package":"git.example.com/infra/openbao-sdk-go/internal/engine","Test":"FuzzPath/seed#3","Output":"=== RUN   FuzzPath/seed#3\n"}
{"Time":"2026-09-28T11:10:17.207932354Z","Action":"output","Package":"git.example.com/infra/openbao-sdk-go/internal/engine","Test":"FuzzPath/seed#3","Output":"--- PASS: FuzzPath/seed#3 (0.00s)\n"}
{"Time":"2026-09-28T11:10:17.20797029Z","Action":"pass","Package":"git.example.com/infra/openbao-sdk-go/internal/engine","Test":"FuzzPath/seed#3","Elapsed":0}
{"Time":"2026-09-28T11:10:17.208088671Z","Action":"output","Package":"git.example.com/infra/openbao-sdk-go/internal/engine","Test":"FuzzPath","Output":"--- PASS: FuzzPath (0.00s)\n"}
{"Time":"2026-09-28T11:10:17.208103856Z","Action":"pass","Package":"git.example.com/infra/openbao-sdk-go/internal/engine","Test":"FuzzPath","Elapsed":0}
{"Time":"2026-09-28T11:10:17.208107658Z","Action":"output","Package":"git.example.com/infra/openbao-sdk-go/internal/engine","Output":"PASS\n"}
{"Time":"2026-09-28T11:10:17.226586752Z","Action":"output","Package":"git.example.com/infra/openbao-sdk-go/internal/engine","Output":"coverage: 75.3% of statements\n"}
{"Time":"2026-09-28T11:10:17.767112699Z","Action":"output","Package":"git.example.com/infra/openbao-sdk-go/internal/jsondoc","Output":"ok  \tgit.example.com/infra/openbao-sdk-go/internal/jsondoc\t1.151s\tcoverage: 92.9% of statements\n"}
{"Time":"2026-09-28T11:10:17.76714951Z","Action":"pass","Package":"git.example.com/infra/openbao-sdk-go/internal/jsondoc","Elapsed":1.152}
{"Time":"2026-09-28T11:10:17.852476209Z","Action":"output","Package":"git.example.com/infra/openbao-sdk-go/internal/pemutil","Output":"ok  \tgit.example.com/infra/openbao-sdk-go/internal/pemutil\t1.185s\tcoverage: 100.0% of statements\n"}
{"Time":"2026-09-28T11:10:17.852519216Z","Action":"pass","Package":"git.example.com/infra/openbao-sdk-go/internal/pemutil","Elapsed":1.186}
{"Time":"2026-09-28T11:10:17.875513323Z","Action":"output","Package":"git.example.com/infra/openbao-sdk-go/internal/authn","Output":"ok  \tgit.example.com/infra/openbao-sdk-go/internal/authn\t1.260s\tcoverage: 90.6% of statements\n"}
{"Time":"2026-09-28T11:10:17.87560108Z","Action":"pass","Package":"git.example.com/infra/openbao-sdk-go/internal/authn","Elapsed":1.2610000000000001}
{"Time":"2026-09-28T11:10:18.029633933Z","Action":"output","Package":"git.example.com/infra/openbao-sdk-go/internal/pkiutil","Output":"ok  \tgit.example.com/infra/openbao-sdk-go/internal/pkiutil\t1.362s\tcoverage: 90.8% of statements\n"}
{"Time":"2026-09-28T11:10:18.029689026Z","Action":"pass","Package":"git.example.com/infra/openbao-sdk-go/internal/pkiutil","Elapsed":1.363}
{"Time":"2026-09-28T11:10:18.243916817Z","Action":"output","Package":"git.example.com/infra/openbao-sdk-go/internal/engine","Output":"ok  \tgit.example.com/infra/openbao-sdk-go/internal/engine\t1.628s\tcoverage: 75.3% of statements\n"}
{"Time":"2026-09-28T11:10:18.243956102Z","Action":"pass","Package":"git.example.com/infra/openbao-sdk-go/internal/engine","Elapsed":1.629}
{"Time":"2026-09-28T11:10:19.438231033Z","Action":"start","Package":"git.example.com/infra/openbao-sdk-go/internal/transitutil"}
{"Time":"2026-09-28T11:10:19.552929282Z","Action":"run","Package":"git.example.com/infra/openbao-sdk-go/internal/transitutil","Test":"TestStrictWrappedEncoding"}
{"Time":"2026-09-28T11:10:19.553215764Z","Action":"output","Package":"git.example.com/infra/openbao-sdk-go/internal/transitutil","Test":"TestStrictWrappedEncoding","Output":"=== RUN   TestStrictWrappedEncoding\n"}
{"Time":"2026-09-28T11:10:19.554139547Z","Action":"output","Package":"git.example.com/infra/openbao-sdk-go/internal/transitutil","Test":"TestStrictWrappedEncoding","Output":"--- PASS: TestStrictWrappedEncoding (0.00s)\n"}
{"Time":"2026-09-28T11:10:19.55426363Z","Action":"pass","Package":"git.example.com/infra/openbao-sdk-go/internal/transitutil","Test":"TestStrictWrappedEncoding","Elapsed":0}
{"Time":"2026-09-28T11:10:19.554455922Z","Action":"run","Package":"git.example.com/infra/openbao-sdk-go/internal/transitutil","Test":"TestPublicNormalizationAndSignatureProfiles"}
{"Time":"2026-09-28T11:10:19.554472974Z","Action":"output","Package":"git.example.com/infra/openbao-sdk-go/internal/transitutil","Test":"TestPublicNormalizationAndSignatureProfiles","Output":"=== RUN   TestPublicNormalizationAndSignatureProfiles\n"}
{"Time":"2026-09-28T11:10:19.717129255Z","Action":"output","Package":"git.example.com/infra/openbao-sdk-go/internal/transitutil","Test":"TestPublicNormalizationAndSignatureProfiles","Output":"--- PASS: TestPublicNormalizationAndSignatureProfiles (0.16s)\n"}
{"Time":"2026-09-28T11:10:19.717189499Z","Action":"pass","Package":"git.example.com/infra/openbao-sdk-go/internal/transitutil","Test":"TestPublicNormalizationAndSignatureProfiles","Elapsed":0.16}
{"Time":"2026-09-28T11:10:19.718377448Z","Action":"run","Package":"git.example.com/infra/openbao-sdk-go/internal/transitutil","Test":"TestPublicRejectsSkippedMalformedPEM"}
{"Time":"2026-09-28T11:10:19.718396709Z","Action":"output","Package":"git.example.com/infra/openbao-sdk-go/internal/transitutil","Test":"TestPublicRejectsSkippedMalformedPEM","Output":"=== RUN   TestPublicRejectsSkippedMalformedPEM\n"}
{"Time":"2026-09-28T11:10:19.719129503Z","Action":"output","Package":"git.example.com/infra/openbao-sdk-go/internal/transitutil","Test":"TestPublicRejectsSkippedMalformedPEM","Output":"--- PASS: TestPublicRejectsSkippedMalformedPEM (0.00s)\n"}
{"Time":"2026-09-28T11:10:19.719153054Z","Action":"pass","Package":"git.example.com/infra/openbao-sdk-go/internal/transitutil","Test":"TestPublicRejectsSkippedMalformedPEM","Elapsed":0}
{"Time":"2026-09-28T11:10:19.719322583Z","Action":"run","Package":"git.example.com/infra/openbao-sdk-go/internal/transitutil","Test":"FuzzEncoding"}
{"Time":"2026-09-28T11:10:19.71933738Z","Action":"output","Package":"git.example.com/infra/openbao-sdk-go/internal/transitutil","Test":"FuzzEncoding","Output":"=== RUN   FuzzEncoding\n"}
{"Time":"2026-09-28T11:10:19.720771264Z","Action":"run","Package":"git.example.com/infra/openbao-sdk-go/internal/transitutil","Test":"FuzzEncoding/seed#0"}
{"Time":"2026-09-28T11:10:19.720792688Z","Action":"output","Package":"git.example.com/infra/openbao-sdk-go/internal/transitutil","Test":"FuzzEncoding/seed#0","Output":"=== RUN   FuzzEncoding/seed#0\n"}
{"Time":"2026-09-28T11:10:19.721350754Z","Action":"output","Package":"git.example.com/infra/openbao-sdk-go/internal/transitutil","Test":"FuzzEncoding/seed#0","Output":"--- PASS: FuzzEncoding/seed#0 (0.00s)\n"}
{"Time":"2026-09-28T11:10:19.72137064Z","Action":"pass","Package":"git.example.com/infra/openbao-sdk-go/internal/transitutil","Test":"FuzzEncoding/seed#0","Elapsed":0}
{"Time":"2026-09-28T11:10:19.721464003Z","Action":"run","Package":"git.example.com/infra/openbao-sdk-go/internal/transitutil","Test":"FuzzEncoding/seed#1"}
{"Time":"2026-09-28T11:10:19.721473827Z","Action":"output","Package":"git.example.com/infra/openbao-sdk-go/internal/transitutil","Test":"FuzzEncoding/seed#1","Output":"=== RUN   FuzzEncoding/seed#1\n"}
{"Time":"2026-09-28T11:10:19.721640645Z","Action":"output","Package":"git.example.com/infra/openbao-sdk-go/internal/transitutil","Test":"FuzzEncoding/seed#1","Output":"--- PASS: FuzzEncoding/seed#1 (0.00s)\n"}
{"Time":"2026-09-28T11:10:19.721703551Z","Action":"pass","Package":"git.example.com/infra/openbao-sdk-go/internal/transitutil","Test":"FuzzEncoding/seed#1","Elapsed":0}
{"Time":"2026-09-28T11:10:19.721811637Z","Action":"run","Package":"git.example.com/infra/openbao-sdk-go/internal/transitutil","Test":"FuzzEncoding/seed#2"}
{"Time":"2026-09-28T11:10:19.721823145Z","Action":"output","Package":"git.example.com/infra/openbao-sdk-go/internal/transitutil","Test":"FuzzEncoding/seed#2","Output":"=== RUN   FuzzEncoding/seed#2\n"}
{"Time":"2026-09-28T11:10:19.721976992Z","Action":"output","Package":"git.example.com/infra/openbao-sdk-go/internal/transitutil","Test":"FuzzEncoding/seed#2","Output":"--- PASS: FuzzEncoding/seed#2 (0.00s)\n"}
{"Time":"2026-09-28T11:10:19.722017203Z","Action":"pass","Package":"git.example.com/infra/openbao-sdk-go/internal/transitutil","Test":"FuzzEncoding/seed#2","Elapsed":0}
{"Time":"2026-09-28T11:10:19.722106267Z","Action":"run","Package":"git.example.com/infra/openbao-sdk-go/internal/transitutil","Test":"FuzzEncoding/seed#3"}
{"Time":"2026-09-28T11:10:19.722113292Z","Action":"output","Package":"git.example.com/infra/openbao-sdk-go/internal/transitutil","Test":"FuzzEncoding/seed#3","Output":"=== RUN   FuzzEncoding/seed#3\n"}
{"Time":"2026-09-28T11:10:19.722591047Z","Action":"output","Package":"git.example.com/infra/openbao-sdk-go/internal/transitutil","Test":"FuzzEncoding/seed#3","Output":"--- PASS: FuzzEncoding/seed#3 (0.00s)\n"}
{"Time":"2026-09-28T11:10:19.722617571Z","Action":"pass","Package":"git.example.com/infra/openbao-sdk-go/internal/transitutil","Test":"FuzzEncoding/seed#3","Elapsed":0}
{"Time":"2026-09-28T11:10:19.722754516Z","Action":"output","Package":"git.example.com/infra/openbao-sdk-go/internal/transitutil","Test":"FuzzEncoding","Output":"--- PASS: FuzzEncoding (0.00s)\n"}
{"Time":"2026-09-28T11:10:19.722766351Z","Action":"pass","Package":"git.example.com/infra/openbao-sdk-go/internal/transitutil","Test":"FuzzEncoding","Elapsed":0}
{"Time":"2026-09-28T11:10:19.722773033Z","Action":"output","Package":"git.example.com/infra/openbao-sdk-go/internal/transitutil","Output":"PASS\n"}
{"Time":"2026-09-28T11:10:19.739592267Z","Action":"output","Package":"git.example.com/infra/openbao-sdk-go/internal/transitutil","Output":"coverage: 95.4% of statements\n"}
{"Time":"2026-09-28T11:10:19.940704372Z","Action":"start","Package":"git.example.com/infra/openbao-sdk-go/internal/testenv"}
{"Time":"2026-09-28T11:10:19.940879508Z","Action":"start","Package":"git.example.com/infra/openbao-sdk-go/internal/testutil"}
{"Time":"2026-09-28T11:10:19.941363057Z","Action":"start","Package":"git.example.com/infra/openbao-sdk-go/examples/credentialworkflow"}
{"Time":"2026-09-28T11:10:19.964200678Z","Action":"output","Package":"git.example.com/infra/openbao-sdk-go/internal/testutil","Output":"\tgit.example.com/infra/openbao-sdk-go/internal/testutil\t\tcoverage: 0.0% of statements\n"}
{"Time":"2026-09-28T11:10:19.984165564Z","Action":"pass","Package":"git.example.com/infra/openbao-sdk-go/internal/testutil","Elapsed":0.043}
{"Time":"2026-09-28T11:10:20.033835885Z","Action":"run","Package":"git.example.com/infra/openbao-sdk-go/examples/credentialworkflow","Test":"TestCredentialWorkflowRecovery"}
{"Time":"2026-09-28T11:10:20.033937559Z","Action":"output","Package":"git.example.com/infra/openbao-sdk-go/examples/credentialworkflow","Test":"TestCredentialWorkflowRecovery","Output":"=== RUN   TestCredentialWorkflowRecovery\n"}
{"Time":"2026-09-28T11:10:20.035082183Z","Action":"output","Package":"git.example.com/infra/openbao-sdk-go/examples/credentialworkflow","Test":"TestCredentialWorkflowRecovery","Output":"--- PASS: TestCredentialWorkflowRecovery (0.00s)\n"}
{"Time":"2026-09-28T11:10:20.035142331Z","Action":"pass","Package":"git.example.com/infra/openbao-sdk-go/examples/credentialworkflow","Test":"TestCredentialWorkflowRecovery","Elapsed":0}
{"Time":"2026-09-28T11:10:20.035388638Z","Action":"run","Package":"git.example.com/infra/openbao-sdk-go/examples/credentialworkflow","Test":"TestCredentialWorkflowUnknownDoesNotReissue"}
{"Time":"2026-09-28T11:10:20.035406885Z","Action":"output","Package":"git.example.com/infra/openbao-sdk-go/examples/credentialworkflow","Test":"TestCredentialWorkflowUnknownDoesNotReissue","Output":"=== RUN   TestCredentialWorkflowUnknownDoesNotReissue\n"}
{"Time":"2026-09-28T11:10:20.035545331Z","Action":"output","Package":"git.example.com/infra/openbao-sdk-go/examples/credentialworkflow","Test":"TestCredentialWorkflowUnknownDoesNotReissue","Output":"--- PASS: TestCredentialWorkflowUnknownDoesNotReissue (0.00s)\n"}
{"Time":"2026-09-28T11:10:20.035567726Z","Action":"pass","Package":"git.example.com/infra/openbao-sdk-go/examples/credentialworkflow","Test":"TestCredentialWorkflowUnknownDoesNotReissue","Elapsed":0}
{"Time":"2026-09-28T11:10:20.035693347Z","Action":"run","Package":"git.example.com/infra/openbao-sdk-go/examples/credentialworkflow","Test":"TestCredentialWorkflowUnknownKVReconciles"}
{"Time":"2026-09-28T11:10:20.035703497Z","Action":"output","Package":"git.example.com/infra/openbao-sdk-go/examples/credentialworkflow","Test":"TestCredentialWorkflowUnknownKVReconciles","Output":"=== RUN   TestCredentialWorkflowUnknownKVReconciles\n"}
{"Time":"2026-09-28T11:10:20.035938302Z","Action":"output","Package":"git.example.com/infra/openbao-sdk-go/examples/credentialworkflow","Test":"TestCredentialWorkflowUnknownKVReconciles","Output":"--- PASS: TestCredentialWorkflowUnknownKVReconciles (0.00s)\n"}
{"Time":"2026-09-28T11:10:20.035952381Z","Action":"pass","Package":"git.example.com/infra/openbao-sdk-go/examples/credentialworkflow","Test":"TestCredentialWorkflowUnknownKVReconciles","Elapsed":0}
{"Time":"2026-09-28T11:10:20.035967443Z","Action":"run","Package":"git.example.com/infra/openbao-sdk-go/examples/credentialworkflow","Test":"TestCredentialWorkflowGenerationMismatch"}
{"Time":"2026-09-28T11:10:20.035972861Z","Action":"output","Package":"git.example.com/infra/openbao-sdk-go/examples/credentialworkflow","Test":"TestCredentialWorkflowGenerationMismatch","Output":"=== RUN   TestCredentialWorkflowGenerationMismatch\n"}
{"Time":"2026-09-28T11:10:20.036063315Z","Action":"output","Package":"git.example.com/infra/openbao-sdk-go/examples/credentialworkflow","Test":"TestCredentialWorkflowGenerationMismatch","Output":"--- PASS: TestCredentialWorkflowGenerationMismatch (0.00s)\n"}
{"Time":"2026-09-28T11:10:20.036115513Z","Action":"pass","Package":"git.example.com/infra/openbao-sdk-go/examples/credentialworkflow","Test":"TestCredentialWorkflowGenerationMismatch","Elapsed":0}
{"Time":"2026-09-28T11:10:20.036123674Z","Action":"run","Package":"git.example.com/infra/openbao-sdk-go/examples/credentialworkflow","Test":"TestRegistrationRequiresBothMaterials"}
{"Time":"2026-09-28T11:10:20.036128864Z","Action":"output","Package":"git.example.com/infra/openbao-sdk-go/examples/credentialworkflow","Test":"TestRegistrationRequiresBothMaterials","Output":"=== RUN   TestRegistrationRequiresBothMaterials\n"}
{"Time":"2026-09-28T11:10:20.036280268Z","Action":"output","Package":"git.example.com/infra/openbao-sdk-go/examples/credentialworkflow","Test":"TestRegistrationRequiresBothMaterials","Output":"--- PASS: TestRegistrationRequiresBothMaterials (0.00s)\n"}
{"Time":"2026-09-28T11:10:20.036339022Z","Action":"pass","Package":"git.example.com/infra/openbao-sdk-go/examples/credentialworkflow","Test":"TestRegistrationRequiresBothMaterials","Elapsed":0}
{"Time":"2026-09-28T11:10:20.036395246Z","Action":"run","Package":"git.example.com/infra/openbao-sdk-go/examples/credentialworkflow","Test":"TestCredentialWorkflowRejectsNilStored"}
{"Time":"2026-09-28T11:10:20.036401658Z","Action":"output","Package":"git.example.com/infra/openbao-sdk-go/examples/credentialworkflow","Test":"TestCredentialWorkflowRejectsNilStored","Output":"=== RUN   TestCredentialWorkflowRejectsNilStored\n"}
{"Time":"2026-09-28T11:10:20.036461941Z","Action":"output","Package":"git.example.com/infra/openbao-sdk-go/examples/credentialworkflow","Test":"TestCredentialWorkflowRejectsNilStored","Output":"--- PASS: TestCredentialWorkflowRejectsNilStored (0.00s)\n"}
{"Time":"2026-09-28T11:10:20.036525657Z","Action":"pass","Package":"git.example.com/infra/openbao-sdk-go/examples/credentialworkflow","Test":"TestCredentialWorkflowRejectsNilStored","Elapsed":0}
{"Time":"2026-09-28T11:10:20.036559551Z","Action":"output","Package":"git.example.com/infra/openbao-sdk-go/examples/credentialworkflow","Output":"PASS\n"}
{"Time":"2026-09-28T11:10:20.046178131Z","Action":"output","Package":"git.example.com/infra/openbao-sdk-go/examples/credentialworkflow","Output":"coverage: 75.0% of statements\n"}
{"Time":"2026-09-28T11:10:20.079759094Z","Action":"run","Package":"git.example.com/infra/openbao-sdk-go/internal/testenv","Test":"TestIntegrationOptionsFailClosed"}
{"Time":"2026-09-28T11:10:20.079793357Z","Action":"output","Package":"git.example.com/infra/openbao-sdk-go/internal/testenv","Test":"TestIntegrationOptionsFailClosed","Output":"=== RUN   TestIntegrationOptionsFailClosed\n"}
{"Time":"2026-09-28T11:10:20.079830675Z","Action":"output","Package":"git.example.com/infra/openbao-sdk-go/internal/testenv","Test":"TestIntegrationOptionsFailClosed","Output":"--- PASS: TestIntegrationOptionsFailClosed (0.00s)\n"}
{"Time":"2026-09-28T11:10:20.079834949Z","Action":"pass","Package":"git.example.com/infra/openbao-sdk-go/internal/testenv","Test":"TestIntegrationOptionsFailClosed","Elapsed":0}
{"Time":"2026-09-28T11:10:20.079843203Z","Action":"run","Package":"git.example.com/infra/openbao-sdk-go/internal/testenv","Test":"TestIntegrationBinaryDigest"}
{"Time":"2026-09-28T11:10:20.079850162Z","Action":"output","Package":"git.example.com/infra/openbao-sdk-go/internal/testenv","Test":"TestIntegrationBinaryDigest","Output":"=== RUN   TestIntegrationBinaryDigest\n"}
{"Time":"2026-09-28T11:10:20.087196691Z","Action":"output","Package":"git.example.com/infra/openbao-sdk-go/internal/testenv","Test":"TestIntegrationBinaryDigest","Output":"--- PASS: TestIntegrationBinaryDigest (0.01s)\n"}
{"Time":"2026-09-28T11:10:20.087229142Z","Action":"pass","Package":"git.example.com/infra/openbao-sdk-go/internal/testenv","Test":"TestIntegrationBinaryDigest","Elapsed":0.01}
{"Time":"2026-09-28T11:10:20.087309434Z","Action":"run","Package":"git.example.com/infra/openbao-sdk-go/internal/testenv","Test":"TestIntegrationPolicyIsolation"}
{"Time":"2026-09-28T11:10:20.087316873Z","Action":"output","Package":"git.example.com/infra/openbao-sdk-go/internal/testenv","Test":"TestIntegrationPolicyIsolation","Output":"=== RUN   TestIntegrationPolicyIsolation\n"}
{"Time":"2026-09-28T11:10:20.091994641Z","Action":"output","Package":"git.example.com/infra/openbao-sdk-go/internal/testenv","Test":"TestIntegrationPolicyIsolation","Output":"--- PASS: TestIntegrationPolicyIsolation (0.00s)\n"}
{"Time":"2026-09-28T11:10:20.092030145Z","Action":"pass","Package":"git.example.com/infra/openbao-sdk-go/internal/testenv","Test":"TestIntegrationPolicyIsolation","Elapsed":0}
{"Time":"2026-09-28T11:10:20.092043226Z","Action":"run","Package":"git.example.com/infra/openbao-sdk-go/internal/testenv","Test":"TestIntegrationEnvironmentInput"}
{"Time":"2026-09-28T11:10:20.092047805Z","Action":"output","Package":"git.example.com/infra/openbao-sdk-go/internal/testenv","Test":"TestIntegrationEnvironmentInput","Output":"=== RUN   TestIntegrationEnvironmentInput\n"}
{"Time":"2026-09-28T11:10:20.092490289Z","Action":"output","Package":"git.example.com/infra/openbao-sdk-go/internal/testenv","Test":"TestIntegrationEnvironmentInput","Output":"--- PASS: TestIntegrationEnvironmentInput (0.00s)\n"}
{"Time":"2026-09-28T11:10:20.092512789Z","Action":"pass","Package":"git.example.com/infra/openbao-sdk-go/internal/testenv","Test":"TestIntegrationEnvironmentInput","Elapsed":0}
{"Time":"2026-09-28T11:10:20.092553343Z","Action":"output","Package":"git.example.com/infra/openbao-sdk-go/internal/testenv","Output":"PASS\n"}
{"Time":"2026-09-28T11:10:20.106497728Z","Action":"output","Package":"git.example.com/infra/openbao-sdk-go/internal/testenv","Output":"coverage: 12.1% of statements\n"}
{"Time":"2026-09-28T11:10:20.134183245Z","Action":"start","Package":"git.example.com/infra/openbao-sdk-go/examples/internal/bootstrap"}
{"Time":"2026-09-28T11:10:20.195540109Z","Action":"start","Package":"git.example.com/infra/openbao-sdk-go/examples/kv-versioned"}
{"Time":"2026-09-28T11:10:20.218594995Z","Action":"output","Package":"git.example.com/infra/openbao-sdk-go/examples/kv-versioned","Output":"\tgit.example.com/infra/openbao-sdk-go/examples/kv-versioned\t\tcoverage: 0.0% of statements\n"}
{"Time":"2026-09-28T11:10:20.221939294Z","Action":"run","Package":"git.example.com/infra/openbao-sdk-go/examples/internal/bootstrap","Test":"TestExplicitExampleConfiguration"}
{"Time":"2026-09-28T11:10:20.221988452Z","Action":"output","Package":"git.example.com/infra/openbao-sdk-go/examples/internal/bootstrap","Test":"TestExplicitExampleConfiguration","Output":"=== RUN   TestExplicitExampleConfiguration\n"}
{"Time":"2026-09-28T11:10:20.223537647Z","Action":"output","Package":"git.example.com/infra/openbao-sdk-go/examples/internal/bootstrap","Test":"TestExplicitExampleConfiguration","Output":"--- PASS: TestExplicitExampleConfiguration (0.00s)\n"}
{"Time":"2026-09-28T11:10:20.223736611Z","Action":"pass","Package":"git.example.com/infra/openbao-sdk-go/examples/internal/bootstrap","Test":"TestExplicitExampleConfiguration","Elapsed":0}
{"Time":"2026-09-28T11:10:20.223820833Z","Action":"output","Package":"git.example.com/infra/openbao-sdk-go/examples/internal/bootstrap","Output":"PASS\n"}
{"Time":"2026-09-28T11:10:20.232020238Z","Action":"output","Package":"git.example.com/infra/openbao-sdk-go/examples/internal/bootstrap","Output":"coverage: 31.0% of statements\n"}
{"Time":"2026-09-28T11:10:20.2357209Z","Action":"pass","Package":"git.example.com/infra/openbao-sdk-go/examples/kv-versioned","Elapsed":0.04}
{"Time":"2026-09-28T11:10:20.420573131Z","Action":"start","Package":"git.example.com/infra/openbao-sdk-go/examples/pki-issue-store"}
{"Time":"2026-09-28T11:10:20.437225463Z","Action":"output","Package":"git.example.com/infra/openbao-sdk-go/examples/pki-issue-store","Output":"\tgit.example.com/infra/openbao-sdk-go/examples/pki-issue-store\t\tcoverage: 0.0% of statements\n"}
{"Time":"2026-09-28T11:10:20.456801952Z","Action":"pass","Package":"git.example.com/infra/openbao-sdk-go/examples/pki-issue-store","Elapsed":0.036}
{"Time":"2026-09-28T11:10:20.592183203Z","Action":"start","Package":"git.example.com/infra/openbao-sdk-go/examples/service-bootstrap"}
{"Time":"2026-09-28T11:10:20.609442221Z","Action":"output","Package":"git.example.com/infra/openbao-sdk-go/examples/service-bootstrap","Output":"\tgit.example.com/infra/openbao-sdk-go/examples/service-bootstrap\t\tcoverage: 0.0% of statements\n"}
{"Time":"2026-09-28T11:10:20.629484403Z","Action":"pass","Package":"git.example.com/infra/openbao-sdk-go/examples/service-bootstrap","Elapsed":0.037}
{"Time":"2026-09-28T11:10:20.745748081Z","Action":"output","Package":"git.example.com/infra/openbao-sdk-go/internal/transitutil","Output":"ok  \tgit.example.com/infra/openbao-sdk-go/internal/transitutil\t1.307s\tcoverage: 95.4% of statements\n"}
{"Time":"2026-09-28T11:10:20.745836284Z","Action":"pass","Package":"git.example.com/infra/openbao-sdk-go/internal/transitutil","Elapsed":1.308}
{"Time":"2026-09-28T11:10:20.793920241Z","Action":"start","Package":"git.example.com/infra/openbao-sdk-go/examples/transit-sign"}
{"Time":"2026-09-28T11:10:20.813206596Z","Action":"output","Package":"git.example.com/infra/openbao-sdk-go/examples/transit-sign","Output":"\tgit.example.com/infra/openbao-sdk-go/examples/transit-sign\t\tcoverage: 0.0% of statements\n"}
{"Time":"2026-09-28T11:10:20.83848347Z","Action":"pass","Package":"git.example.com/infra/openbao-sdk-go/examples/transit-sign","Elapsed":0.045}
{"Time":"2026-09-28T11:10:21.05165964Z","Action":"output","Package":"git.example.com/infra/openbao-sdk-go/examples/credentialworkflow","Output":"ok  \tgit.example.com/infra/openbao-sdk-go/examples/credentialworkflow\t1.110s\tcoverage: 75.0% of statements\n"}
{"Time":"2026-09-28T11:10:21.051714544Z","Action":"pass","Package":"git.example.com/infra/openbao-sdk-go/examples/credentialworkflow","Elapsed":1.11}
{"Time":"2026-09-28T11:10:21.117689761Z","Action":"output","Package":"git.example.com/infra/openbao-sdk-go/internal/testenv","Output":"ok  \tgit.example.com/infra/openbao-sdk-go/internal/testenv\t1.176s\tcoverage: 12.1% of statements\n"}
{"Time":"2026-09-28T11:10:21.117730723Z","Action":"pass","Package":"git.example.com/infra/openbao-sdk-go/internal/testenv","Elapsed":1.177}
{"Time":"2026-09-28T11:10:21.240639276Z","Action":"output","Package":"git.example.com/infra/openbao-sdk-go/examples/internal/bootstrap","Output":"ok  \tgit.example.com/infra/openbao-sdk-go/examples/internal/bootstrap\t1.106s\tcoverage: 31.0% of statements\n"}
{"Time":"2026-09-28T11:10:21.240675373Z","Action":"pass","Package":"git.example.com/infra/openbao-sdk-go/examples/internal/bootstrap","Elapsed":1.107}
