{"Time":"2026-09-28T15:42:07.832615543Z","Action":"start","Package":"git.example.com/infra/openbao-sdk-go/auth"}
{"Time":"2026-09-28T15:42:07.841155304Z","Action":"start","Package":"git.example.com/infra/openbao-sdk-go/kv"}
{"Time":"2026-09-28T15:42:07.854119667Z","Action":"run","Package":"git.example.com/infra/openbao-sdk-go/auth","Test":"TestStaticTokenSnapshots"}
{"Time":"2026-09-28T15:42:07.854375197Z","Action":"output","Package":"git.example.com/infra/openbao-sdk-go/auth","Test":"TestStaticTokenSnapshots","Output":"=== RUN   TestStaticTokenSnapshots\n"}
{"Time":"2026-09-28T15:42:07.854416331Z","Action":"output","Package":"git.example.com/infra/openbao-sdk-go/auth","Test":"TestStaticTokenSnapshots","Output":"--- PASS: TestStaticTokenSnapshots (0.00s)\n"}
{"Time":"2026-09-28T15:42:07.85442336Z","Action":"pass","Package":"git.example.com/infra/openbao-sdk-go/auth","Test":"TestStaticTokenSnapshots","Elapsed":0}
{"Time":"2026-09-28T15:42:07.854451245Z","Action":"run","Package":"git.example.com/infra/openbao-sdk-go/auth","Test":"TestTokenFileAtomicReplacement"}
{"Time":"2026-09-28T15:42:07.854454449Z","Action":"output","Package":"git.example.com/infra/openbao-sdk-go/auth","Test":"TestTokenFileAtomicReplacement","Output":"=== RUN   TestTokenFileAtomicReplacement\n"}
{"Time":"2026-09-28T15:42:07.854460409Z","Action":"output","Package":"git.example.com/infra/openbao-sdk-go/auth","Test":"TestTokenFileAtomicReplacement","Output":"--- PASS: TestTokenFileAtomicReplacement (0.00s)\n"}
{"Time":"2026-09-28T15:42:07.854464232Z","Action":"pass","Package":"git.example.com/infra/openbao-sdk-go/auth","Test":"TestTokenFileAtomicReplacement","Elapsed":0}
{"Time":"2026-09-28T15:42:07.854471704Z","Action":"run","Package":"git.example.com/infra/openbao-sdk-go/auth","Test":"TestTokenFileValidation"}
{"Time":"2026-09-28T15:42:07.854474809Z","Action":"output","Package":"git.example.com/infra/openbao-sdk-go/auth","Test":"TestTokenFileValidation","Output":"=== RUN   TestTokenFileValidation\n"}
{"Time":"2026-09-28T15:42:07.854478387Z","Action":"output","Package":"git.example.com/infra/openbao-sdk-go/auth","Test":"TestTokenFileValidation","Output":"--- PASS: TestTokenFileValidation (0.00s)\n"}
{"Time":"2026-09-28T15:42:07.854481549Z","Action":"pass","Package":"git.example.com/infra/openbao-sdk-go/auth","Test":"TestTokenFileValidation","Elapsed":0}
{"Time":"2026-09-28T15:42:07.854484528Z","Action":"run","Package":"git.example.com/infra/openbao-sdk-go/auth","Test":"TestSecretIDGenerationAndUse"}
{"Time":"2026-09-28T15:42:07.854487167Z","Action":"output","Package":"git.example.com/infra/openbao-sdk-go/auth","Test":"TestSecretIDGenerationAndUse","Output":"=== RUN   TestSecretIDGenerationAndUse\n"}
{"Time":"2026-09-28T15:42:07.854491655Z","Action":"output","Package":"git.example.com/infra/openbao-sdk-go/auth","Test":"TestSecretIDGenerationAndUse","Output":"--- PASS: TestSecretIDGenerationAndUse (0.00s)\n"}
{"Time":"2026-09-28T15:42:07.854494677Z","Action":"pass","Package":"git.example.com/infra/openbao-sdk-go/auth","Test":"TestSecretIDGenerationAndUse","Elapsed":0}
{"Time":"2026-09-28T15:42:07.854497546Z","Action":"output","Package":"git.example.com/infra/openbao-sdk-go/auth","Output":"PASS\n"}
{"Time":"2026-09-28T15:42:07.867704285Z","Action":"run","Package":"git.example.com/infra/openbao-sdk-go/kv","Test":"TestDocumentExactNumber"}
{"Time":"2026-09-28T15:42:07.867763345Z","Action":"output","Package":"git.example.com/infra/openbao-sdk-go/kv","Test":"TestDocumentExactNumber","Output":"=== RUN   TestDocumentExactNumber\n"}
{"Time":"2026-09-28T15:42:07.868684664Z","Action":"output","Package":"git.example.com/infra/openbao-sdk-go/kv","Test":"TestDocumentExactNumber","Output":"--- PASS: TestDocumentExactNumber (0.00s)\n"}
{"Time":"2026-09-28T15:42:07.868705022Z","Action":"pass","Package":"git.example.com/infra/openbao-sdk-go/kv","Test":"TestDocumentExactNumber","Elapsed":0}
{"Time":"2026-09-28T15:42:07.868713788Z","Action":"run","Package":"git.example.com/infra/openbao-sdk-go/kv","Test":"TestDocumentIndependentCopy"}
{"Time":"2026-09-28T15:42:07.868717199Z","Action":"output","Package":"git.example.com/infra/openbao-sdk-go/kv","Test":"TestDocumentIndependentCopy","Output":"=== RUN   TestDocumentIndependentCopy\n"}
{"Time":"2026-09-28T15:42:07.868901156Z","Action":"output","Package":"git.example.com/infra/openbao-sdk-go/kv","Test":"TestDocumentIndependentCopy","Output":"--- PASS: TestDocumentIndependentCopy (0.00s)\n"}
{"Time":"2026-09-28T15:42:07.868907912Z","Action":"pass","Package":"git.example.com/infra/openbao-sdk-go/kv","Test":"TestDocumentIndependentCopy","Elapsed":0}
{"Time":"2026-09-28T15:42:07.868912621Z","Action":"run","Package":"git.example.com/infra/openbao-sdk-go/kv","Test":"TestDocumentConstructAndDecode"}
{"Time":"2026-09-28T15:42:07.868925117Z","Action":"output","Package":"git.example.com/infra/openbao-sdk-go/kv","Test":"TestDocumentConstructAndDecode","Output":"=== RUN   TestDocumentConstructAndDecode\n"}
{"Time":"2026-09-28T15:42:07.869158943Z","Action":"output","Package":"git.example.com/infra/openbao-sdk-go/kv","Test":"TestDocumentConstructAndDecode","Output":"--- PASS: TestDocumentConstructAndDecode (0.00s)\n"}
{"Time":"2026-09-28T15:42:07.86916748Z","Action":"pass","Package":"git.example.com/infra/openbao-sdk-go/kv","Test":"TestDocumentConstructAndDecode","Elapsed":0}
{"Time":"2026-09-28T15:42:07.869172517Z","Action":"run","Package":"git.example.com/infra/openbao-sdk-go/kv","Test":"TestDocumentRejectsLossyUnicode"}
{"Time":"2026-09-28T15:42:07.869205168Z","Action":"output","Package":"git.example.com/infra/openbao-sdk-go/kv","Test":"TestDocumentRejectsLossyUnicode","Output":"=== RUN   TestDocumentRejectsLossyUnicode\n"}
{"Time":"2026-09-28T15:42:07.869390908Z","Action":"output","Package":"git.example.com/infra/openbao-sdk-go/kv","Test":"TestDocumentRejectsLossyUnicode","Output":"--- PASS: TestDocumentRejectsLossyUnicode (0.00s)\n"}
{"Time":"2026-09-28T15:42:07.869398167Z","Action":"pass","Package":"git.example.com/infra/openbao-sdk-go/kv","Test":"TestDocumentRejectsLossyUnicode","Elapsed":0}
{"Time":"2026-09-28T15:42:07.869434478Z","Action":"run","Package":"git.example.com/infra/openbao-sdk-go/kv","Test":"FuzzDocument"}
{"Time":"2026-09-28T15:42:07.869438266Z","Action":"output","Package":"git.example.com/infra/openbao-sdk-go/kv","Test":"FuzzDocument","Output":"=== RUN   FuzzDocument\n"}
{"Time":"2026-09-28T15:42:07.869604151Z","Action":"run","Package":"git.example.com/infra/openbao-sdk-go/kv","Test":"FuzzDocument/seed#0"}
{"Time":"2026-09-28T15:42:07.869610089Z","Action":"output","Package":"git.example.com/infra/openbao-sdk-go/kv","Test":"FuzzDocument/seed#0","Output":"=== RUN   FuzzDocument/seed#0\n"}
{"Time":"2026-09-28T15:42:07.869718351Z","Action":"output","Package":"git.example.com/infra/openbao-sdk-go/kv","Test":"FuzzDocument/seed#0","Output":"--- PASS: FuzzDocument/seed#0 (0.00s)\n"}
{"Time":"2026-09-28T15:42:07.869724557Z","Action":"pass","Package":"git.example.com/infra/openbao-sdk-go/kv","Test":"FuzzDocument/seed#0","Elapsed":0}
{"Time":"2026-09-28T15:42:07.869732466Z","Action":"run","Package":"git.example.com/infra/openbao-sdk-go/kv","Test":"FuzzDocument/seed#1"}
{"Time":"2026-09-28T15:42:07.869735521Z","Action":"output","Package":"git.example.com/infra/openbao-sdk-go/kv","Test":"FuzzDocument/seed#1","Output":"=== RUN   FuzzDocument/seed#1\n"}
{"Time":"2026-09-28T15:42:07.86987651Z","Action":"output","Package":"git.example.com/infra/openbao-sdk-go/kv","Test":"FuzzDocument/seed#1","Output":"--- PASS: FuzzDocument/seed#1 (0.00s)\n"}
{"Time":"2026-09-28T15:42:07.869882419Z","Action":"pass","Package":"git.example.com/infra/openbao-sdk-go/kv","Test":"FuzzDocument/seed#1","Elapsed":0}
{"Time":"2026-09-28T15:42:07.869887567Z","Action":"run","Package":"git.example.com/infra/openbao-sdk-go/kv","Test":"FuzzDocument/seed#2"}
{"Time":"2026-09-28T15:42:07.869890983Z","Action":"output","Package":"git.example.com/infra/openbao-sdk-go/kv","Test":"FuzzDocument/seed#2","Output":"=== RUN   FuzzDocument/seed#2\n"}
{"Time":"2026-09-28T15:42:07.86995486Z","Action":"output","Package":"git.example.com/infra/openbao-sdk-go/kv","Test":"FuzzDocument/seed#2","Output":"--- PASS: FuzzDocument/seed#2 (0.00s)\n"}
{"Time":"2026-09-28T15:42:07.869965637Z","Action":"pass","Package":"git.example.com/infra/openbao-sdk-go/kv","Test":"FuzzDocument/seed#2","Elapsed":0}
{"Time":"2026-09-28T15:42:07.870004857Z","Action":"run","Package":"git.example.com/infra/openbao-sdk-go/kv","Test":"FuzzDocument/seed#3"}
{"Time":"2026-09-28T15:42:07.870008613Z","Action":"output","Package":"git.example.com/infra/openbao-sdk-go/kv","Test":"FuzzDocument/seed#3","Output":"=== RUN   FuzzDocument/seed#3\n"}
{"Time":"2026-09-28T15:42:07.870354098Z","Action":"output","Package":"git.example.com/infra/openbao-sdk-go/kv","Test":"FuzzDocument/seed#3","Output":"--- PASS: FuzzDocument/seed#3 (0.00s)\n"}
{"Time":"2026-09-28T15:42:07.87036698Z","Action":"pass","Package":"git.example.com/infra/openbao-sdk-go/kv","Test":"FuzzDocument/seed#3","Elapsed":0}
{"Time":"2026-09-28T15:42:07.870395094Z","Action":"run","Package":"git.example.com/infra/openbao-sdk-go/kv","Test":"FuzzDocument/seed#4"}
{"Time":"2026-09-28T15:42:07.87039947Z","Action":"output","Package":"git.example.com/infra/openbao-sdk-go/kv","Test":"FuzzDocument/seed#4","Output":"=== RUN   FuzzDocument/seed#4\n"}
{"Time":"2026-09-28T15:42:07.870468374Z","Action":"output","Package":"git.example.com/infra/openbao-sdk-go/kv","Test":"FuzzDocument/seed#4","Output":"--- PASS: FuzzDocument/seed#4 (0.00s)\n"}
{"Time":"2026-09-28T15:42:07.8704728Z","Action":"pass","Package":"git.example.com/infra/openbao-sdk-go/kv","Test":"FuzzDocument/seed#4","Elapsed":0}
{"Time":"2026-09-28T15:42:07.870500448Z","Action":"run","Package":"git.example.com/infra/openbao-sdk-go/kv","Test":"FuzzDocument/seed#5"}
{"Time":"2026-09-28T15:42:07.870504513Z","Action":"output","Package":"git.example.com/infra/openbao-sdk-go/kv","Test":"FuzzDocument/seed#5","Output":"=== RUN   FuzzDocument/seed#5\n"}
{"Time":"2026-09-28T15:42:07.870642316Z","Action":"output","Package":"git.example.com/infra/openbao-sdk-go/kv","Test":"FuzzDocument/seed#5","Output":"--- PASS: FuzzDocument/seed#5 (0.00s)\n"}
{"Time":"2026-09-28T15:42:07.870649176Z","Action":"pass","Package":"git.example.com/infra/openbao-sdk-go/kv","Test":"FuzzDocument/seed#5","Elapsed":0}
{"Time":"2026-09-28T15:42:07.870657119Z","Action":"run","Package":"git.example.com/infra/openbao-sdk-go/kv","Test":"FuzzDocument/seed#6"}
{"Time":"2026-09-28T15:42:07.870660256Z","Action":"output","Package":"git.example.com/infra/openbao-sdk-go/kv","Test":"FuzzDocument/seed#6","Output":"=== RUN   FuzzDocument/seed#6\n"}
{"Time":"2026-09-28T15:42:07.870778487Z","Action":"output","Package":"git.example.com/infra/openbao-sdk-go/kv","Test":"FuzzDocument/seed#6","Output":"--- PASS: FuzzDocument/seed#6 (0.00s)\n"}
{"Time":"2026-09-28T15:42:07.870783696Z","Action":"pass","Package":"git.example.com/infra/openbao-sdk-go/kv","Test":"FuzzDocument/seed#6","Elapsed":0}
{"Time":"2026-09-28T15:42:07.870823742Z","Action":"output","Package":"git.example.com/infra/openbao-sdk-go/kv","Test":"FuzzDocument","Output":"--- PASS: FuzzDocument (0.00s)\n"}
{"Time":"2026-09-28T15:42:07.870828748Z","Action":"pass","Package":"git.example.com/infra/openbao-sdk-go/kv","Test":"FuzzDocument","Elapsed":0}
{"Time":"2026-09-28T15:42:07.870851729Z","Action":"output","Package":"git.example.com/infra/openbao-sdk-go/kv","Output":"PASS\n"}
{"Time":"2026-09-28T15:42:07.88304153Z","Action":"start","Package":"git.example.com/infra/openbao-sdk-go/pki"}
{"Time":"2026-09-28T15:42:07.883163442Z","Action":"start","Package":"git.example.com/infra/openbao-sdk-go/transit"}
{"Time":"2026-09-28T15:42:07.883173113Z","Action":"output","Package":"git.example.com/infra/openbao-sdk-go/transit","Output":"?   \tgit.example.com/infra/openbao-sdk-go/transit\t[no test files]\n"}
{"Time":"2026-09-28T15:42:07.883551716Z","Action":"skip","Package":"git.example.com/infra/openbao-sdk-go/transit","Elapsed":0}
{"Time":"2026-09-28T15:42:07.89744514Z","Action":"run","Package":"git.example.com/infra/openbao-sdk-go/pki","Test":"TestPKITrustAndLifetime"}
{"Time":"2026-09-28T15:42:07.897466864Z","Action":"output","Package":"git.example.com/infra/openbao-sdk-go/pki","Test":"TestPKITrustAndLifetime","Output":"=== RUN   TestPKITrustAndLifetime\n"}
{"Time":"2026-09-28T15:42:07.912127492Z","Action":"output","Package":"git.example.com/infra/openbao-sdk-go/pki","Test":"TestPKITrustAndLifetime","Output":"--- PASS: TestPKITrustAndLifetime (0.01s)\n"}
{"Time":"2026-09-28T15:42:07.912148753Z","Action":"pass","Package":"git.example.com/infra/openbao-sdk-go/pki","Test":"TestPKITrustAndLifetime","Elapsed":0.01}
{"Time":"2026-09-28T15:42:07.912202977Z","Action":"run","Package":"git.example.com/infra/openbao-sdk-go/pki","Test":"TestPKICSRSignature"}
{"Time":"2026-09-28T15:42:07.912205641Z","Action":"output","Package":"git.example.com/infra/openbao-sdk-go/pki","Test":"TestPKICSRSignature","Output":"=== RUN   TestPKICSRSignature\n"}
{"Time":"2026-09-28T15:42:07.926166074Z","Action":"output","Package":"git.example.com/infra/openbao-sdk-go/pki","Test":"TestPKICSRSignature","Output":"--- PASS: TestPKICSRSignature (0.01s)\n"}
{"Time":"2026-09-28T15:42:07.926207656Z","Action":"pass","Package":"git.example.com/infra/openbao-sdk-go/pki","Test":"TestPKICSRSignature","Elapsed":0.01}
{"Time":"2026-09-28T15:42:07.926213822Z","Action":"run","Package":"git.example.com/infra/openbao-sdk-go/pki","Test":"TestPKIMetadataAndMalformedPolicy"}
{"Time":"2026-09-28T15:42:07.926216684Z","Action":"output","Package":"git.example.com/infra/openbao-sdk-go/pki","Test":"TestPKIMetadataAndMalformedPolicy","Output":"=== RUN   TestPKIMetadataAndMalformedPolicy\n"}
{"Time":"2026-09-28T15:42:07.930564657Z","Action":"output","Package":"git.example.com/infra/openbao-sdk-go/pki","Test":"TestPKIMetadataAndMalformedPolicy","Output":"--- PASS: TestPKIMetadataAndMalformedPolicy (0.01s)\n"}
{"Time":"2026-09-28T15:42:07.930589914Z","Action":"pass","Package":"git.example.com/infra/openbao-sdk-go/pki","Test":"TestPKIMetadataAndMalformedPolicy","Elapsed":0.01}
{"Time":"2026-09-28T15:42:07.930641541Z","Action":"run","Package":"git.example.com/infra/openbao-sdk-go/pki","Test":"FuzzPKICSR"}
{"Time":"2026-09-28T15:42:07.930660476Z","Action":"output","Package":"git.example.com/infra/openbao-sdk-go/pki","Test":"FuzzPKICSR","Output":"=== RUN   FuzzPKICSR\n"}
{"Time":"2026-09-28T15:42:07.930720312Z","Action":"start","Package":"git.example.com/infra/openbao-sdk-go/baoerr"}
{"Time":"2026-09-28T15:42:07.932223198Z","Action":"run","Package":"git.example.com/infra/openbao-sdk-go/pki","Test":"FuzzPKICSR/seed#0"}
{"Time":"2026-09-28T15:42:07.932280958Z","Action":"output","Package":"git.example.com/infra/openbao-sdk-go/pki","Test":"FuzzPKICSR/seed#0","Output":"=== RUN   FuzzPKICSR/seed#0\n"}
{"Time":"2026-09-28T15:42:07.93238514Z","Action":"output","Package":"git.example.com/infra/openbao-sdk-go/pki","Test":"FuzzPKICSR/seed#0","Output":"--- PASS: FuzzPKICSR/seed#0 (0.00s)\n"}
{"Time":"2026-09-28T15:42:07.932391823Z","Action":"pass","Package":"git.example.com/infra/openbao-sdk-go/pki","Test":"FuzzPKICSR/seed#0","Elapsed":0}
{"Time":"2026-09-28T15:42:07.933102306Z","Action":"run","Package":"git.example.com/infra/openbao-sdk-go/pki","Test":"FuzzPKICSR/seed#1"}
{"Time":"2026-09-28T15:42:07.933112018Z","Action":"output","Package":"git.example.com/infra/openbao-sdk-go/pki","Test":"FuzzPKICSR/seed#1","Output":"=== RUN   FuzzPKICSR/seed#1\n"}
{"Time":"2026-09-28T15:42:07.933117601Z","Action":"output","Package":"git.example.com/infra/openbao-sdk-go/pki","Test":"FuzzPKICSR/seed#1","Output":"--- PASS: FuzzPKICSR/seed#1 (0.00s)\n"}
{"Time":"2026-09-28T15:42:07.933120339Z","Action":"pass","Package":"git.example.com/infra/openbao-sdk-go/pki","Test":"FuzzPKICSR/seed#1","Elapsed":0}
{"Time":"2026-09-28T15:42:07.933123828Z","Action":"run","Package":"git.example.com/infra/openbao-sdk-go/pki","Test":"FuzzPKICSR/seed#2"}
{"Time":"2026-09-28T15:42:07.933125523Z","Action":"output","Package":"git.example.com/infra/openbao-sdk-go/pki","Test":"FuzzPKICSR/seed#2","Output":"=== RUN   FuzzPKICSR/seed#2\n"}
{"Time":"2026-09-28T15:42:07.933128014Z","Action":"output","Package":"git.example.com/infra/openbao-sdk-go/pki","Test":"FuzzPKICSR/seed#2","Output":"--- PASS: FuzzPKICSR/seed#2 (0.00s)\n"}
{"Time":"2026-09-28T15:42:07.93313529Z","Action":"pass","Package":"git.example.com/infra/openbao-sdk-go/pki","Test":"FuzzPKICSR/seed#2","Elapsed":0}
{"Time":"2026-09-28T15:42:07.933137912Z","Action":"output","Package":"git.example.com/infra/openbao-sdk-go/pki","Test":"FuzzPKICSR","Output":"--- PASS: FuzzPKICSR (0.00s)\n"}
{"Time":"2026-09-28T15:42:07.933140667Z","Action":"pass","Package":"git.example.com/infra/openbao-sdk-go/pki","Test":"FuzzPKICSR","Elapsed":0}
{"Time":"2026-09-28T15:42:07.933142547Z","Action":"output","Package":"git.example.com/infra/openbao-sdk-go/pki","Output":"PASS\n"}
{"Time":"2026-09-28T15:42:07.942908467Z","Action":"run","Package":"git.example.com/infra/openbao-sdk-go/baoerr","Test":"TestNilUnknownAndAllCodes"}
{"Time":"2026-09-28T15:42:07.942926148Z","Action":"output","Package":"git.example.com/infra/openbao-sdk-go/baoerr","Test":"TestNilUnknownAndAllCodes","Output":"=== RUN   TestNilUnknownAndAllCodes\n"}
{"Time":"2026-09-28T15:42:07.943590517Z","Action":"output","Package":"git.example.com/infra/openbao-sdk-go/baoerr","Test":"TestNilUnknownAndAllCodes","Output":"--- PASS: TestNilUnknownAndAllCodes (0.00s)\n"}
{"Time":"2026-09-28T15:42:07.943597572Z","Action":"pass","Package":"git.example.com/infra/openbao-sdk-go/baoerr","Test":"TestNilUnknownAndAllCodes","Elapsed":0}
{"Time":"2026-09-28T15:42:07.943602727Z","Action":"run","Package":"git.example.com/infra/openbao-sdk-go/baoerr","Test":"TestErrorClassificationAndRedaction"}
{"Time":"2026-09-28T15:42:07.94360602Z","Action":"output","Package":"git.example.com/infra/openbao-sdk-go/baoerr","Test":"TestErrorClassificationAndRedaction","Output":"=== RUN   TestErrorClassificationAndRedaction\n"}
{"Time":"2026-09-28T15:42:07.943790345Z","Action":"output","Package":"git.example.com/infra/openbao-sdk-go/baoerr","Test":"TestErrorClassificationAndRedaction","Output":"--- PASS: TestErrorClassificationAndRedaction (0.00s)\n"}
{"Time":"2026-09-28T15:42:07.943796627Z","Action":"pass","Package":"git.example.com/infra/openbao-sdk-go/baoerr","Test":"TestErrorClassificationAndRedaction","Elapsed":0}
{"Time":"2026-09-28T15:42:07.943801423Z","Action":"output","Package":"git.example.com/infra/openbao-sdk-go/baoerr","Output":"PASS\n"}
{"Time":"2026-09-28T15:42:08.129778462Z","Action":"start","Package":"git.example.com/infra/openbao-sdk-go/sensitive"}
{"Time":"2026-09-28T15:42:08.145634362Z","Action":"run","Package":"git.example.com/infra/openbao-sdk-go/sensitive","Test":"TestSensitiveFormatting"}
{"Time":"2026-09-28T15:42:08.145660567Z","Action":"output","Package":"git.example.com/infra/openbao-sdk-go/sensitive","Test":"TestSensitiveFormatting","Output":"=== RUN   TestSensitiveFormatting\n"}
{"Time":"2026-09-28T15:42:08.145967285Z","Action":"output","Package":"git.example.com/infra/openbao-sdk-go/sensitive","Test":"TestSensitiveFormatting","Output":"--- PASS: TestSensitiveFormatting (0.00s)\n"}
{"Time":"2026-09-28T15:42:08.145972232Z","Action":"pass","Package":"git.example.com/infra/openbao-sdk-go/sensitive","Test":"TestSensitiveFormatting","Elapsed":0}
{"Time":"2026-09-28T15:42:08.145979803Z","Action":"run","Package":"git.example.com/infra/openbao-sdk-go/sensitive","Test":"TestSensitiveCopyAndZero"}
{"Time":"2026-09-28T15:42:08.145981796Z","Action":"output","Package":"git.example.com/infra/openbao-sdk-go/sensitive","Test":"TestSensitiveCopyAndZero","Output":"=== RUN   TestSensitiveCopyAndZero\n"}
{"Time":"2026-09-28T15:42:08.145988888Z","Action":"output","Package":"git.example.com/infra/openbao-sdk-go/sensitive","Test":"TestSensitiveCopyAndZero","Output":"--- PASS: TestSensitiveCopyAndZero (0.00s)\n"}
{"Time":"2026-09-28T15:42:08.146024513Z","Action":"pass","Package":"git.example.com/infra/openbao-sdk-go/sensitive","Test":"TestSensitiveCopyAndZero","Elapsed":0}
{"Time":"2026-09-28T15:42:08.146028464Z","Action":"run","Package":"git.example.com/infra/openbao-sdk-go/sensitive","Test":"TestSensitiveConcurrentRead"}
{"Time":"2026-09-28T15:42:08.146030769Z","Action":"output","Package":"git.example.com/infra/openbao-sdk-go/sensitive","Test":"TestSensitiveConcurrentRead","Output":"=== RUN   TestSensitiveConcurrentRead\n"}
{"Time":"2026-09-28T15:42:08.146368692Z","Action":"run","Package":"git.example.com/infra/openbao-sdk-go/sensitive","Test":"TestSensitiveConcurrentRead/0"}
{"Time":"2026-09-28T15:42:08.14638572Z","Action":"output","Package":"git.example.com/infra/openbao-sdk-go/sensitive","Test":"TestSensitiveConcurrentRead/0","Output":"=== RUN   TestSensitiveConcurrentRead/0\n"}
{"Time":"2026-09-28T15:42:08.14643844Z","Action":"output","Package":"git.example.com/infra/openbao-sdk-go/sensitive","Test":"TestSensitiveConcurrentRead/0","Output":"=== PAUSE TestSensitiveConcurrentRead/0\n"}
{"Time":"2026-09-28T15:42:08.146441315Z","Action":"pause","Package":"git.example.com/infra/openbao-sdk-go/sensitive","Test":"TestSensitiveConcurrentRead/0"}
{"Time":"2026-09-28T15:42:08.146458818Z","Action":"run","Package":"git.example.com/infra/openbao-sdk-go/sensitive","Test":"TestSensitiveConcurrentRead/1"}
{"Time":"2026-09-28T15:42:08.146461319Z","Action":"output","Package":"git.example.com/infra/openbao-sdk-go/sensitive","Test":"TestSensitiveConcurrentRead/1","Output":"=== RUN   TestSensitiveConcurrentRead/1\n"}
{"Time":"2026-09-28T15:42:08.146528244Z","Action":"output","Package":"git.example.com/infra/openbao-sdk-go/sensitive","Test":"TestSensitiveConcurrentRead/1","Output":"=== PAUSE TestSensitiveConcurrentRead/1\n"}
{"Time":"2026-09-28T15:42:08.146531097Z","Action":"pause","Package":"git.example.com/infra/openbao-sdk-go/sensitive","Test":"TestSensitiveConcurrentRead/1"}
{"Time":"2026-09-28T15:42:08.146533649Z","Action":"run","Package":"git.example.com/infra/openbao-sdk-go/sensitive","Test":"TestSensitiveConcurrentRead/2"}
{"Time":"2026-09-28T15:42:08.146535798Z","Action":"output","Package":"git.example.com/infra/openbao-sdk-go/sensitive","Test":"TestSensitiveConcurrentRead/2","Output":"=== RUN   TestSensitiveConcurrentRead/2\n"}
{"Time":"2026-09-28T15:42:08.146557613Z","Action":"output","Package":"git.example.com/infra/openbao-sdk-go/sensitive","Test":"TestSensitiveConcurrentRead/2","Output":"=== PAUSE TestSensitiveConcurrentRead/2\n"}
{"Time":"2026-09-28T15:42:08.146560115Z","Action":"pause","Package":"git.example.com/infra/openbao-sdk-go/sensitive","Test":"TestSensitiveConcurrentRead/2"}
{"Time":"2026-09-28T15:42:08.146579223Z","Action":"run","Package":"git.example.com/infra/openbao-sdk-go/sensitive","Test":"TestSensitiveConcurrentRead/3"}
{"Time":"2026-09-28T15:42:08.146581355Z","Action":"output","Package":"git.example.com/infra/openbao-sdk-go/sensitive","Test":"TestSensitiveConcurrentRead/3","Output":"=== RUN   TestSensitiveConcurrentRead/3\n"}
{"Time":"2026-09-28T15:42:08.146615021Z","Action":"output","Package":"git.example.com/infra/openbao-sdk-go/sensitive","Test":"TestSensitiveConcurrentRead/3","Output":"=== PAUSE TestSensitiveConcurrentRead/3\n"}
{"Time":"2026-09-28T15:42:08.146617329Z","Action":"pause","Package":"git.example.com/infra/openbao-sdk-go/sensitive","Test":"TestSensitiveConcurrentRead/3"}
{"Time":"2026-09-28T15:42:08.146649264Z","Action":"run","Package":"git.example.com/infra/openbao-sdk-go/sensitive","Test":"TestSensitiveConcurrentRead/4"}
{"Time":"2026-09-28T15:42:08.146651604Z","Action":"output","Package":"git.example.com/infra/openbao-sdk-go/sensitive","Test":"TestSensitiveConcurrentRead/4","Output":"=== RUN   TestSensitiveConcurrentRead/4\n"}
{"Time":"2026-09-28T15:42:08.146679872Z","Action":"output","Package":"git.example.com/infra/openbao-sdk-go/sensitive","Test":"TestSensitiveConcurrentRead/4","Output":"=== PAUSE TestSensitiveConcurrentRead/4\n"}
{"Time":"2026-09-28T15:42:08.146682148Z","Action":"pause","Package":"git.example.com/infra/openbao-sdk-go/sensitive","Test":"TestSensitiveConcurrentRead/4"}
{"Time":"2026-09-28T15:42:08.146698879Z","Action":"run","Package":"git.example.com/infra/openbao-sdk-go/sensitive","Test":"TestSensitiveConcurrentRead/5"}
{"Time":"2026-09-28T15:42:08.146701019Z","Action":"output","Package":"git.example.com/infra/openbao-sdk-go/sensitive","Test":"TestSensitiveConcurrentRead/5","Output":"=== RUN   TestSensitiveConcurrentRead/5\n"}
{"Time":"2026-09-28T15:42:08.146731793Z","Action":"output","Package":"git.example.com/infra/openbao-sdk-go/sensitive","Test":"TestSensitiveConcurrentRead/5","Output":"=== PAUSE TestSensitiveConcurrentRead/5\n"}
{"Time":"2026-09-28T15:42:08.146747395Z","Action":"pause","Package":"git.example.com/infra/openbao-sdk-go/sensitive","Test":"TestSensitiveConcurrentRead/5"}
{"Time":"2026-09-28T15:42:08.146768163Z","Action":"run","Package":"git.example.com/infra/openbao-sdk-go/sensitive","Test":"TestSensitiveConcurrentRead/6"}
{"Time":"2026-09-28T15:42:08.146770616Z","Action":"output","Package":"git.example.com/infra/openbao-sdk-go/sensitive","Test":"TestSensitiveConcurrentRead/6","Output":"=== RUN   TestSensitiveConcurrentRead/6\n"}
{"Time":"2026-09-28T15:42:08.147882308Z","Action":"output","Package":"git.example.com/infra/openbao-sdk-go/sensitive","Test":"TestSensitiveConcurrentRead/6","Output":"=== PAUSE TestSensitiveConcurrentRead/6\n"}
{"Time":"2026-09-28T15:42:08.147894156Z","Action":"pause","Package":"git.example.com/infra/openbao-sdk-go/sensitive","Test":"TestSensitiveConcurrentRead/6"}
{"Time":"2026-09-28T15:42:08.147897217Z","Action":"run","Package":"git.example.com/infra/openbao-sdk-go/sensitive","Test":"TestSensitiveConcurrentRead/7"}
{"Time":"2026-09-28T15:42:08.147901313Z","Action":"output","Package":"git.example.com/infra/openbao-sdk-go/sensitive","Test":"TestSensitiveConcurrentRead/7","Output":"=== RUN   TestSensitiveConcurrentRead/7\n"}
{"Time":"2026-09-28T15:42:08.147904177Z","Action":"output","Package":"git.example.com/infra/openbao-sdk-go/sensitive","Test":"TestSensitiveConcurrentRead/7","Output":"=== PAUSE TestSensitiveConcurrentRead/7\n"}
{"Time":"2026-09-28T15:42:08.147907208Z","Action":"pause","Package":"git.example.com/infra/openbao-sdk-go/sensitive","Test":"TestSensitiveConcurrentRead/7"}
{"Time":"2026-09-28T15:42:08.147909284Z","Action":"run","Package":"git.example.com/infra/openbao-sdk-go/sensitive","Test":"TestSensitiveConcurrentRead/8"}
{"Time":"2026-09-28T15:42:08.147911025Z","Action":"output","Package":"git.example.com/infra/openbao-sdk-go/sensitive","Test":"TestSensitiveConcurrentRead/8","Output":"=== RUN   TestSensitiveConcurrentRead/8\n"}
{"Time":"2026-09-28T15:42:08.14791306Z","Action":"output","Package":"git.example.com/infra/openbao-sdk-go/sensitive","Test":"TestSensitiveConcurrentRead/8","Output":"=== PAUSE TestSensitiveConcurrentRead/8\n"}
{"Time":"2026-09-28T15:42:08.147914595Z","Action":"pause","Package":"git.example.com/infra/openbao-sdk-go/sensitive","Test":"TestSensitiveConcurrentRead/8"}
{"Time":"2026-09-28T15:42:08.147916457Z","Action":"run","Package":"git.example.com/infra/openbao-sdk-go/sensitive","Test":"TestSensitiveConcurrentRead/9"}
{"Time":"2026-09-28T15:42:08.147918063Z","Action":"output","Package":"git.example.com/infra/openbao-sdk-go/sensitive","Test":"TestSensitiveConcurrentRead/9","Output":"=== RUN   TestSensitiveConcurrentRead/9\n"}
{"Time":"2026-09-28T15:42:08.147920143Z","Action":"output","Package":"git.example.com/infra/openbao-sdk-go/sensitive","Test":"TestSensitiveConcurrentRead/9","Output":"=== PAUSE TestSensitiveConcurrentRead/9\n"}
{"Time":"2026-09-28T15:42:08.147921626Z","Action":"pause","Package":"git.example.com/infra/openbao-sdk-go/sensitive","Test":"TestSensitiveConcurrentRead/9"}
{"Time":"2026-09-28T15:42:08.147923699Z","Action":"run","Package":"git.example.com/infra/openbao-sdk-go/sensitive","Test":"TestSensitiveConcurrentRead/10"}
{"Time":"2026-09-28T15:42:08.147925387Z","Action":"output","Package":"git.example.com/infra/openbao-sdk-go/sensitive","Test":"TestSensitiveConcurrentRead/10","Output":"=== RUN   TestSensitiveConcurrentRead/10\n"}
{"Time":"2026-09-28T15:42:08.147927524Z","Action":"output","Package":"git.example.com/infra/openbao-sdk-go/sensitive","Test":"TestSensitiveConcurrentRead/10","Output":"=== PAUSE TestSensitiveConcurrentRead/10\n"}
{"Time":"2026-09-28T15:42:08.147930456Z","Action":"pause","Package":"git.example.com/infra/openbao-sdk-go/sensitive","Test":"TestSensitiveConcurrentRead/10"}
{"Time":"2026-09-28T15:42:08.147932403Z","Action":"run","Package":"git.example.com/infra/openbao-sdk-go/sensitive","Test":"TestSensitiveConcurrentRead/11"}
{"Time":"2026-09-28T15:42:08.147937569Z","Action":"output","Package":"git.example.com/infra/openbao-sdk-go/sensitive","Test":"TestSensitiveConcurrentRead/11","Output":"=== RUN   TestSensitiveConcurrentRead/11\n"}
{"Time":"2026-09-28T15:42:08.147939688Z","Action":"output","Package":"git.example.com/infra/openbao-sdk-go/sensitive","Test":"TestSensitiveConcurrentRead/11","Output":"=== PAUSE TestSensitiveConcurrentRead/11\n"}
{"Time":"2026-09-28T15:42:08.147941319Z","Action":"pause","Package":"git.example.com/infra/openbao-sdk-go/sensitive","Test":"TestSensitiveConcurrentRead/11"}
{"Time":"2026-09-28T15:42:08.148044932Z","Action":"run","Package":"git.example.com/infra/openbao-sdk-go/sensitive","Test":"TestSensitiveConcurrentRead/12"}
{"Time":"2026-09-28T15:42:08.148052395Z","Action":"output","Package":"git.example.com/infra/openbao-sdk-go/sensitive","Test":"TestSensitiveConcurrentRead/12","Output":"=== RUN   TestSensitiveConcurrentRead/12\n"}
{"Time":"2026-09-28T15:42:08.148055212Z","Action":"output","Package":"git.example.com/infra/openbao-sdk-go/sensitive","Test":"TestSensitiveConcurrentRead/12","Output":"=== PAUSE TestSensitiveConcurrentRead/12\n"}
{"Time":"2026-09-28T15:42:08.148056778Z","Action":"pause","Package":"git.example.com/infra/openbao-sdk-go/sensitive","Test":"TestSensitiveConcurrentRead/12"}
{"Time":"2026-09-28T15:42:08.148058974Z","Action":"run","Package":"git.example.com/infra/openbao-sdk-go/sensitive","Test":"TestSensitiveConcurrentRead/13"}
{"Time":"2026-09-28T15:42:08.148060757Z","Action":"output","Package":"git.example.com/infra/openbao-sdk-go/sensitive","Test":"TestSensitiveConcurrentRead/13","Output":"=== RUN   TestSensitiveConcurrentRead/13\n"}
{"Time":"2026-09-28T15:42:08.148063032Z","Action":"output","Package":"git.example.com/infra/openbao-sdk-go/sensitive","Test":"TestSensitiveConcurrentRead/13","Output":"=== PAUSE TestSensitiveConcurrentRead/13\n"}
{"Time":"2026-09-28T15:42:08.148064604Z","Action":"pause","Package":"git.example.com/infra/openbao-sdk-go/sensitive","Test":"TestSensitiveConcurrentRead/13"}
{"Time":"2026-09-28T15:42:08.148066682Z","Action":"run","Package":"git.example.com/infra/openbao-sdk-go/sensitive","Test":"TestSensitiveConcurrentRead/14"}
{"Time":"2026-09-28T15:42:08.148068294Z","Action":"output","Package":"git.example.com/infra/openbao-sdk-go/sensitive","Test":"TestSensitiveConcurrentRead/14","Output":"=== RUN   TestSensitiveConcurrentRead/14\n"}
{"Time":"2026-09-28T15:42:08.148070407Z","Action":"output","Package":"git.example.com/infra/openbao-sdk-go/sensitive","Test":"TestSensitiveConcurrentRead/14","Output":"=== PAUSE TestSensitiveConcurrentRead/14\n"}
{"Time":"2026-09-28T15:42:08.148071965Z","Action":"pause","Package":"git.example.com/infra/openbao-sdk-go/sensitive","Test":"TestSensitiveConcurrentRead/14"}
{"Time":"2026-09-28T15:42:08.148074018Z","Action":"run","Package":"git.example.com/infra/openbao-sdk-go/sensitive","Test":"TestSensitiveConcurrentRead/15"}
{"Time":"2026-09-28T15:42:08.148082029Z","Action":"output","Package":"git.example.com/infra/openbao-sdk-go/sensitive","Test":"TestSensitiveConcurrentRead/15","Output":"=== RUN   TestSensitiveConcurrentRead/15\n"}
{"Time":"2026-09-28T15:42:08.148084264Z","Action":"output","Package":"git.example.com/infra/openbao-sdk-go/sensitive","Test":"TestSensitiveConcurrentRead/15","Output":"=== PAUSE TestSensitiveConcurrentRead/15\n"}
{"Time":"2026-09-28T15:42:08.148085763Z","Action":"pause","Package":"git.example.com/infra/openbao-sdk-go/sensitive","Test":"TestSensitiveConcurrentRead/15"}
{"Time":"2026-09-28T15:42:08.148087843Z","Action":"run","Package":"git.example.com/infra/openbao-sdk-go/sensitive","Test":"TestSensitiveConcurrentRead/16"}
{"Time":"2026-09-28T15:42:08.148089425Z","Action":"output","Package":"git.example.com/infra/openbao-sdk-go/sensitive","Test":"TestSensitiveConcurrentRead/16","Output":"=== RUN   TestSensitiveConcurrentRead/16\n"}
{"Time":"2026-09-28T15:42:08.148091462Z","Action":"output","Package":"git.example.com/infra/openbao-sdk-go/sensitive","Test":"TestSensitiveConcurrentRead/16","Output":"=== PAUSE TestSensitiveConcurrentRead/16\n"}
{"Time":"2026-09-28T15:42:08.148098154Z","Action":"pause","Package":"git.example.com/infra/openbao-sdk-go/sensitive","Test":"TestSensitiveConcurrentRead/16"}
{"Time":"2026-09-28T15:42:08.148104569Z","Action":"run","Package":"git.example.com/infra/openbao-sdk-go/sensitive","Test":"TestSensitiveConcurrentRead/17"}
{"Time":"2026-09-28T15:42:08.148106784Z","Action":"output","Package":"git.example.com/infra/openbao-sdk-go/sensitive","Test":"TestSensitiveConcurrentRead/17","Output":"=== RUN   TestSensitiveConcurrentRead/17\n"}
{"Time":"2026-09-28T15:42:08.148109038Z","Action":"output","Package":"git.example.com/infra/openbao-sdk-go/sensitive","Test":"TestSensitiveConcurrentRead/17","Output":"=== PAUSE TestSensitiveConcurrentRead/17\n"}
{"Time":"2026-09-28T15:42:08.14811076Z","Action":"pause","Package":"git.example.com/infra/openbao-sdk-go/sensitive","Test":"TestSensitiveConcurrentRead/17"}
{"Time":"2026-09-28T15:42:08.148112953Z","Action":"run","Package":"git.example.com/infra/openbao-sdk-go/sensitive","Test":"TestSensitiveConcurrentRead/18"}
{"Time":"2026-09-28T15:42:08.148114769Z","Action":"output","Package":"git.example.com/infra/openbao-sdk-go/sensitive","Test":"TestSensitiveConcurrentRead/18","Output":"=== RUN   TestSensitiveConcurrentRead/18\n"}
{"Time":"2026-09-28T15:42:08.148117116Z","Action":"output","Package":"git.example.com/infra/openbao-sdk-go/sensitive","Test":"TestSensitiveConcurrentRead/18","Output":"=== PAUSE TestSensitiveConcurrentRead/18\n"}
{"Time":"2026-09-28T15:42:08.14811884Z","Action":"pause","Package":"git.example.com/infra/openbao-sdk-go/sensitive","Test":"TestSensitiveConcurrentRead/18"}
{"Time":"2026-09-28T15:42:08.148120893Z","Action":"run","Package":"git.example.com/infra/openbao-sdk-go/sensitive","Test":"TestSensitiveConcurrentRead/19"}
{"Time":"2026-09-28T15:42:08.148122682Z","Action":"output","Package":"git.example.com/infra/openbao-sdk-go/sensitive","Test":"TestSensitiveConcurrentRead/19","Output":"=== RUN   TestSensitiveConcurrentRead/19\n"}
{"Time":"2026-09-28T15:42:08.148124822Z","Action":"output","Package":"git.example.com/infra/openbao-sdk-go/sensitive","Test":"TestSensitiveConcurrentRead/19","Output":"=== PAUSE TestSensitiveConcurrentRead/19\n"}
{"Time":"2026-09-28T15:42:08.148126327Z","Action":"pause","Package":"git.example.com/infra/openbao-sdk-go/sensitive","Test":"TestSensitiveConcurrentRead/19"}
{"Time":"2026-09-28T15:42:08.148128436Z","Action":"cont","Package":"git.example.com/infra/openbao-sdk-go/sensitive","Test":"TestSensitiveConcurrentRead/3"}
{"Time":"2026-09-28T15:42:08.148131374Z","Action":"output","Package":"git.example.com/infra/openbao-sdk-go/sensitive","Test":"TestSensitiveConcurrentRead/3","Output":"=== CONT  TestSensitiveConcurrentRead/3\n"}
{"Time":"2026-09-28T15:42:08.148134966Z","Action":"output","Package":"git.example.com/infra/openbao-sdk-go/sensitive","Test":"TestSensitiveConcurrentRead/3","Output":"--- PASS: TestSensitiveConcurrentRead/3 (0.00s)\n"}
{"Time":"2026-09-28T15:42:08.148137233Z","Action":"pass","Package":"git.example.com/infra/openbao-sdk-go/sensitive","Test":"TestSensitiveConcurrentRead/3","Elapsed":0}
{"Time":"2026-09-28T15:42:08.148140364Z","Action":"cont","Package":"git.example.com/infra/openbao-sdk-go/sensitive","Test":"TestSensitiveConcurrentRead/8"}
{"Time":"2026-09-28T15:42:08.14814216Z","Action":"output","Package":"git.example.com/infra/openbao-sdk-go/sensitive","Test":"TestSensitiveConcurrentRead/8","Output":"=== CONT  TestSensitiveConcurrentRead/8\n"}
{"Time":"2026-09-28T15:42:08.148144034Z","Action":"cont","Package":"git.example.com/infra/openbao-sdk-go/sensitive","Test":"TestSensitiveConcurrentRead/10"}
{"Time":"2026-09-28T15:42:08.148145579Z","Action":"output","Package":"git.example.com/infra/openbao-sdk-go/sensitive","Test":"TestSensitiveConcurrentRead/10","Output":"=== CONT  TestSensitiveConcurrentRead/10\n"}
{"Time":"2026-09-28T15:42:08.148153018Z","Action":"output","Package":"git.example.com/infra/openbao-sdk-go/sensitive","Test":"TestSensitiveConcurrentRead/8","Output":"--- PASS: TestSensitiveConcurrentRead/8 (0.00s)\n"}
{"Time":"2026-09-28T15:42:08.148156686Z","Action":"pass","Package":"git.example.com/infra/openbao-sdk-go/sensitive","Test":"TestSensitiveConcurrentRead/8","Elapsed":0}
{"Time":"2026-09-28T15:42:08.148158367Z","Action":"cont","Package":"git.example.com/infra/openbao-sdk-go/sensitive","Test":"TestSensitiveConcurrentRead/4"}
{"Time":"2026-09-28T15:42:08.148159971Z","Action":"output","Package":"git.example.com/infra/openbao-sdk-go/sensitive","Test":"TestSensitiveConcurrentRead/4","Output":"=== CONT  TestSensitiveConcurrentRead/4\n"}
{"Time":"2026-09-28T15:42:08.148161862Z","Action":"cont","Package":"git.example.com/infra/openbao-sdk-go/sensitive","Test":"TestSensitiveConcurrentRead/9"}
{"Time":"2026-09-28T15:42:08.148163462Z","Action":"output","Package":"git.example.com/infra/openbao-sdk-go/sensitive","Test":"TestSensitiveConcurrentRead/9","Output":"=== CONT  TestSensitiveConcurrentRead/9\n"}
{"Time":"2026-09-28T15:42:08.14849293Z","Action":"cont","Package":"git.example.com/infra/openbao-sdk-go/sensitive","Test":"TestSensitiveConcurrentRead/6"}
{"Time":"2026-09-28T15:42:08.148496681Z","Action":"output","Package":"git.example.com/infra/openbao-sdk-go/sensitive","Test":"TestSensitiveConcurrentRead/6","Output":"=== CONT  TestSensitiveConcurrentRead/6\n"}
{"Time":"2026-09-28T15:42:08.148515129Z","Action":"cont","Package":"git.example.com/infra/openbao-sdk-go/sensitive","Test":"TestSensitiveConcurrentRead/0"}
{"Time":"2026-09-28T15:42:08.148517258Z","Action":"output","Package":"git.example.com/infra/openbao-sdk-go/sensitive","Test":"TestSensitiveConcurrentRead/0","Output":"=== CONT  TestSensitiveConcurrentRead/0\n"}
{"Time":"2026-09-28T15:42:08.148519223Z","Action":"cont","Package":"git.example.com/infra/openbao-sdk-go/sensitive","Test":"TestSensitiveConcurrentRead/18"}
{"Time":"2026-09-28T15:42:08.148521055Z","Action":"output","Package":"git.example.com/infra/openbao-sdk-go/sensitive","Test":"TestSensitiveConcurrentRead/18","Output":"=== CONT  TestSensitiveConcurrentRead/18\n"}
{"Time":"2026-09-28T15:42:08.148525746Z","Action":"cont","Package":"git.example.com/infra/openbao-sdk-go/sensitive","Test":"TestSensitiveConcurrentRead/1"}
{"Time":"2026-09-28T15:42:08.148527766Z","Action":"output","Package":"git.example.com/infra/openbao-sdk-go/sensitive","Test":"TestSensitiveConcurrentRead/1","Output":"=== CONT  TestSensitiveConcurrentRead/1\n"}
{"Time":"2026-09-28T15:42:08.148684859Z","Action":"cont","Package":"git.example.com/infra/openbao-sdk-go/sensitive","Test":"TestSensitiveConcurrentRead/12"}
{"Time":"2026-09-28T15:42:08.148687638Z","Action":"output","Package":"git.example.com/infra/openbao-sdk-go/sensitive","Test":"TestSensitiveConcurrentRead/12","Output":"=== CONT  TestSensitiveConcurrentRead/12\n"}
{"Time":"2026-09-28T15:42:08.148692939Z","Action":"cont","Package":"git.example.com/infra/openbao-sdk-go/sensitive","Test":"TestSensitiveConcurrentRead/15"}
{"Time":"2026-09-28T15:42:08.14869509Z","Action":"output","Package":"git.example.com/infra/openbao-sdk-go/sensitive","Test":"TestSensitiveConcurrentRead/15","Output":"=== CONT  TestSensitiveConcurrentRead/15\n"}
{"Time":"2026-09-28T15:42:08.148697621Z","Action":"cont","Package":"git.example.com/infra/openbao-sdk-go/sensitive","Test":"TestSensitiveConcurrentRead/7"}
{"Time":"2026-09-28T15:42:08.148699563Z","Action":"output","Package":"git.example.com/infra/openbao-sdk-go/sensitive","Test":"TestSensitiveConcurrentRead/7","Output":"=== CONT  TestSensitiveConcurrentRead/7\n"}
{"Time":"2026-09-28T15:42:08.148702824Z","Action":"cont","Package":"git.example.com/infra/openbao-sdk-go/sensitive","Test":"TestSensitiveConcurrentRead/13"}
{"Time":"2026-09-28T15:42:08.148704569Z","Action":"output","Package":"git.example.com/infra/openbao-sdk-go/sensitive","Test":"TestSensitiveConcurrentRead/13","Output":"=== CONT  TestSensitiveConcurrentRead/13\n"}
{"Time":"2026-09-28T15:42:08.14879298Z","Action":"cont","Package":"git.example.com/infra/openbao-sdk-go/sensitive","Test":"TestSensitiveConcurrentRead/16"}
{"Time":"2026-09-28T15:42:08.148797196Z","Action":"output","Package":"git.example.com/infra/openbao-sdk-go/sensitive","Test":"TestSensitiveConcurrentRead/16","Output":"=== CONT  TestSensitiveConcurrentRead/16\n"}
{"Time":"2026-09-28T15:42:08.148799498Z","Action":"cont","Package":"git.example.com/infra/openbao-sdk-go/sensitive","Test":"TestSensitiveConcurrentRead/19"}
{"Time":"2026-09-28T15:42:08.148801346Z","Action":"output","Package":"git.example.com/infra/openbao-sdk-go/sensitive","Test":"TestSensitiveConcurrentRead/19","Output":"=== CONT  TestSensitiveConcurrentRead/19\n"}
{"Time":"2026-09-28T15:42:08.148910402Z","Action":"cont","Package":"git.example.com/infra/openbao-sdk-go/sensitive","Test":"TestSensitiveConcurrentRead/14"}
{"Time":"2026-09-28T15:42:08.148938409Z","Action":"output","Package":"git.example.com/infra/openbao-sdk-go/sensitive","Test":"TestSensitiveConcurrentRead/14","Output":"=== CONT  TestSensitiveConcurrentRead/14\n"}
{"Time":"2026-09-28T15:42:08.148944741Z","Action":"cont","Package":"git.example.com/infra/openbao-sdk-go/sensitive","Test":"TestSensitiveConcurrentRead/11"}
{"Time":"2026-09-28T15:42:08.148948197Z","Action":"output","Package":"git.example.com/infra/openbao-sdk-go/sensitive","Test":"TestSensitiveConcurrentRead/11","Output":"=== CONT  TestSensitiveConcurrentRead/11\n"}
{"Time":"2026-09-28T15:42:08.148953364Z","Action":"cont","Package":"git.example.com/infra/openbao-sdk-go/sensitive","Test":"TestSensitiveConcurrentRead/5"}
{"Time":"2026-09-28T15:42:08.148956594Z","Action":"output","Package":"git.example.com/infra/openbao-sdk-go/sensitive","Test":"TestSensitiveConcurrentRead/5","Output":"=== CONT  TestSensitiveConcurrentRead/5\n"}
{"Time":"2026-09-28T15:42:08.148960292Z","Action":"cont","Package":"git.example.com/infra/openbao-sdk-go/sensitive","Test":"TestSensitiveConcurrentRead/17"}
{"Time":"2026-09-28T15:42:08.14896368Z","Action":"output","Package":"git.example.com/infra/openbao-sdk-go/sensitive","Test":"TestSensitiveConcurrentRead/17","Output":"=== CONT  TestSensitiveConcurrentRead/17\n"}
{"Time":"2026-09-28T15:42:08.149121882Z","Action":"output","Package":"git.example.com/infra/openbao-sdk-go/sensitive","Test":"TestSensitiveConcurrentRead/4","Output":"--- PASS: TestSensitiveConcurrentRead/4 (0.00s)\n"}
{"Time":"2026-09-28T15:42:08.149126271Z","Action":"pass","Package":"git.example.com/infra/openbao-sdk-go/sensitive","Test":"TestSensitiveConcurrentRead/4","Elapsed":0}
{"Time":"2026-09-28T15:42:08.149130841Z","Action":"output","Package":"git.example.com/infra/openbao-sdk-go/sensitive","Test":"TestSensitiveConcurrentRead/10","Output":"--- PASS: TestSensitiveConcurrentRead/10 (0.00s)\n"}
{"Time":"2026-09-28T15:42:08.14913438Z","Action":"pass","Package":"git.example.com/infra/openbao-sdk-go/sensitive","Test":"TestSensitiveConcurrentRead/10","Elapsed":0}
{"Time":"2026-09-28T15:42:08.14913731Z","Action":"output","Package":"git.example.com/infra/openbao-sdk-go/sensitive","Test":"TestSensitiveConcurrentRead/9","Output":"--- PASS: TestSensitiveConcurrentRead/9 (0.00s)\n"}
{"Time":"2026-09-28T15:42:08.149141821Z","Action":"pass","Package":"git.example.com/infra/openbao-sdk-go/sensitive","Test":"TestSensitiveConcurrentRead/9","Elapsed":0}
{"Time":"2026-09-28T15:42:08.14914427Z","Action":"cont","Package":"git.example.com/infra/openbao-sdk-go/sensitive","Test":"TestSensitiveConcurrentRead/2"}
{"Time":"2026-09-28T15:42:08.149147149Z","Action":"output","Package":"git.example.com/infra/openbao-sdk-go/sensitive","Test":"TestSensitiveConcurrentRead/2","Output":"=== CONT  TestSensitiveConcurrentRead/2\n"}
{"Time":"2026-09-28T15:42:08.149238511Z","Action":"output","Package":"git.example.com/infra/openbao-sdk-go/sensitive","Test":"TestSensitiveConcurrentRead/2","Output":"--- PASS: TestSensitiveConcurrentRead/2 (0.00s)\n"}
{"Time":"2026-09-28T15:42:08.149245682Z","Action":"pass","Package":"git.example.com/infra/openbao-sdk-go/sensitive","Test":"TestSensitiveConcurrentRead/2","Elapsed":0}
{"Time":"2026-09-28T15:42:08.149248836Z","Action":"output","Package":"git.example.com/infra/openbao-sdk-go/sensitive","Test":"TestSensitiveConcurrentRead/6","Output":"--- PASS: TestSensitiveConcurrentRead/6 (0.00s)\n"}
{"Time":"2026-09-28T15:42:08.149253832Z","Action":"pass","Package":"git.example.com/infra/openbao-sdk-go/sensitive","Test":"TestSensitiveConcurrentRead/6","Elapsed":0}
{"Time":"2026-09-28T15:42:08.14925615Z","Action":"output","Package":"git.example.com/infra/openbao-sdk-go/sensitive","Test":"TestSensitiveConcurrentRead/0","Output":"--- PASS: TestSensitiveConcurrentRead/0 (0.00s)\n"}
{"Time":"2026-09-28T15:42:08.149258894Z","Action":"pass","Package":"git.example.com/infra/openbao-sdk-go/sensitive","Test":"TestSensitiveConcurrentRead/0","Elapsed":0}
{"Time":"2026-09-28T15:42:08.149261052Z","Action":"output","Package":"git.example.com/infra/openbao-sdk-go/sensitive","Test":"TestSensitiveConcurrentRead/18","Output":"--- PASS: TestSensitiveConcurrentRead/18 (0.00s)\n"}
{"Time":"2026-09-28T15:42:08.149264241Z","Action":"pass","Package":"git.example.com/infra/openbao-sdk-go/sensitive","Test":"TestSensitiveConcurrentRead/18","Elapsed":0}
{"Time":"2026-09-28T15:42:08.149267971Z","Action":"output","Package":"git.example.com/infra/openbao-sdk-go/sensitive","Test":"TestSensitiveConcurrentRead/1","Output":"--- PASS: TestSensitiveConcurrentRead/1 (0.00s)\n"}
{"Time":"2026-09-28T15:42:08.149272778Z","Action":"pass","Package":"git.example.com/infra/openbao-sdk-go/sensitive","Test":"TestSensitiveConcurrentRead/1","Elapsed":0}
{"Time":"2026-09-28T15:42:08.149275039Z","Action":"output","Package":"git.example.com/infra/openbao-sdk-go/sensitive","Test":"TestSensitiveConcurrentRead/12","Output":"--- PASS: TestSensitiveConcurrentRead/12 (0.00s)\n"}
{"Time":"2026-09-28T15:42:08.149277042Z","Action":"pass","Package":"git.example.com/infra/openbao-sdk-go/sensitive","Test":"TestSensitiveConcurrentRead/12","Elapsed":0}
{"Time":"2026-09-28T15:42:08.149278789Z","Action":"output","Package":"git.example.com/infra/openbao-sdk-go/sensitive","Test":"TestSensitiveConcurrentRead/15","Output":"--- PASS: TestSensitiveConcurrentRead/15 (0.00s)\n"}
{"Time":"2026-09-28T15:42:08.149282235Z","Action":"pass","Package":"git.example.com/infra/openbao-sdk-go/sensitive","Test":"TestSensitiveConcurrentRead/15","Elapsed":0}
{"Time":"2026-09-28T15:42:08.149284077Z","Action":"output","Package":"git.example.com/infra/openbao-sdk-go/sensitive","Test":"TestSensitiveConcurrentRead/7","Output":"--- PASS: TestSensitiveConcurrentRead/7 (0.00s)\n"}
{"Time":"2026-09-28T15:42:08.149287295Z","Action":"pass","Package":"git.example.com/infra/openbao-sdk-go/sensitive","Test":"TestSensitiveConcurrentRead/7","Elapsed":0}
{"Time":"2026-09-28T15:42:08.14928894Z","Action":"output","Package":"git.example.com/infra/openbao-sdk-go/sensitive","Test":"TestSensitiveConcurrentRead/13","Output":"--- PASS: TestSensitiveConcurrentRead/13 (0.00s)\n"}
{"Time":"2026-09-28T15:42:08.149416734Z","Action":"pass","Package":"git.example.com/infra/openbao-sdk-go/sensitive","Test":"TestSensitiveConcurrentRead/13","Elapsed":0}
{"Time":"2026-09-28T15:42:08.149418628Z","Action":"output","Package":"git.example.com/infra/openbao-sdk-go/sensitive","Test":"TestSensitiveConcurrentRead/16","Output":"--- PASS: TestSensitiveConcurrentRead/16 (0.00s)\n"}
{"Time":"2026-09-28T15:42:08.14942066Z","Action":"pass","Package":"git.example.com/infra/openbao-sdk-go/sensitive","Test":"TestSensitiveConcurrentRead/16","Elapsed":0}
{"Time":"2026-09-28T15:42:08.149422445Z","Action":"output","Package":"git.example.com/infra/openbao-sdk-go/sensitive","Test":"TestSensitiveConcurrentRead/19","Output":"--- PASS: TestSensitiveConcurrentRead/19 (0.00s)\n"}
{"Time":"2026-09-28T15:42:08.149424738Z","Action":"pass","Package":"git.example.com/infra/openbao-sdk-go/sensitive","Test":"TestSensitiveConcurrentRead/19","Elapsed":0}
{"Time":"2026-09-28T15:42:08.149426702Z","Action":"output","Package":"git.example.com/infra/openbao-sdk-go/sensitive","Test":"TestSensitiveConcurrentRead/14","Output":"--- PASS: TestSensitiveConcurrentRead/14 (0.00s)\n"}
{"Time":"2026-09-28T15:42:08.149429105Z","Action":"pass","Package":"git.example.com/infra/openbao-sdk-go/sensitive","Test":"TestSensitiveConcurrentRead/14","Elapsed":0}
{"Time":"2026-09-28T15:42:08.149432342Z","Action":"output","Package":"git.example.com/infra/openbao-sdk-go/sensitive","Test":"TestSensitiveConcurrentRead/11","Output":"--- PASS: TestSensitiveConcurrentRead/11 (0.00s)\n"}
{"Time":"2026-09-28T15:42:08.149437204Z","Action":"pass","Package":"git.example.com/infra/openbao-sdk-go/sensitive","Test":"TestSensitiveConcurrentRead/11","Elapsed":0}
{"Time":"2026-09-28T15:42:08.149439127Z","Action":"output","Package":"git.example.com/infra/openbao-sdk-go/sensitive","Test":"TestSensitiveConcurrentRead/5","Output":"--- PASS: TestSensitiveConcurrentRead/5 (0.00s)\n"}
{"Time":"2026-09-28T15:42:08.149441705Z","Action":"pass","Package":"git.example.com/infra/openbao-sdk-go/sensitive","Test":"TestSensitiveConcurrentRead/5","Elapsed":0}
{"Time":"2026-09-28T15:42:08.149445341Z","Action":"output","Package":"git.example.com/infra/openbao-sdk-go/sensitive","Test":"TestSensitiveConcurrentRead/17","Output":"--- PASS: TestSensitiveConcurrentRead/17 (0.00s)\n"}
{"Time":"2026-09-28T15:42:08.149447573Z","Action":"pass","Package":"git.example.com/infra/openbao-sdk-go/sensitive","Test":"TestSensitiveConcurrentRead/17","Elapsed":0}
{"Time":"2026-09-28T15:42:08.149449225Z","Action":"output","Package":"git.example.com/infra/openbao-sdk-go/sensitive","Test":"TestSensitiveConcurrentRead","Output":"--- PASS: TestSensitiveConcurrentRead (0.00s)\n"}
{"Time":"2026-09-28T15:42:08.149452395Z","Action":"pass","Package":"git.example.com/infra/openbao-sdk-go/sensitive","Test":"TestSensitiveConcurrentRead","Elapsed":0}
{"Time":"2026-09-28T15:42:08.149454229Z","Action":"output","Package":"git.example.com/infra/openbao-sdk-go/sensitive","Output":"PASS\n"}
{"Time":"2026-09-28T15:42:08.862573625Z","Action":"output","Package":"git.example.com/infra/openbao-sdk-go/auth","Output":"ok  \tgit.example.com/infra/openbao-sdk-go/auth\t1.029s\n"}
{"Time":"2026-09-28T15:42:08.862714532Z","Action":"pass","Package":"git.example.com/infra/openbao-sdk-go/auth","Elapsed":1.03}
{"Time":"2026-09-28T15:42:08.8717613Z","Action":"start","Package":"git.example.com/infra/openbao-sdk-go/diagnostics"}
{"Time":"2026-09-28T15:42:08.871778748Z","Action":"output","Package":"git.example.com/infra/openbao-sdk-go/diagnostics","Output":"?   \tgit.example.com/infra/openbao-sdk-go/diagnostics\t[no test files]\n"}
{"Time":"2026-09-28T15:42:08.871784515Z","Action":"skip","Package":"git.example.com/infra/openbao-sdk-go/diagnostics","Elapsed":0}
{"Time":"2026-09-28T15:42:08.872722865Z","Action":"output","Package":"git.example.com/infra/openbao-sdk-go/kv","Output":"ok  \tgit.example.com/infra/openbao-sdk-go/kv\t1.031s\n"}
{"Time":"2026-09-28T15:42:08.872755605Z","Action":"pass","Package":"git.example.com/infra/openbao-sdk-go/kv","Elapsed":1.032}
{"Time":"2026-09-28T15:42:08.881964334Z","Action":"start","Package":"git.example.com/infra/openbao-sdk-go/observe"}
{"Time":"2026-09-28T15:42:08.881983193Z","Action":"output","Package":"git.example.com/infra/openbao-sdk-go/observe","Output":"?   \tgit.example.com/infra/openbao-sdk-go/observe\t[no test files]\n"}
{"Time":"2026-09-28T15:42:08.881991011Z","Action":"skip","Package":"git.example.com/infra/openbao-sdk-go/observe","Elapsed":0}
{"Time":"2026-09-28T15:42:08.938338651Z","Action":"output","Package":"git.example.com/infra/openbao-sdk-go/pki","Output":"ok  \tgit.example.com/infra/openbao-sdk-go/pki\t1.055s\n"}
{"Time":"2026-09-28T15:42:08.93850249Z","Action":"pass","Package":"git.example.com/infra/openbao-sdk-go/pki","Elapsed":1.055}
{"Time":"2026-09-28T15:42:08.948334485Z","Action":"output","Package":"git.example.com/infra/openbao-sdk-go/baoerr","Output":"ok  \tgit.example.com/infra/openbao-sdk-go/baoerr\t1.018s\n"}
{"Time":"2026-09-28T15:42:08.948362179Z","Action":"pass","Package":"git.example.com/infra/openbao-sdk-go/baoerr","Elapsed":1.018}
{"Time":"2026-09-28T15:42:09.158580167Z","Action":"output","Package":"git.example.com/infra/openbao-sdk-go/sensitive","Output":"ok  \tgit.example.com/infra/openbao-sdk-go/sensitive\t1.029s\n"}
{"Time":"2026-09-28T15:42:09.158693028Z","Action":"pass","Package":"git.example.com/infra/openbao-sdk-go/sensitive","Elapsed":1.029}
{"Time":"2026-09-28T15:42:10.287313584Z","Action":"start","Package":"git.example.com/infra/openbao-sdk-go/internal/engine"}
{"Time":"2026-09-28T15:42:10.289743064Z","Action":"start","Package":"git.example.com/infra/openbao-sdk-go/internal/authn"}
{"Time":"2026-09-28T15:42:10.289885406Z","Action":"start","Package":"git.example.com/infra/openbao-sdk-go/internal/jsondoc"}
{"Time":"2026-09-28T15:42:10.290000288Z","Action":"start","Package":"git.example.com/infra/openbao-sdk-go/internal/pkiutil"}
{"Time":"2026-09-28T15:42:10.302288093Z","Action":"run","Package":"git.example.com/infra/openbao-sdk-go/internal/engine","Test":"TestPathValidation"}
{"Time":"2026-09-28T15:42:10.302347519Z","Action":"output","Package":"git.example.com/infra/openbao-sdk-go/internal/engine","Test":"TestPathValidation","Output":"=== RUN   TestPathValidation\n"}
{"Time":"2026-09-28T15:42:10.302359591Z","Action":"output","Package":"git.example.com/infra/openbao-sdk-go/internal/engine","Test":"TestPathValidation","Output":"--- PASS: TestPathValidation (0.00s)\n"}
{"Time":"2026-09-28T15:42:10.302363718Z","Action":"pass","Package":"git.example.com/infra/openbao-sdk-go/internal/engine","Test":"TestPathValidation","Elapsed":0}
{"Time":"2026-09-28T15:42:10.302369993Z","Action":"run","Package":"git.example.com/infra/openbao-sdk-go/internal/engine","Test":"TestRetryAfterLimitsAndCancellation"}
{"Time":"2026-09-28T15:42:10.302372793Z","Action":"output","Package":"git.example.com/infra/openbao-sdk-go/internal/engine","Test":"TestRetryAfterLimitsAndCancellation","Output":"=== RUN   TestRetryAfterLimitsAndCancellation\n"}
{"Time":"2026-09-28T15:42:10.302378729Z","Action":"output","Package":"git.example.com/infra/openbao-sdk-go/internal/engine","Test":"TestRetryAfterLimitsAndCancellation","Output":"--- PASS: TestRetryAfterLimitsAndCancellation (0.00s)\n"}
{"Time":"2026-09-28T15:42:10.302381914Z","Action":"pass","Package":"git.example.com/infra/openbao-sdk-go/internal/engine","Test":"TestRetryAfterLimitsAndCancellation","Elapsed":0}
{"Time":"2026-09-28T15:42:10.302386726Z","Action":"run","Package":"git.example.com/infra/openbao-sdk-go/internal/engine","Test":"TestDecodeAndIdentifierBoundaries"}
{"Time":"2026-09-28T15:42:10.302389547Z","Action":"output","Package":"git.example.com/infra/openbao-sdk-go/internal/engine","Test":"TestDecodeAndIdentifierBoundaries","Output":"=== RUN   TestDecodeAndIdentifierBoundaries\n"}
{"Time":"2026-09-28T15:42:10.302394848Z","Action":"output","Package":"git.example.com/infra/openbao-sdk-go/internal/engine","Test":"TestDecodeAndIdentifierBoundaries","Output":"--- PASS: TestDecodeAndIdentifierBoundaries (0.00s)\n"}
{"Time":"2026-09-28T15:42:10.302397858Z","Action":"pass","Package":"git.example.com/infra/openbao-sdk-go/internal/engine","Test":"TestDecodeAndIdentifierBoundaries","Elapsed":0}
{"Time":"2026-09-28T15:42:10.302401027Z","Action":"run","Package":"git.example.com/infra/openbao-sdk-go/internal/engine","Test":"TestMalformedDeletedMetadata"}
{"Time":"2026-09-28T15:42:10.302404278Z","Action":"output","Package":"git.example.com/infra/openbao-sdk-go/internal/engine","Test":"TestMalformedDeletedMetadata","Output":"=== RUN   TestMalformedDeletedMetadata\n"}
{"Time":"2026-09-28T15:42:10.302408552Z","Action":"output","Package":"git.example.com/infra/openbao-sdk-go/internal/engine","Test":"TestMalformedDeletedMetadata","Output":"--- PASS: TestMalformedDeletedMetadata (0.00s)\n"}
{"Time":"2026-09-28T15:42:10.302411778Z","Action":"pass","Package":"git.example.com/infra/openbao-sdk-go/internal/engine","Test":"TestMalformedDeletedMetadata","Elapsed":0}
{"Time":"2026-09-28T15:42:10.302415078Z","Action":"run","Package":"git.example.com/infra/openbao-sdk-go/internal/engine","Test":"TestTransportSafetyConstruction"}
{"Time":"2026-09-28T15:42:10.302418203Z","Action":"output","Package":"git.example.com/infra/openbao-sdk-go/internal/engine","Test":"TestTransportSafetyConstruction","Output":"=== RUN   TestTransportSafetyConstruction\n"}
{"Time":"2026-09-28T15:42:10.302428346Z","Action":"output","Package":"git.example.com/infra/openbao-sdk-go/internal/engine","Test":"TestTransportSafetyConstruction","Output":"--- PASS: TestTransportSafetyConstruction (0.00s)\n"}
{"Time":"2026-09-28T15:42:10.302431719Z","Action":"pass","Package":"git.example.com/infra/openbao-sdk-go/internal/engine","Test":"TestTransportSafetyConstruction","Elapsed":0}
{"Time":"2026-09-28T15:42:10.302435263Z","Action":"run","Package":"git.example.com/infra/openbao-sdk-go/internal/engine","Test":"TestAmbiguous404WritePreservesUnknown"}
{"Time":"2026-09-28T15:42:10.302438545Z","Action":"output","Package":"git.example.com/infra/openbao-sdk-go/internal/engine","Test":"TestAmbiguous404WritePreservesUnknown","Output":"=== RUN   TestAmbiguous404WritePreservesUnknown\n"}
{"Time":"2026-09-28T15:42:10.302442596Z","Action":"output","Package":"git.example.com/infra/openbao-sdk-go/internal/engine","Test":"TestAmbiguous404WritePreservesUnknown","Output":"--- PASS: TestAmbiguous404WritePreservesUnknown (0.00s)\n"}
{"Time":"2026-09-28T15:42:10.302447579Z","Action":"pass","Package":"git.example.com/infra/openbao-sdk-go/internal/engine","Test":"TestAmbiguous404WritePreservesUnknown","Elapsed":0}
{"Time":"2026-09-28T15:42:10.30245078Z","Action":"run","Package":"git.example.com/infra/openbao-sdk-go/internal/engine","Test":"Test404RejectionRequiresAPIProof"}
{"Time":"2026-09-28T15:42:10.302453701Z","Action":"output","Package":"git.example.com/infra/openbao-sdk-go/internal/engine","Test":"Test404RejectionRequiresAPIProof","Output":"=== RUN   Test404RejectionRequiresAPIProof\n"}
{"Time":"2026-09-28T15:42:10.30245705Z","Action":"output","Package":"git.example.com/infra/openbao-sdk-go/internal/engine","Test":"Test404RejectionRequiresAPIProof","Output":"--- PASS: Test404RejectionRequiresAPIProof (0.00s)\n"}
{"Time":"2026-09-28T15:42:10.302460012Z","Action":"pass","Package":"git.example.com/infra/openbao-sdk-go/internal/engine","Test":"Test404RejectionRequiresAPIProof","Elapsed":0}
{"Time":"2026-09-28T15:42:10.302464475Z","Action":"run","Package":"git.example.com/infra/openbao-sdk-go/internal/engine","Test":"TestSingleAttemptIssue"}
{"Time":"2026-09-28T15:42:10.302467776Z","Action":"output","Package":"git.example.com/infra/openbao-sdk-go/internal/engine","Test":"TestSingleAttemptIssue","Output":"=== RUN   TestSingleAttemptIssue\n"}
{"Time":"2026-09-28T15:42:10.303651874Z","Action":"run","Package":"git.example.com/infra/openbao-sdk-go/internal/authn","Test":"TestExternalProviderFailureBoundaries"}
{"Time":"2026-09-28T15:42:10.303665582Z","Action":"output","Package":"git.example.com/infra/openbao-sdk-go/internal/authn","Test":"TestExternalProviderFailureBoundaries","Output":"=== RUN   TestExternalProviderFailureBoundaries\n"}
{"Time":"2026-09-28T15:42:10.304470875Z","Action":"output","Package":"git.example.com/infra/openbao-sdk-go/internal/authn","Test":"TestExternalProviderFailureBoundaries","Output":"--- PASS: TestExternalProviderFailureBoundaries (0.00s)\n"}
{"Time":"2026-09-28T15:42:10.30448496Z","Action":"pass","Package":"git.example.com/infra/openbao-sdk-go/internal/authn","Test":"TestExternalProviderFailureBoundaries","Elapsed":0}
{"Time":"2026-09-28T15:42:10.304489736Z","Action":"run","Package":"git.example.com/infra/openbao-sdk-go/internal/authn","Test":"TestAuthenticationContextBoundaries"}
{"Time":"2026-09-28T15:42:10.304493004Z","Action":"output","Package":"git.example.com/infra/openbao-sdk-go/internal/authn","Test":"TestAuthenticationContextBoundaries","Output":"=== RUN   TestAuthenticationContextBoundaries\n"}
{"Time":"2026-09-28T15:42:10.306250664Z","Action":"output","Package":"git.example.com/infra/openbao-sdk-go/internal/authn","Test":"TestAuthenticationContextBoundaries","Output":"--- PASS: TestAuthenticationContextBoundaries (0.00s)\n"}
{"Time":"2026-09-28T15:42:10.306275522Z","Action":"pass","Package":"git.example.com/infra/openbao-sdk-go/internal/authn","Test":"TestAuthenticationContextBoundaries","Elapsed":0}
{"Time":"2026-09-28T15:42:10.306281336Z","Action":"run","Package":"git.example.com/infra/openbao-sdk-go/internal/authn","Test":"TestSecretProviderPanicAndInvalidGeneration"}
{"Time":"2026-09-28T15:42:10.306290415Z","Action":"output","Package":"git.example.com/infra/openbao-sdk-go/internal/authn","Test":"TestSecretProviderPanicAndInvalidGeneration","Output":"=== RUN   TestSecretProviderPanicAndInvalidGeneration\n"}
{"Time":"2026-09-28T15:42:10.306295489Z","Action":"output","Package":"git.example.com/infra/openbao-sdk-go/internal/authn","Test":"TestSecretProviderPanicAndInvalidGeneration","Output":"--- PASS: TestSecretProviderPanicAndInvalidGeneration (0.00s)\n"}
{"Time":"2026-09-28T15:42:10.306299575Z","Action":"pass","Package":"git.example.com/infra/openbao-sdk-go/internal/authn","Test":"TestSecretProviderPanicAndInvalidGeneration","Elapsed":0}
{"Time":"2026-09-28T15:42:10.306302992Z","Action":"run","Package":"git.example.com/infra/openbao-sdk-go/internal/authn","Test":"TestExpiredReplyAndLatePublication"}
{"Time":"2026-09-28T15:42:10.30630612Z","Action":"output","Package":"git.example.com/infra/openbao-sdk-go/internal/authn","Test":"TestExpiredReplyAndLatePublication","Output":"=== RUN   TestExpiredReplyAndLatePublication\n"}
{"Time":"2026-09-28T15:42:10.306312321Z","Action":"output","Package":"git.example.com/infra/openbao-sdk-go/internal/authn","Test":"TestExpiredReplyAndLatePublication","Output":"--- PASS: TestExpiredReplyAndLatePublication (0.00s)\n"}
{"Time":"2026-09-28T15:42:10.306316146Z","Action":"pass","Package":"git.example.com/infra/openbao-sdk-go/internal/authn","Test":"TestExpiredReplyAndLatePublication","Elapsed":0}
{"Time":"2026-09-28T15:42:10.306319368Z","Action":"run","Package":"git.example.com/infra/openbao-sdk-go/internal/authn","Test":"TestRunStopsAndRestartsCanceledAttempt"}
{"Time":"2026-09-28T15:42:10.306322335Z","Action":"output","Package":"git.example.com/infra/openbao-sdk-go/internal/authn","Test":"TestRunStopsAndRestartsCanceledAttempt","Output":"=== RUN   TestRunStopsAndRestartsCanceledAttempt\n"}
{"Time":"2026-09-28T15:42:10.306499881Z","Action":"output","Package":"git.example.com/infra/openbao-sdk-go/internal/authn","Test":"TestRunStopsAndRestartsCanceledAttempt","Output":"--- PASS: TestRunStopsAndRestartsCanceledAttempt (0.00s)\n"}
{"Time":"2026-09-28T15:42:10.306559223Z","Action":"pass","Package":"git.example.com/infra/openbao-sdk-go/internal/authn","Test":"TestRunStopsAndRestartsCanceledAttempt","Elapsed":0}
{"Time":"2026-09-28T15:42:10.306570777Z","Action":"run","Package":"git.example.com/infra/openbao-sdk-go/internal/authn","Test":"TestAuthCapacityNotStarved"}
{"Time":"2026-09-28T15:42:10.306576737Z","Action":"output","Package":"git.example.com/infra/openbao-sdk-go/internal/authn","Test":"TestAuthCapacityNotStarved","Output":"=== RUN   TestAuthCapacityNotStarved\n"}
{"Time":"2026-09-28T15:42:10.307644861Z","Action":"output","Package":"git.example.com/infra/openbao-sdk-go/internal/authn","Test":"TestAuthCapacityNotStarved","Output":"--- PASS: TestAuthCapacityNotStarved (0.00s)\n"}
{"Time":"2026-09-28T15:42:10.307661096Z","Action":"pass","Package":"git.example.com/infra/openbao-sdk-go/internal/authn","Test":"TestAuthCapacityNotStarved","Elapsed":0}
{"Time":"2026-09-28T15:42:10.307707566Z","Action":"run","Package":"git.example.com/infra/openbao-sdk-go/internal/authn","Test":"TestBusiness403DoesNotLoginOrReplay"}
{"Time":"2026-09-28T15:42:10.307711674Z","Action":"output","Package":"git.example.com/infra/openbao-sdk-go/internal/authn","Test":"TestBusiness403DoesNotLoginOrReplay","Output":"=== RUN   TestBusiness403DoesNotLoginOrReplay\n"}
{"Time":"2026-09-28T15:42:10.308536591Z","Action":"output","Package":"git.example.com/infra/openbao-sdk-go/internal/authn","Test":"TestBusiness403DoesNotLoginOrReplay","Output":"--- PASS: TestBusiness403DoesNotLoginOrReplay (0.00s)\n"}
{"Time":"2026-09-28T15:42:10.308607275Z","Action":"pass","Package":"git.example.com/infra/openbao-sdk-go/internal/authn","Test":"TestBusiness403DoesNotLoginOrReplay","Elapsed":0}
{"Time":"2026-09-28T15:42:10.308722955Z","Action":"run","Package":"git.example.com/infra/openbao-sdk-go/internal/authn","Test":"TestAuthStateAfterCanceledProvider"}
{"Time":"2026-09-28T15:42:10.308733353Z","Action":"output","Package":"git.example.com/infra/openbao-sdk-go/internal/authn","Test":"TestAuthStateAfterCanceledProvider","Output":"=== RUN   TestAuthStateAfterCanceledProvider\n"}
{"Time":"2026-09-28T15:42:10.314342901Z","Action":"output","Package":"git.example.com/infra/openbao-sdk-go/internal/authn","Test":"TestAuthStateAfterCanceledProvider","Output":"--- PASS: TestAuthStateAfterCanceledProvider (0.00s)\n"}
{"Time":"2026-09-28T15:42:10.314363492Z","Action":"pass","Package":"git.example.com/infra/openbao-sdk-go/internal/authn","Test":"TestAuthStateAfterCanceledProvider","Elapsed":0}
{"Time":"2026-09-28T15:42:10.314368818Z","Action":"run","Package":"git.example.com/infra/openbao-sdk-go/internal/authn","Test":"TestAppRoleLoginContract"}
{"Time":"2026-09-28T15:42:10.314372418Z","Action":"output","Package":"git.example.com/infra/openbao-sdk-go/internal/authn","Test":"TestAppRoleLoginContract","Output":"=== RUN   TestAppRoleLoginContract\n"}
{"Time":"2026-09-28T15:42:10.314380003Z","Action":"output","Package":"git.example.com/infra/openbao-sdk-go/internal/authn","Test":"TestAppRoleLoginContract","Output":"--- PASS: TestAppRoleLoginContract (0.00s)\n"}
{"Time":"2026-09-28T15:42:10.314383882Z","Action":"pass","Package":"git.example.com/infra/openbao-sdk-go/internal/authn","Test":"TestAppRoleLoginContract","Elapsed":0}
{"Time":"2026-09-28T15:42:10.314387791Z","Action":"run","Package":"git.example.com/infra/openbao-sdk-go/internal/authn","Test":"TestAppRoleRejectEmptyOrInvalidLease"}
{"Time":"2026-09-28T15:42:10.31439072Z","Action":"output","Package":"git.example.com/infra/openbao-sdk-go/internal/authn","Test":"TestAppRoleRejectEmptyOrInvalidLease","Output":"=== RUN   TestAppRoleRejectEmptyOrInvalidLease\n"}
{"Time":"2026-09-28T15:42:10.314394721Z","Action":"output","Package":"git.example.com/infra/openbao-sdk-go/internal/authn","Test":"TestAppRoleRejectEmptyOrInvalidLease","Output":"--- PASS: TestAppRoleRejectEmptyOrInvalidLease (0.00s)\n"}
{"Time":"2026-09-28T15:42:10.314397992Z","Action":"pass","Package":"git.example.com/infra/openbao-sdk-go/internal/authn","Test":"TestAppRoleRejectEmptyOrInvalidLease","Elapsed":0}
{"Time":"2026-09-28T15:42:10.314401858Z","Action":"run","Package":"git.example.com/infra/openbao-sdk-go/internal/authn","Test":"TestSingleUseSecretID"}
{"Time":"2026-09-28T15:42:10.314404307Z","Action":"output","Package":"git.example.com/infra/openbao-sdk-go/internal/authn","Test":"TestSingleUseSecretID","Output":"=== RUN   TestSingleUseSecretID\n"}
{"Time":"2026-09-28T15:42:10.314408018Z","Action":"output","Package":"git.example.com/infra/openbao-sdk-go/internal/authn","Test":"TestSingleUseSecretID","Output":"--- PASS: TestSingleUseSecretID (0.00s)\n"}
{"Time":"2026-09-28T15:42:10.314410881Z","Action":"pass","Package":"git.example.com/infra/openbao-sdk-go/internal/authn","Test":"TestSingleUseSecretID","Elapsed":0}
{"Time":"2026-09-28T15:42:10.314414107Z","Action":"run","Package":"git.example.com/infra/openbao-sdk-go/internal/authn","Test":"TestRenewUsesLatestTTL"}
{"Time":"2026-09-28T15:42:10.314416909Z","Action":"output","Package":"git.example.com/infra/openbao-sdk-go/internal/authn","Test":"TestRenewUsesLatestTTL","Output":"=== RUN   TestRenewUsesLatestTTL\n"}
{"Time":"2026-09-28T15:42:10.314420652Z","Action":"output","Package":"git.example.com/infra/openbao-sdk-go/internal/authn","Test":"TestRenewUsesLatestTTL","Output":"--- PASS: TestRenewUsesLatestTTL (0.00s)\n"}
{"Time":"2026-09-28T15:42:10.314423876Z","Action":"pass","Package":"git.example.com/infra/openbao-sdk-go/internal/authn","Test":"TestRenewUsesLatestTTL","Elapsed":0}
{"Time":"2026-09-28T15:42:10.314427049Z","Action":"run","Package":"git.example.com/infra/openbao-sdk-go/internal/authn","Test":"TestRenewSingleFlight"}
{"Time":"2026-09-28T15:42:10.314429973Z","Action":"output","Package":"git.example.com/infra/openbao-sdk-go/internal/authn","Test":"TestRenewSingleFlight","Output":"=== RUN   TestRenewSingleFlight\n"}
{"Time":"2026-09-28T15:42:10.3144421Z","Action":"run","Package":"git.example.com/infra/openbao-sdk-go/internal/pkiutil","Test":"TestCertificateMaterialBoundaries"}
{"Time":"2026-09-28T15:42:10.314450845Z","Action":"output","Package":"git.example.com/infra/openbao-sdk-go/internal/pkiutil","Test":"TestCertificateMaterialBoundaries","Output":"=== RUN   TestCertificateMaterialBoundaries\n"}
{"Time":"2026-09-28T15:42:10.316230484Z","Action":"output","Package":"git.example.com/infra/openbao-sdk-go/internal/authn","Test":"TestRenewSingleFlight","Output":"--- PASS: TestRenewSingleFlight (0.00s)\n"}
{"Time":"2026-09-28T15:42:10.316249061Z","Action":"pass","Package":"git.example.com/infra/openbao-sdk-go/internal/authn","Test":"TestRenewSingleFlight","Elapsed":0}
{"Time":"2026-09-28T15:42:10.316416631Z","Action":"run","Package":"git.example.com/infra/openbao-sdk-go/internal/authn","Test":"TestExpiryAndShutdown"}
{"Time":"2026-09-28T15:42:10.316421008Z","Action":"output","Package":"git.example.com/infra/openbao-sdk-go/internal/authn","Test":"TestExpiryAndShutdown","Output":"=== RUN   TestExpiryAndShutdown\n"}
{"Time":"2026-09-28T15:42:10.32214058Z","Action":"run","Package":"git.example.com/infra/openbao-sdk-go/internal/jsondoc","Test":"TestStrictTree"}
{"Time":"2026-09-28T15:42:10.322155008Z","Action":"output","Package":"git.example.com/infra/openbao-sdk-go/internal/jsondoc","Test":"TestStrictTree","Output":"=== RUN   TestStrictTree\n"}
{"Time":"2026-09-28T15:42:10.322213515Z","Action":"output","Package":"git.example.com/infra/openbao-sdk-go/internal/jsondoc","Test":"TestStrictTree","Output":"--- PASS: TestStrictTree (0.00s)\n"}
{"Time":"2026-09-28T15:42:10.322216863Z","Action":"pass","Package":"git.example.com/infra/openbao-sdk-go/internal/jsondoc","Test":"TestStrictTree","Elapsed":0}
{"Time":"2026-09-28T15:42:10.322220083Z","Action":"run","Package":"git.example.com/infra/openbao-sdk-go/internal/jsondoc","Test":"TestJSONRejectsUnpairedSurrogateEscapes"}
{"Time":"2026-09-28T15:42:10.322222586Z","Action":"output","Package":"git.example.com/infra/openbao-sdk-go/internal/jsondoc","Test":"TestJSONRejectsUnpairedSurrogateEscapes","Output":"=== RUN   TestJSONRejectsUnpairedSurrogateEscapes\n"}
{"Time":"2026-09-28T15:42:10.322225789Z","Action":"output","Package":"git.example.com/infra/openbao-sdk-go/internal/jsondoc","Test":"TestJSONRejectsUnpairedSurrogateEscapes","Output":"--- PASS: TestJSONRejectsUnpairedSurrogateEscapes (0.00s)\n"}
{"Time":"2026-09-28T15:42:10.322228158Z","Action":"pass","Package":"git.example.com/infra/openbao-sdk-go/internal/jsondoc","Test":"TestJSONRejectsUnpairedSurrogateEscapes","Elapsed":0}
{"Time":"2026-09-28T15:42:10.322230529Z","Action":"run","Package":"git.example.com/infra/openbao-sdk-go/internal/jsondoc","Test":"TestJSONPreservesValidUnicodeEscapes"}
{"Time":"2026-09-28T15:42:10.322236905Z","Action":"output","Package":"git.example.com/infra/openbao-sdk-go/internal/jsondoc","Test":"TestJSONPreservesValidUnicodeEscapes","Output":"=== RUN   TestJSONPreservesValidUnicodeEscapes\n"}
{"Time":"2026-09-28T15:42:10.322240019Z","Action":"output","Package":"git.example.com/infra/openbao-sdk-go/internal/jsondoc","Test":"TestJSONPreservesValidUnicodeEscapes","Output":"--- PASS: TestJSONPreservesValidUnicodeEscapes (0.00s)\n"}
{"Time":"2026-09-28T15:42:10.322242859Z","Action":"pass","Package":"git.example.com/infra/openbao-sdk-go/internal/jsondoc","Test":"TestJSONPreservesValidUnicodeEscapes","Elapsed":0}
{"Time":"2026-09-28T15:42:10.32224523Z","Action":"run","Package":"git.example.com/infra/openbao-sdk-go/internal/jsondoc","Test":"FuzzJSON"}
{"Time":"2026-09-28T15:42:10.322248106Z","Action":"output","Package":"git.example.com/infra/openbao-sdk-go/internal/jsondoc","Test":"FuzzJSON","Output":"=== RUN   FuzzJSON\n"}
{"Time":"2026-09-28T15:42:10.322250329Z","Action":"run","Package":"git.example.com/infra/openbao-sdk-go/internal/jsondoc","Test":"FuzzJSON/seed#0"}
{"Time":"2026-09-28T15:42:10.322252255Z","Action":"output","Package":"git.example.com/infra/openbao-sdk-go/internal/jsondoc","Test":"FuzzJSON/seed#0","Output":"=== RUN   FuzzJSON/seed#0\n"}
{"Time":"2026-09-28T15:42:10.322255024Z","Action":"output","Package":"git.example.com/infra/openbao-sdk-go/internal/jsondoc","Test":"FuzzJSON/seed#0","Output":"--- PASS: FuzzJSON/seed#0 (0.00s)\n"}
{"Time":"2026-09-28T15:42:10.322263694Z","Action":"pass","Package":"git.example.com/infra/openbao-sdk-go/internal/jsondoc","Test":"FuzzJSON/seed#0","Elapsed":0}
{"Time":"2026-09-28T15:42:10.322266732Z","Action":"run","Package":"git.example.com/infra/openbao-sdk-go/internal/jsondoc","Test":"FuzzJSON/seed#1"}
{"Time":"2026-09-28T15:42:10.322268879Z","Action":"output","Package":"git.example.com/infra/openbao-sdk-go/internal/jsondoc","Test":"FuzzJSON/seed#1","Output":"=== RUN   FuzzJSON/seed#1\n"}
{"Time":"2026-09-28T15:42:10.322285943Z","Action":"output","Package":"git.example.com/infra/openbao-sdk-go/internal/jsondoc","Test":"FuzzJSON/seed#1","Output":"--- PASS: FuzzJSON/seed#1 (0.00s)\n"}
{"Time":"2026-09-28T15:42:10.322288435Z","Action":"pass","Package":"git.example.com/infra/openbao-sdk-go/internal/jsondoc","Test":"FuzzJSON/seed#1","Elapsed":0}
{"Time":"2026-09-28T15:42:10.322290597Z","Action":"run","Package":"git.example.com/infra/openbao-sdk-go/internal/jsondoc","Test":"FuzzJSON/seed#2"}
{"Time":"2026-09-28T15:42:10.322292513Z","Action":"output","Package":"git.example.com/infra/openbao-sdk-go/internal/jsondoc","Test":"FuzzJSON/seed#2","Output":"=== RUN   FuzzJSON/seed#2\n"}
{"Time":"2026-09-28T15:42:10.322284029Z","Action":"output","Package":"git.example.com/infra/openbao-sdk-go/internal/authn","Test":"TestExpiryAndShutdown","Output":"--- PASS: TestExpiryAndShutdown (0.00s)\n"}
{"Time":"2026-09-28T15:42:10.322302378Z","Action":"pass","Package":"git.example.com/infra/openbao-sdk-go/internal/authn","Test":"TestExpiryAndShutdown","Elapsed":0}
{"Time":"2026-09-28T15:42:10.322307169Z","Action":"output","Package":"git.example.com/infra/openbao-sdk-go/internal/authn","Output":"PASS\n"}
{"Time":"2026-09-28T15:42:10.322294841Z","Action":"output","Package":"git.example.com/infra/openbao-sdk-go/internal/jsondoc","Test":"FuzzJSON/seed#2","Output":"--- PASS: FuzzJSON/seed#2 (0.00s)\n"}
{"Time":"2026-09-28T15:42:10.322316755Z","Action":"pass","Package":"git.example.com/infra/openbao-sdk-go/internal/jsondoc","Test":"FuzzJSON/seed#2","Elapsed":0}
{"Time":"2026-09-28T15:42:10.322323465Z","Action":"run","Package":"git.example.com/infra/openbao-sdk-go/internal/jsondoc","Test":"FuzzJSON/seed#3"}
{"Time":"2026-09-28T15:42:10.322326307Z","Action":"output","Package":"git.example.com/infra/openbao-sdk-go/internal/jsondoc","Test":"FuzzJSON/seed#3","Output":"=== RUN   FuzzJSON/seed#3\n"}
{"Time":"2026-09-28T15:42:10.322330513Z","Action":"output","Package":"git.example.com/infra/openbao-sdk-go/internal/jsondoc","Test":"FuzzJSON/seed#3","Output":"--- PASS: FuzzJSON/seed#3 (0.00s)\n"}
{"Time":"2026-09-28T15:42:10.322333654Z","Action":"pass","Package":"git.example.com/infra/openbao-sdk-go/internal/jsondoc","Test":"FuzzJSON/seed#3","Elapsed":0}
{"Time":"2026-09-28T15:42:10.322337707Z","Action":"output","Package":"git.example.com/infra/openbao-sdk-go/internal/jsondoc","Test":"FuzzJSON","Output":"--- PASS: FuzzJSON (0.00s)\n"}
{"Time":"2026-09-28T15:42:10.322340526Z","Action":"pass","Package":"git.example.com/infra/openbao-sdk-go/internal/jsondoc","Test":"FuzzJSON","Elapsed":0}
{"Time":"2026-09-28T15:42:10.322343323Z","Action":"output","Package":"git.example.com/infra/openbao-sdk-go/internal/jsondoc","Output":"PASS\n"}
{"Time":"2026-09-28T15:42:10.334860179Z","Action":"output","Package":"git.example.com/infra/openbao-sdk-go/internal/pkiutil","Test":"TestCertificateMaterialBoundaries","Output":"--- PASS: TestCertificateMaterialBoundaries (0.03s)\n"}
{"Time":"2026-09-28T15:42:10.334881168Z","Action":"pass","Package":"git.example.com/infra/openbao-sdk-go/internal/pkiutil","Test":"TestCertificateMaterialBoundaries","Elapsed":0.03}
{"Time":"2026-09-28T15:42:10.334938402Z","Action":"run","Package":"git.example.com/infra/openbao-sdk-go/internal/pkiutil","Test":"TestPrivateKeyMaterialBoundaries"}
{"Time":"2026-09-28T15:42:10.334942941Z","Action":"output","Package":"git.example.com/infra/openbao-sdk-go/internal/pkiutil","Test":"TestPrivateKeyMaterialBoundaries","Output":"=== RUN   TestPrivateKeyMaterialBoundaries\n"}
{"Time":"2026-09-28T15:42:10.339766365Z","Action":"output","Package":"git.example.com/infra/openbao-sdk-go/internal/engine","Test":"TestSingleAttemptIssue","Output":"--- PASS: TestSingleAttemptIssue (0.04s)\n"}
{"Time":"2026-09-28T15:42:10.339785704Z","Action":"pass","Package":"git.example.com/infra/openbao-sdk-go/internal/engine","Test":"TestSingleAttemptIssue","Elapsed":0.04}
{"Time":"2026-09-28T15:42:10.339794095Z","Action":"run","Package":"git.example.com/infra/openbao-sdk-go/internal/engine","Test":"TestReadRetryBudget"}
{"Time":"2026-09-28T15:42:10.339797892Z","Action":"output","Package":"git.example.com/infra/openbao-sdk-go/internal/engine","Test":"TestReadRetryBudget","Output":"=== RUN   TestReadRetryBudget\n"}
{"Time":"2026-09-28T15:42:10.343806061Z","Action":"start","Package":"git.example.com/infra/openbao-sdk-go/internal/pemutil"}
{"Time":"2026-09-28T15:42:10.347108086Z","Action":"output","Package":"git.example.com/infra/openbao-sdk-go/internal/pkiutil","Test":"TestPrivateKeyMaterialBoundaries","Output":"--- PASS: TestPrivateKeyMaterialBoundaries (0.01s)\n"}
{"Time":"2026-09-28T15:42:10.350516517Z","Action":"pass","Package":"git.example.com/infra/openbao-sdk-go/internal/pkiutil","Test":"TestPrivateKeyMaterialBoundaries","Elapsed":0.01}
{"Time":"2026-09-28T15:42:10.35053337Z","Action":"run","Package":"git.example.com/infra/openbao-sdk-go/internal/pkiutil","Test":"TestSerialBoundaries"}
{"Time":"2026-09-28T15:42:10.350539451Z","Action":"output","Package":"git.example.com/infra/openbao-sdk-go/internal/pkiutil","Test":"TestSerialBoundaries","Output":"=== RUN   TestSerialBoundaries\n"}
{"Time":"2026-09-28T15:42:10.35105255Z","Action":"output","Package":"git.example.com/infra/openbao-sdk-go/internal/pkiutil","Test":"TestSerialBoundaries","Output":"--- PASS: TestSerialBoundaries (0.00s)\n"}
{"Time":"2026-09-28T15:42:10.351086914Z","Action":"pass","Package":"git.example.com/infra/openbao-sdk-go/internal/pkiutil","Test":"TestSerialBoundaries","Elapsed":0}
{"Time":"2026-09-28T15:42:10.35135857Z","Action":"run","Package":"git.example.com/infra/openbao-sdk-go/internal/pkiutil","Test":"TestPEMRejectsSkippedMalformedBlocks"}
{"Time":"2026-09-28T15:42:10.351361668Z","Action":"output","Package":"git.example.com/infra/openbao-sdk-go/internal/pkiutil","Test":"TestPEMRejectsSkippedMalformedBlocks","Output":"=== RUN   TestPEMRejectsSkippedMalformedBlocks\n"}
{"Time":"2026-09-28T15:42:10.362585891Z","Action":"run","Package":"git.example.com/infra/openbao-sdk-go/internal/pkiutil","Test":"TestPEMRejectsSkippedMalformedBlocks/certificate-first"}
{"Time":"2026-09-28T15:42:10.362605385Z","Action":"output","Package":"git.example.com/infra/openbao-sdk-go/internal/pkiutil","Test":"TestPEMRejectsSkippedMalformedBlocks/certificate-first","Output":"=== RUN   TestPEMRejectsSkippedMalformedBlocks/certificate-first\n"}
{"Time":"2026-09-28T15:42:10.362613166Z","Action":"output","Package":"git.example.com/infra/openbao-sdk-go/internal/pkiutil","Test":"TestPEMRejectsSkippedMalformedBlocks/certificate-first","Output":"--- PASS: TestPEMRejectsSkippedMalformedBlocks/certificate-first (0.00s)\n"}
{"Time":"2026-09-28T15:42:10.362617175Z","Action":"pass","Package":"git.example.com/infra/openbao-sdk-go/internal/pkiutil","Test":"TestPEMRejectsSkippedMalformedBlocks/certificate-first","Elapsed":0}
{"Time":"2026-09-28T15:42:10.362621717Z","Action":"run","Package":"git.example.com/infra/openbao-sdk-go/internal/pkiutil","Test":"TestPEMRejectsSkippedMalformedBlocks/certificate-middle"}
{"Time":"2026-09-28T15:42:10.362624747Z","Action":"output","Package":"git.example.com/infra/openbao-sdk-go/internal/pkiutil","Test":"TestPEMRejectsSkippedMalformedBlocks/certificate-middle","Output":"=== RUN   TestPEMRejectsSkippedMalformedBlocks/certificate-middle\n"}
{"Time":"2026-09-28T15:42:10.363417703Z","Action":"output","Package":"git.example.com/infra/openbao-sdk-go/internal/pkiutil","Test":"TestPEMRejectsSkippedMalformedBlocks/certificate-middle","Output":"--- PASS: TestPEMRejectsSkippedMalformedBlocks/certificate-middle (0.00s)\n"}
{"Time":"2026-09-28T15:42:10.363432792Z","Action":"pass","Package":"git.example.com/infra/openbao-sdk-go/internal/pkiutil","Test":"TestPEMRejectsSkippedMalformedBlocks/certificate-middle","Elapsed":0}
{"Time":"2026-09-28T15:42:10.363441842Z","Action":"run","Package":"git.example.com/infra/openbao-sdk-go/internal/pkiutil","Test":"TestPEMRejectsSkippedMalformedBlocks/csr"}
{"Time":"2026-09-28T15:42:10.363444942Z","Action":"output","Package":"git.example.com/infra/openbao-sdk-go/internal/pkiutil","Test":"TestPEMRejectsSkippedMalformedBlocks/csr","Output":"=== RUN   TestPEMRejectsSkippedMalformedBlocks/csr\n"}
{"Time":"2026-09-28T15:42:10.363799853Z","Action":"output","Package":"git.example.com/infra/openbao-sdk-go/internal/pkiutil","Test":"TestPEMRejectsSkippedMalformedBlocks/csr","Output":"--- PASS: TestPEMRejectsSkippedMalformedBlocks/csr (0.00s)\n"}
{"Time":"2026-09-28T15:42:10.363871627Z","Action":"pass","Package":"git.example.com/infra/openbao-sdk-go/internal/pkiutil","Test":"TestPEMRejectsSkippedMalformedBlocks/csr","Elapsed":0}
{"Time":"2026-09-28T15:42:10.363876918Z","Action":"run","Package":"git.example.com/infra/openbao-sdk-go/internal/pkiutil","Test":"TestPEMRejectsSkippedMalformedBlocks/private-key"}
{"Time":"2026-09-28T15:42:10.363880215Z","Action":"output","Package":"git.example.com/infra/openbao-sdk-go/internal/pkiutil","Test":"TestPEMRejectsSkippedMalformedBlocks/private-key","Output":"=== RUN   TestPEMRejectsSkippedMalformedBlocks/private-key\n"}
{"Time":"2026-09-28T15:42:10.364284514Z","Action":"output","Package":"git.example.com/infra/openbao-sdk-go/internal/pkiutil","Test":"TestPEMRejectsSkippedMalformedBlocks/private-key","Output":"--- PASS: TestPEMRejectsSkippedMalformedBlocks/private-key (0.00s)\n"}
{"Time":"2026-09-28T15:42:10.364434617Z","Action":"pass","Package":"git.example.com/infra/openbao-sdk-go/internal/pkiutil","Test":"TestPEMRejectsSkippedMalformedBlocks/private-key","Elapsed":0}
{"Time":"2026-09-28T15:42:10.364586881Z","Action":"output","Package":"git.example.com/infra/openbao-sdk-go/internal/pkiutil","Test":"TestPEMRejectsSkippedMalformedBlocks","Output":"--- PASS: TestPEMRejectsSkippedMalformedBlocks (0.01s)\n"}
{"Time":"2026-09-28T15:42:10.364614175Z","Action":"pass","Package":"git.example.com/infra/openbao-sdk-go/internal/pkiutil","Test":"TestPEMRejectsSkippedMalformedBlocks","Elapsed":0.01}
{"Time":"2026-09-28T15:42:10.364686834Z","Action":"output","Package":"git.example.com/infra/openbao-sdk-go/internal/pkiutil","Output":"PASS\n"}
{"Time":"2026-09-28T15:42:10.364981808Z","Action":"run","Package":"git.example.com/infra/openbao-sdk-go/internal/pemutil","Test":"TestDecodeStartsAtFirstBlock"}
{"Time":"2026-09-28T15:42:10.364986853Z","Action":"output","Package":"git.example.com/infra/openbao-sdk-go/internal/pemutil","Test":"TestDecodeStartsAtFirstBlock","Output":"=== RUN   TestDecodeStartsAtFirstBlock\n"}
{"Time":"2026-09-28T15:42:10.365264786Z","Action":"output","Package":"git.example.com/infra/openbao-sdk-go/internal/pemutil","Test":"TestDecodeStartsAtFirstBlock","Output":"--- PASS: TestDecodeStartsAtFirstBlock (0.00s)\n"}
{"Time":"2026-09-28T15:42:10.365269884Z","Action":"pass","Package":"git.example.com/infra/openbao-sdk-go/internal/pemutil","Test":"TestDecodeStartsAtFirstBlock","Elapsed":0}
{"Time":"2026-09-28T15:42:10.36527357Z","Action":"run","Package":"git.example.com/infra/openbao-sdk-go/internal/pemutil","Test":"FuzzDecode"}
{"Time":"2026-09-28T15:42:10.365276429Z","Action":"output","Package":"git.example.com/infra/openbao-sdk-go/internal/pemutil","Test":"FuzzDecode","Output":"=== RUN   FuzzDecode\n"}
{"Time":"2026-09-28T15:42:10.365466545Z","Action":"run","Package":"git.example.com/infra/openbao-sdk-go/internal/pemutil","Test":"FuzzDecode/seed#0"}
{"Time":"2026-09-28T15:42:10.365471671Z","Action":"output","Package":"git.example.com/infra/openbao-sdk-go/internal/pemutil","Test":"FuzzDecode/seed#0","Output":"=== RUN   FuzzDecode/seed#0\n"}
{"Time":"2026-09-28T15:42:10.365562511Z","Action":"output","Package":"git.example.com/infra/openbao-sdk-go/internal/pemutil","Test":"FuzzDecode/seed#0","Output":"--- PASS: FuzzDecode/seed#0 (0.00s)\n"}
{"Time":"2026-09-28T15:42:10.365595423Z","Action":"pass","Package":"git.example.com/infra/openbao-sdk-go/internal/pemutil","Test":"FuzzDecode/seed#0","Elapsed":0}
{"Time":"2026-09-28T15:42:10.365677267Z","Action":"run","Package":"git.example.com/infra/openbao-sdk-go/internal/pemutil","Test":"FuzzDecode/seed#1"}
{"Time":"2026-09-28T15:42:10.36568157Z","Action":"output","Package":"git.example.com/infra/openbao-sdk-go/internal/pemutil","Test":"FuzzDecode/seed#1","Output":"=== RUN   FuzzDecode/seed#1\n"}
{"Time":"2026-09-28T15:42:10.36568773Z","Action":"output","Package":"git.example.com/infra/openbao-sdk-go/internal/pemutil","Test":"FuzzDecode/seed#1","Output":"--- PASS: FuzzDecode/seed#1 (0.00s)\n"}
{"Time":"2026-09-28T15:42:10.365714739Z","Action":"pass","Package":"git.example.com/infra/openbao-sdk-go/internal/pemutil","Test":"FuzzDecode/seed#1","Elapsed":0}
{"Time":"2026-09-28T15:42:10.365792168Z","Action":"output","Package":"git.example.com/infra/openbao-sdk-go/internal/pemutil","Test":"FuzzDecode","Output":"--- PASS: FuzzDecode (0.00s)\n"}
{"Time":"2026-09-28T15:42:10.365796589Z","Action":"pass","Package":"git.example.com/infra/openbao-sdk-go/internal/pemutil","Test":"FuzzDecode","Elapsed":0}
{"Time":"2026-09-28T15:42:10.365799542Z","Action":"output","Package":"git.example.com/infra/openbao-sdk-go/internal/pemutil","Output":"PASS\n"}
{"Time":"2026-09-28T15:42:10.378157325Z","Action":"output","Package":"git.example.com/infra/openbao-sdk-go/internal/engine","Test":"TestReadRetryBudget","Output":"--- PASS: TestReadRetryBudget (0.04s)\n"}
{"Time":"2026-09-28T15:42:10.378211701Z","Action":"pass","Package":"git.example.com/infra/openbao-sdk-go/internal/engine","Test":"TestReadRetryBudget","Elapsed":0.04}
{"Time":"2026-09-28T15:42:10.378219229Z","Action":"run","Package":"git.example.com/infra/openbao-sdk-go/internal/engine","Test":"TestNoWriteReplayHeader"}
{"Time":"2026-09-28T15:42:10.378222859Z","Action":"output","Package":"git.example.com/infra/openbao-sdk-go/internal/engine","Test":"TestNoWriteReplayHeader","Output":"=== RUN   TestNoWriteReplayHeader\n"}
{"Time":"2026-09-28T15:42:10.394995907Z","Action":"output","Package":"git.example.com/infra/openbao-sdk-go/internal/engine","Test":"TestNoWriteReplayHeader","Output":"--- PASS: TestNoWriteReplayHeader (0.02s)\n"}
{"Time":"2026-09-28T15:42:10.395047741Z","Action":"pass","Package":"git.example.com/infra/openbao-sdk-go/internal/engine","Test":"TestNoWriteReplayHeader","Elapsed":0.02}
{"Time":"2026-09-28T15:42:10.395095073Z","Action":"run","Package":"git.example.com/infra/openbao-sdk-go/internal/engine","Test":"TestResponseBoundAndSafeError"}
{"Time":"2026-09-28T15:42:10.39510002Z","Action":"output","Package":"git.example.com/infra/openbao-sdk-go/internal/engine","Test":"TestResponseBoundAndSafeError","Output":"=== RUN   TestResponseBoundAndSafeError\n"}
{"Time":"2026-09-28T15:42:10.426155165Z","Action":"output","Package":"git.example.com/infra/openbao-sdk-go/internal/engine","Test":"TestResponseBoundAndSafeError","Output":"--- PASS: TestResponseBoundAndSafeError (0.03s)\n"}
{"Time":"2026-09-28T15:42:10.426209595Z","Action":"pass","Package":"git.example.com/infra/openbao-sdk-go/internal/engine","Test":"TestResponseBoundAndSafeError","Elapsed":0.03}
{"Time":"2026-09-28T15:42:10.426217352Z","Action":"run","Package":"git.example.com/infra/openbao-sdk-go/internal/engine","Test":"TestCanceledBeforeAndAfterSend"}
{"Time":"2026-09-28T15:42:10.42622059Z","Action":"output","Package":"git.example.com/infra/openbao-sdk-go/internal/engine","Test":"TestCanceledBeforeAndAfterSend","Output":"=== RUN   TestCanceledBeforeAndAfterSend\n"}
{"Time":"2026-09-28T15:42:10.627422819Z","Action":"output","Package":"git.example.com/infra/openbao-sdk-go/internal/engine","Test":"TestCanceledBeforeAndAfterSend","Output":"--- PASS: TestCanceledBeforeAndAfterSend (0.20s)\n"}
{"Time":"2026-09-28T15:42:10.6274676Z","Action":"pass","Package":"git.example.com/infra/openbao-sdk-go/internal/engine","Test":"TestCanceledBeforeAndAfterSend","Elapsed":0.2}
{"Time":"2026-09-28T15:42:10.627614934Z","Action":"run","Package":"git.example.com/infra/openbao-sdk-go/internal/engine","Test":"FuzzPath"}
{"Time":"2026-09-28T15:42:10.627619659Z","Action":"output","Package":"git.example.com/infra/openbao-sdk-go/internal/engine","Test":"FuzzPath","Output":"=== RUN   FuzzPath\n"}
{"Time":"2026-09-28T15:42:10.628421627Z","Action":"run","Package":"git.example.com/infra/openbao-sdk-go/internal/engine","Test":"FuzzPath/seed#0"}
{"Time":"2026-09-28T15:42:10.628426812Z","Action":"output","Package":"git.example.com/infra/openbao-sdk-go/internal/engine","Test":"FuzzPath/seed#0","Output":"=== RUN   FuzzPath/seed#0\n"}
{"Time":"2026-09-28T15:42:10.628584653Z","Action":"output","Package":"git.example.com/infra/openbao-sdk-go/internal/engine","Test":"FuzzPath/seed#0","Output":"--- PASS: FuzzPath/seed#0 (0.00s)\n"}
{"Time":"2026-09-28T15:42:10.628610767Z","Action":"pass","Package":"git.example.com/infra/openbao-sdk-go/internal/engine","Test":"FuzzPath/seed#0","Elapsed":0}
{"Time":"2026-09-28T15:42:10.628635419Z","Action":"run","Package":"git.example.com/infra/openbao-sdk-go/internal/engine","Test":"FuzzPath/seed#1"}
{"Time":"2026-09-28T15:42:10.628638023Z","Action":"output","Package":"git.example.com/infra/openbao-sdk-go/internal/engine","Test":"FuzzPath/seed#1","Output":"=== RUN   FuzzPath/seed#1\n"}
{"Time":"2026-09-28T15:42:10.628731975Z","Action":"output","Package":"git.example.com/infra/openbao-sdk-go/internal/engine","Test":"FuzzPath/seed#1","Output":"--- PASS: FuzzPath/seed#1 (0.00s)\n"}
{"Time":"2026-09-28T15:42:10.628752867Z","Action":"pass","Package":"git.example.com/infra/openbao-sdk-go/internal/engine","Test":"FuzzPath/seed#1","Elapsed":0}
{"Time":"2026-09-28T15:42:10.628783234Z","Action":"run","Package":"git.example.com/infra/openbao-sdk-go/internal/engine","Test":"FuzzPath/seed#2"}
{"Time":"2026-09-28T15:42:10.628785872Z","Action":"output","Package":"git.example.com/infra/openbao-sdk-go/internal/engine","Test":"FuzzPath/seed#2","Output":"=== RUN   FuzzPath/seed#2\n"}
{"Time":"2026-09-28T15:42:10.628845623Z","Action":"output","Package":"git.example.com/infra/openbao-sdk-go/internal/engine","Test":"FuzzPath/seed#2","Output":"--- PASS: FuzzPath/seed#2 (0.00s)\n"}
{"Time":"2026-09-28T15:42:10.628870681Z","Action":"pass","Package":"git.example.com/infra/openbao-sdk-go/internal/engine","Test":"FuzzPath/seed#2","Elapsed":0}
{"Time":"2026-09-28T15:42:10.628897155Z","Action":"run","Package":"git.example.com/infra/openbao-sdk-go/internal/engine","Test":"FuzzPath/seed#3"}
{"Time":"2026-09-28T15:42:10.628899676Z","Action":"output","Package":"git.example.com/infra/openbao-sdk-go/internal/engine","Test":"FuzzPath/seed#3","Output":"=== RUN   FuzzPath/seed#3\n"}
{"Time":"2026-09-28T15:42:10.628955436Z","Action":"output","Package":"git.example.com/infra/openbao-sdk-go/internal/engine","Test":"FuzzPath/seed#3","Output":"--- PASS: FuzzPath/seed#3 (0.00s)\n"}
{"Time":"2026-09-28T15:42:10.62897489Z","Action":"pass","Package":"git.example.com/infra/openbao-sdk-go/internal/engine","Test":"FuzzPath/seed#3","Elapsed":0}
{"Time":"2026-09-28T15:42:10.629015938Z","Action":"output","Package":"git.example.com/infra/openbao-sdk-go/internal/engine","Test":"FuzzPath","Output":"--- PASS: FuzzPath (0.00s)\n"}
{"Time":"2026-09-28T15:42:10.629100234Z","Action":"pass","Package":"git.example.com/infra/openbao-sdk-go/internal/engine","Test":"FuzzPath","Elapsed":0}
{"Time":"2026-09-28T15:42:10.62910325Z","Action":"output","Package":"git.example.com/infra/openbao-sdk-go/internal/engine","Output":"PASS\n"}
{"Time":"2026-09-28T15:42:11.318517712Z","Action":"output","Package":"git.example.com/infra/openbao-sdk-go/internal/authn","Output":"ok  \tgit.example.com/infra/openbao-sdk-go/internal/authn\t1.029s\n"}
{"Time":"2026-09-28T15:42:11.318565984Z","Action":"pass","Package":"git.example.com/infra/openbao-sdk-go/internal/authn","Elapsed":1.029}
{"Time":"2026-09-28T15:42:11.321160082Z","Action":"output","Package":"git.example.com/infra/openbao-sdk-go/internal/jsondoc","Output":"ok  \tgit.example.com/infra/openbao-sdk-go/internal/jsondoc\t1.031s\n"}
{"Time":"2026-09-28T15:42:11.321253487Z","Action":"pass","Package":"git.example.com/infra/openbao-sdk-go/internal/jsondoc","Elapsed":1.031}
{"Time":"2026-09-28T15:42:11.37022527Z","Action":"output","Package":"git.example.com/infra/openbao-sdk-go/internal/pemutil","Output":"ok  \tgit.example.com/infra/openbao-sdk-go/internal/pemutil\t1.026s\n"}
{"Time":"2026-09-28T15:42:11.370272031Z","Action":"pass","Package":"git.example.com/infra/openbao-sdk-go/internal/pemutil","Elapsed":1.026}
{"Time":"2026-09-28T15:42:11.371786761Z","Action":"output","Package":"git.example.com/infra/openbao-sdk-go/internal/pkiutil","Output":"ok  \tgit.example.com/infra/openbao-sdk-go/internal/pkiutil\t1.082s\n"}
{"Time":"2026-09-28T15:42:11.371816642Z","Action":"pass","Package":"git.example.com/infra/openbao-sdk-go/internal/pkiutil","Elapsed":1.082}
{"Time":"2026-09-28T15:42:11.635131064Z","Action":"output","Package":"git.example.com/infra/openbao-sdk-go/internal/engine","Output":"ok  \tgit.example.com/infra/openbao-sdk-go/internal/engine\t1.348s\n"}
{"Time":"2026-09-28T15:42:11.63516217Z","Action":"pass","Package":"git.example.com/infra/openbao-sdk-go/internal/engine","Elapsed":1.3479999999999999}
{"Time":"2026-09-28T15:42:11.824720166Z","Action":"start","Package":"git.example.com/infra/openbao-sdk-go/internal/transitutil"}
{"Time":"2026-09-28T15:42:11.836422165Z","Action":"run","Package":"git.example.com/infra/openbao-sdk-go/internal/transitutil","Test":"TestStrictWrappedEncoding"}
{"Time":"2026-09-28T15:42:11.836454636Z","Action":"output","Package":"git.example.com/infra/openbao-sdk-go/internal/transitutil","Test":"TestStrictWrappedEncoding","Output":"=== RUN   TestStrictWrappedEncoding\n"}
{"Time":"2026-09-28T15:42:11.83667636Z","Action":"output","Package":"git.example.com/infra/openbao-sdk-go/internal/transitutil","Test":"TestStrictWrappedEncoding","Output":"--- PASS: TestStrictWrappedEncoding (0.00s)\n"}
{"Time":"2026-09-28T15:42:11.836683636Z","Action":"pass","Package":"git.example.com/infra/openbao-sdk-go/internal/transitutil","Test":"TestStrictWrappedEncoding","Elapsed":0}
{"Time":"2026-09-28T15:42:11.836690371Z","Action":"run","Package":"git.example.com/infra/openbao-sdk-go/internal/transitutil","Test":"TestPublicNormalizationAndSignatureProfiles"}
{"Time":"2026-09-28T15:42:11.836694635Z","Action":"output","Package":"git.example.com/infra/openbao-sdk-go/internal/transitutil","Test":"TestPublicNormalizationAndSignatureProfiles","Output":"=== RUN   TestPublicNormalizationAndSignatureProfiles\n"}
{"Time":"2026-09-28T15:42:11.956976817Z","Action":"output","Package":"git.example.com/infra/openbao-sdk-go/internal/transitutil","Test":"TestPublicNormalizationAndSignatureProfiles","Output":"--- PASS: TestPublicNormalizationAndSignatureProfiles (0.12s)\n"}
{"Time":"2026-09-28T15:42:11.957022211Z","Action":"pass","Package":"git.example.com/infra/openbao-sdk-go/internal/transitutil","Test":"TestPublicNormalizationAndSignatureProfiles","Elapsed":0.12}
{"Time":"2026-09-28T15:42:11.957033727Z","Action":"run","Package":"git.example.com/infra/openbao-sdk-go/internal/transitutil","Test":"TestPublicRejectsSkippedMalformedPEM"}
{"Time":"2026-09-28T15:42:11.957037719Z","Action":"output","Package":"git.example.com/infra/openbao-sdk-go/internal/transitutil","Test":"TestPublicRejectsSkippedMalformedPEM","Output":"=== RUN   TestPublicRejectsSkippedMalformedPEM\n"}
{"Time":"2026-09-28T15:42:11.957924487Z","Action":"output","Package":"git.example.com/infra/openbao-sdk-go/internal/transitutil","Test":"TestPublicRejectsSkippedMalformedPEM","Output":"--- PASS: TestPublicRejectsSkippedMalformedPEM (0.00s)\n"}
{"Time":"2026-09-28T15:42:11.957935708Z","Action":"pass","Package":"git.example.com/infra/openbao-sdk-go/internal/transitutil","Test":"TestPublicRejectsSkippedMalformedPEM","Elapsed":0}
{"Time":"2026-09-28T15:42:11.957944831Z","Action":"run","Package":"git.example.com/infra/openbao-sdk-go/internal/transitutil","Test":"FuzzEncoding"}
{"Time":"2026-09-28T15:42:11.957949793Z","Action":"output","Package":"git.example.com/infra/openbao-sdk-go/internal/transitutil","Test":"FuzzEncoding","Output":"=== RUN   FuzzEncoding\n"}
{"Time":"2026-09-28T15:42:11.95829758Z","Action":"run","Package":"git.example.com/infra/openbao-sdk-go/internal/transitutil","Test":"FuzzEncoding/seed#0"}
{"Time":"2026-09-28T15:42:11.958306288Z","Action":"output","Package":"git.example.com/infra/openbao-sdk-go/internal/transitutil","Test":"FuzzEncoding/seed#0","Output":"=== RUN   FuzzEncoding/seed#0\n"}
{"Time":"2026-09-28T15:42:11.958407063Z","Action":"output","Package":"git.example.com/infra/openbao-sdk-go/internal/transitutil","Test":"FuzzEncoding/seed#0","Output":"--- PASS: FuzzEncoding/seed#0 (0.00s)\n"}
{"Time":"2026-09-28T15:42:11.958412651Z","Action":"pass","Package":"git.example.com/infra/openbao-sdk-go/internal/transitutil","Test":"FuzzEncoding/seed#0","Elapsed":0}
{"Time":"2026-09-28T15:42:11.958440984Z","Action":"run","Package":"git.example.com/infra/openbao-sdk-go/internal/transitutil","Test":"FuzzEncoding/seed#1"}
{"Time":"2026-09-28T15:42:11.958444398Z","Action":"output","Package":"git.example.com/infra/openbao-sdk-go/internal/transitutil","Test":"FuzzEncoding/seed#1","Output":"=== RUN   FuzzEncoding/seed#1\n"}
{"Time":"2026-09-28T15:42:11.958491781Z","Action":"output","Package":"git.example.com/infra/openbao-sdk-go/internal/transitutil","Test":"FuzzEncoding/seed#1","Output":"--- PASS: FuzzEncoding/seed#1 (0.00s)\n"}
{"Time":"2026-09-28T15:42:11.958516795Z","Action":"pass","Package":"git.example.com/infra/openbao-sdk-go/internal/transitutil","Test":"FuzzEncoding/seed#1","Elapsed":0}
{"Time":"2026-09-28T15:42:11.958539708Z","Action":"run","Package":"git.example.com/infra/openbao-sdk-go/internal/transitutil","Test":"FuzzEncoding/seed#2"}
{"Time":"2026-09-28T15:42:11.958543251Z","Action":"output","Package":"git.example.com/infra/openbao-sdk-go/internal/transitutil","Test":"FuzzEncoding/seed#2","Output":"=== RUN   FuzzEncoding/seed#2\n"}
{"Time":"2026-09-28T15:42:11.958576748Z","Action":"output","Package":"git.example.com/infra/openbao-sdk-go/internal/transitutil","Test":"FuzzEncoding/seed#2","Output":"--- PASS: FuzzEncoding/seed#2 (0.00s)\n"}
{"Time":"2026-09-28T15:42:11.95858136Z","Action":"pass","Package":"git.example.com/infra/openbao-sdk-go/internal/transitutil","Test":"FuzzEncoding/seed#2","Elapsed":0}
{"Time":"2026-09-28T15:42:11.958606459Z","Action":"run","Package":"git.example.com/infra/openbao-sdk-go/internal/transitutil","Test":"FuzzEncoding/seed#3"}
{"Time":"2026-09-28T15:42:11.958609951Z","Action":"output","Package":"git.example.com/infra/openbao-sdk-go/internal/transitutil","Test":"FuzzEncoding/seed#3","Output":"=== RUN   FuzzEncoding/seed#3\n"}
{"Time":"2026-09-28T15:42:11.958735626Z","Action":"output","Package":"git.example.com/infra/openbao-sdk-go/internal/transitutil","Test":"FuzzEncoding/seed#3","Output":"--- PASS: FuzzEncoding/seed#3 (0.00s)\n"}
{"Time":"2026-09-28T15:42:11.958739956Z","Action":"pass","Package":"git.example.com/infra/openbao-sdk-go/internal/transitutil","Test":"FuzzEncoding/seed#3","Elapsed":0}
{"Time":"2026-09-28T15:42:11.958764865Z","Action":"output","Package":"git.example.com/infra/openbao-sdk-go/internal/transitutil","Test":"FuzzEncoding","Output":"--- PASS: FuzzEncoding (0.00s)\n"}
{"Time":"2026-09-28T15:42:11.958769588Z","Action":"pass","Package":"git.example.com/infra/openbao-sdk-go/internal/transitutil","Test":"FuzzEncoding","Elapsed":0}
{"Time":"2026-09-28T15:42:11.958791795Z","Action":"output","Package":"git.example.com/infra/openbao-sdk-go/internal/transitutil","Output":"PASS\n"}
{"Time":"2026-09-28T15:42:12.081080763Z","Action":"start","Package":"git.example.com/infra/openbao-sdk-go/internal/testenv"}
{"Time":"2026-09-28T15:42:12.081234582Z","Action":"start","Package":"git.example.com/infra/openbao-sdk-go/internal/testutil"}
{"Time":"2026-09-28T15:42:12.081278978Z","Action":"output","Package":"git.example.com/infra/openbao-sdk-go/internal/testutil","Output":"?   \tgit.example.com/infra/openbao-sdk-go/internal/testutil\t[no test files]\n"}
{"Time":"2026-09-28T15:42:12.081288418Z","Action":"skip","Package":"git.example.com/infra/openbao-sdk-go/internal/testutil","Elapsed":0}
{"Time":"2026-09-28T15:42:12.081313403Z","Action":"start","Package":"git.example.com/infra/openbao-sdk-go/examples/credentialworkflow"}
{"Time":"2026-09-28T15:42:12.093455236Z","Action":"run","Package":"git.example.com/infra/openbao-sdk-go/internal/testenv","Test":"TestBootstrapSchedulesDeletionWithoutRuntimeAdminPermission"}
{"Time":"2026-09-28T15:42:12.093482254Z","Action":"output","Package":"git.example.com/infra/openbao-sdk-go/internal/testenv","Test":"TestBootstrapSchedulesDeletionWithoutRuntimeAdminPermission","Output":"=== RUN   TestBootstrapSchedulesDeletionWithoutRuntimeAdminPermission\n"}
{"Time":"2026-09-28T15:42:12.095487072Z","Action":"run","Package":"git.example.com/infra/openbao-sdk-go/examples/credentialworkflow","Test":"TestCredentialWorkflowRecovery"}
{"Time":"2026-09-28T15:42:12.095506026Z","Action":"output","Package":"git.example.com/infra/openbao-sdk-go/examples/credentialworkflow","Test":"TestCredentialWorkflowRecovery","Output":"=== RUN   TestCredentialWorkflowRecovery\n"}
{"Time":"2026-09-28T15:42:12.095544562Z","Action":"output","Package":"git.example.com/infra/openbao-sdk-go/examples/credentialworkflow","Test":"TestCredentialWorkflowRecovery","Output":"--- PASS: TestCredentialWorkflowRecovery (0.00s)\n"}
{"Time":"2026-09-28T15:42:12.095827886Z","Action":"pass","Package":"git.example.com/infra/openbao-sdk-go/examples/credentialworkflow","Test":"TestCredentialWorkflowRecovery","Elapsed":0}
{"Time":"2026-09-28T15:42:12.09583602Z","Action":"run","Package":"git.example.com/infra/openbao-sdk-go/examples/credentialworkflow","Test":"TestCredentialWorkflowUnknownDoesNotReissue"}
{"Time":"2026-09-28T15:42:12.095838714Z","Action":"output","Package":"git.example.com/infra/openbao-sdk-go/examples/credentialworkflow","Test":"TestCredentialWorkflowUnknownDoesNotReissue","Output":"=== RUN   TestCredentialWorkflowUnknownDoesNotReissue\n"}
{"Time":"2026-09-28T15:42:12.095843657Z","Action":"output","Package":"git.example.com/infra/openbao-sdk-go/examples/credentialworkflow","Test":"TestCredentialWorkflowUnknownDoesNotReissue","Output":"--- PASS: TestCredentialWorkflowUnknownDoesNotReissue (0.00s)\n"}
{"Time":"2026-09-28T15:42:12.095846524Z","Action":"pass","Package":"git.example.com/infra/openbao-sdk-go/examples/credentialworkflow","Test":"TestCredentialWorkflowUnknownDoesNotReissue","Elapsed":0}
{"Time":"2026-09-28T15:42:12.095849539Z","Action":"run","Package":"git.example.com/infra/openbao-sdk-go/examples/credentialworkflow","Test":"TestCredentialWorkflowUnknownKVReconciles"}
{"Time":"2026-09-28T15:42:12.095851388Z","Action":"output","Package":"git.example.com/infra/openbao-sdk-go/examples/credentialworkflow","Test":"TestCredentialWorkflowUnknownKVReconciles","Output":"=== RUN   TestCredentialWorkflowUnknownKVReconciles\n"}
{"Time":"2026-09-28T15:42:12.095853645Z","Action":"output","Package":"git.example.com/infra/openbao-sdk-go/examples/credentialworkflow","Test":"TestCredentialWorkflowUnknownKVReconciles","Output":"--- PASS: TestCredentialWorkflowUnknownKVReconciles (0.00s)\n"}
{"Time":"2026-09-28T15:42:12.095870269Z","Action":"pass","Package":"git.example.com/infra/openbao-sdk-go/examples/credentialworkflow","Test":"TestCredentialWorkflowUnknownKVReconciles","Elapsed":0}
{"Time":"2026-09-28T15:42:12.095887113Z","Action":"run","Package":"git.example.com/infra/openbao-sdk-go/examples/credentialworkflow","Test":"TestCredentialWorkflowGenerationMismatch"}
{"Time":"2026-09-28T15:42:12.095889125Z","Action":"output","Package":"git.example.com/infra/openbao-sdk-go/examples/credentialworkflow","Test":"TestCredentialWorkflowGenerationMismatch","Output":"=== RUN   TestCredentialWorkflowGenerationMismatch\n"}
{"Time":"2026-09-28T15:42:12.09594033Z","Action":"output","Package":"git.example.com/infra/openbao-sdk-go/examples/credentialworkflow","Test":"TestCredentialWorkflowGenerationMismatch","Output":"--- PASS: TestCredentialWorkflowGenerationMismatch (0.00s)\n"}
{"Time":"2026-09-28T15:42:12.095968525Z","Action":"pass","Package":"git.example.com/infra/openbao-sdk-go/examples/credentialworkflow","Test":"TestCredentialWorkflowGenerationMismatch","Elapsed":0}
{"Time":"2026-09-28T15:42:12.096016175Z","Action":"run","Package":"git.example.com/infra/openbao-sdk-go/examples/credentialworkflow","Test":"TestRegistrationRequiresBothMaterials"}
{"Time":"2026-09-28T15:42:12.096019634Z","Action":"output","Package":"git.example.com/infra/openbao-sdk-go/examples/credentialworkflow","Test":"TestRegistrationRequiresBothMaterials","Output":"=== RUN   TestRegistrationRequiresBothMaterials\n"}
{"Time":"2026-09-28T15:42:12.096099556Z","Action":"output","Package":"git.example.com/infra/openbao-sdk-go/examples/credentialworkflow","Test":"TestRegistrationRequiresBothMaterials","Output":"--- PASS: TestRegistrationRequiresBothMaterials (0.00s)\n"}
{"Time":"2026-09-28T15:42:12.096151596Z","Action":"pass","Package":"git.example.com/infra/openbao-sdk-go/examples/credentialworkflow","Test":"TestRegistrationRequiresBothMaterials","Elapsed":0}
{"Time":"2026-09-28T15:42:12.096205876Z","Action":"run","Package":"git.example.com/infra/openbao-sdk-go/examples/credentialworkflow","Test":"TestCredentialWorkflowRejectsNilStored"}
{"Time":"2026-09-28T15:42:12.096209009Z","Action":"output","Package":"git.example.com/infra/openbao-sdk-go/examples/credentialworkflow","Test":"TestCredentialWorkflowRejectsNilStored","Output":"=== RUN   TestCredentialWorkflowRejectsNilStored\n"}
{"Time":"2026-09-28T15:42:12.096268286Z","Action":"output","Package":"git.example.com/infra/openbao-sdk-go/examples/credentialworkflow","Test":"TestCredentialWorkflowRejectsNilStored","Output":"--- PASS: TestCredentialWorkflowRejectsNilStored (0.00s)\n"}
{"Time":"2026-09-28T15:42:12.096316161Z","Action":"pass","Package":"git.example.com/infra/openbao-sdk-go/examples/credentialworkflow","Test":"TestCredentialWorkflowRejectsNilStored","Elapsed":0}
{"Time":"2026-09-28T15:42:12.096374493Z","Action":"output","Package":"git.example.com/infra/openbao-sdk-go/examples/credentialworkflow","Output":"PASS\n"}
{"Time":"2026-09-28T15:42:12.192009971Z","Action":"output","Package":"git.example.com/infra/openbao-sdk-go/internal/testenv","Test":"TestBootstrapSchedulesDeletionWithoutRuntimeAdminPermission","Output":"--- PASS: TestBootstrapSchedulesDeletionWithoutRuntimeAdminPermission (0.10s)\n"}
{"Time":"2026-09-28T15:42:12.192054651Z","Action":"pass","Package":"git.example.com/infra/openbao-sdk-go/internal/testenv","Test":"TestBootstrapSchedulesDeletionWithoutRuntimeAdminPermission","Elapsed":0.1}
{"Time":"2026-09-28T15:42:12.192065754Z","Action":"run","Package":"git.example.com/infra/openbao-sdk-go/internal/testenv","Test":"TestIntegrationOptionsFailClosed"}
{"Time":"2026-09-28T15:42:12.192073436Z","Action":"output","Package":"git.example.com/infra/openbao-sdk-go/internal/testenv","Test":"TestIntegrationOptionsFailClosed","Output":"=== RUN   TestIntegrationOptionsFailClosed\n"}
{"Time":"2026-09-28T15:42:12.192082223Z","Action":"output","Package":"git.example.com/infra/openbao-sdk-go/internal/testenv","Test":"TestIntegrationOptionsFailClosed","Output":"--- PASS: TestIntegrationOptionsFailClosed (0.00s)\n"}
{"Time":"2026-09-28T15:42:12.192086748Z","Action":"pass","Package":"git.example.com/infra/openbao-sdk-go/internal/testenv","Test":"TestIntegrationOptionsFailClosed","Elapsed":0}
{"Time":"2026-09-28T15:42:12.192097872Z","Action":"run","Package":"git.example.com/infra/openbao-sdk-go/internal/testenv","Test":"TestIntegrationBinaryDigest"}
{"Time":"2026-09-28T15:42:12.192101455Z","Action":"output","Package":"git.example.com/infra/openbao-sdk-go/internal/testenv","Test":"TestIntegrationBinaryDigest","Output":"=== RUN   TestIntegrationBinaryDigest\n"}
{"Time":"2026-09-28T15:42:12.192995547Z","Action":"output","Package":"git.example.com/infra/openbao-sdk-go/internal/testenv","Test":"TestIntegrationBinaryDigest","Output":"--- PASS: TestIntegrationBinaryDigest (0.00s)\n"}
{"Time":"2026-09-28T15:42:12.193006575Z","Action":"pass","Package":"git.example.com/infra/openbao-sdk-go/internal/testenv","Test":"TestIntegrationBinaryDigest","Elapsed":0}
{"Time":"2026-09-28T15:42:12.19301947Z","Action":"run","Package":"git.example.com/infra/openbao-sdk-go/internal/testenv","Test":"TestIntegrationPolicyIsolation"}
{"Time":"2026-09-28T15:42:12.193022512Z","Action":"output","Package":"git.example.com/infra/openbao-sdk-go/internal/testenv","Test":"TestIntegrationPolicyIsolation","Output":"=== RUN   TestIntegrationPolicyIsolation\n"}
{"Time":"2026-09-28T15:42:12.193126058Z","Action":"output","Package":"git.example.com/infra/openbao-sdk-go/internal/testenv","Test":"TestIntegrationPolicyIsolation","Output":"--- PASS: TestIntegrationPolicyIsolation (0.00s)\n"}
{"Time":"2026-09-28T15:42:12.193131108Z","Action":"pass","Package":"git.example.com/infra/openbao-sdk-go/internal/testenv","Test":"TestIntegrationPolicyIsolation","Elapsed":0}
{"Time":"2026-09-28T15:42:12.193134611Z","Action":"run","Package":"git.example.com/infra/openbao-sdk-go/internal/testenv","Test":"TestIntegrationEnvironmentInput"}
{"Time":"2026-09-28T15:42:12.193137421Z","Action":"output","Package":"git.example.com/infra/openbao-sdk-go/internal/testenv","Test":"TestIntegrationEnvironmentInput","Output":"=== RUN   TestIntegrationEnvironmentInput\n"}
{"Time":"2026-09-28T15:42:12.193279594Z","Action":"output","Package":"git.example.com/infra/openbao-sdk-go/internal/testenv","Test":"TestIntegrationEnvironmentInput","Output":"--- PASS: TestIntegrationEnvironmentInput (0.00s)\n"}
{"Time":"2026-09-28T15:42:12.193284574Z","Action":"pass","Package":"git.example.com/infra/openbao-sdk-go/internal/testenv","Test":"TestIntegrationEnvironmentInput","Elapsed":0}
{"Time":"2026-09-28T15:42:12.193290012Z","Action":"output","Package":"git.example.com/infra/openbao-sdk-go/internal/testenv","Output":"PASS\n"}
{"Time":"2026-09-28T15:42:12.960249525Z","Action":"output","Package":"git.example.com/infra/openbao-sdk-go/internal/transitutil","Output":"ok  \tgit.example.com/infra/openbao-sdk-go/internal/transitutil\t1.135s\n"}
{"Time":"2026-09-28T15:42:12.960293117Z","Action":"pass","Package":"git.example.com/infra/openbao-sdk-go/internal/transitutil","Elapsed":1.1360000000000001}
{"Time":"2026-09-28T15:42:13.097724995Z","Action":"output","Package":"git.example.com/infra/openbao-sdk-go/examples/credentialworkflow","Output":"ok  \tgit.example.com/infra/openbao-sdk-go/examples/credentialworkflow\t1.016s\n"}
{"Time":"2026-09-28T15:42:13.097771354Z","Action":"pass","Package":"git.example.com/infra/openbao-sdk-go/examples/credentialworkflow","Elapsed":1.016}
{"Time":"2026-09-28T15:42:13.197016238Z","Action":"output","Package":"git.example.com/infra/openbao-sdk-go/internal/testenv","Output":"ok  \tgit.example.com/infra/openbao-sdk-go/internal/testenv\t1.116s\n"}
{"Time":"2026-09-28T15:42:13.197060563Z","Action":"pass","Package":"git.example.com/infra/openbao-sdk-go/internal/testenv","Elapsed":1.116}
